{
"RECORDS":[
{
"sx_id":"1",
"sx_type":"1",
"sx_title":"动物防疫法",
"sx_subject":"《中华人民共和国动物防疫法》所指动物防疫不包括（2009真题上1）",
"sx_answera":"动物的检疫",
"sx_answerb":"动物疫病的控制",
"sx_answerc":"动物疫病的研究",
"sx_answerd":"动物疫病的预防",
"sx_answere":"动物产品的检疫",
"sx_answer":"C",
"sx_analyze":"<p>动物防疫是指动物疫病的预防、控制、扑灭和动物、动物产品的检疫。<img src=\"https://w1.hoopchina.com.cn/67/f7/e7/67f7e71492ce43e915ec96bacf722e84002.png\" /></p>",
"sx_all":"1",
"sx_wrong":"0"
},
{
"sx_id":"2",
"sx_type":"1",
"sx_title":"动物防疫法",
"sx_subject":"承担动物疫病监测的官方机构为（2009真题上2）",
"sx_answera":"卫生主管部门  ",
"sx_answerb":"兽医主管部门",
"sx_answerc":"动物卫生监督机构",
"sx_answerd":"动物疫病预防控制机构",
"sx_answere":"畜产品质量安全检测机构",
"sx_answer":"D",
"sx_analyze":"动物疫病预防控制机构承担动物疫病的监测、检测、诊断、流行病学调查、疫情报告以及其他预防、控制等技术工作。1",
"sx_all":"1",
"sx_wrong":"0"
},
{
"sx_id":"3",
"sx_type":"1",
"sx_title":"动物防疫法",
"sx_subject":"发生一类动物疫病时，应当采取的措施不包括（2009真题上3）",
"sx_answera":"对疫点进行严格消毒",
"sx_answerb":"扑杀疫区内所有动物",
"sx_answerc":"销毁被扑杀的染疫动物",
"sx_answerd":"划定疫点、疫区、受威胁区",
"sx_answere":"受威胁区易感染动物实施紧急免疫接种",
"sx_answer":"B",
"sx_analyze":"一类动物疫病的控制和扑灭措施：划定疫点、疫区和受威胁区，调查疫源；发布封锁令实施封锁；控制、扑灭措施：扑杀并销毁染疫和疑似染疫动物及其同群动物，销毁染疫和疑似染疫的动物产品。对其他易感染动物实行圈养或在指定地点放养，役用动物限制在疫区内使役。对易感染动物进行监测，并按照规定实施紧急免疫接种，必要时对易感染动物进行扑杀。对动物圈舍、排泄物、垫料、污水、场地等进行消毒和无害化处理；封锁期间，关闭动物和动物产品交易市场，禁止染疫、疑似染疫和易感染动物、动物产品流出疫区，禁止非疫区的易感染动物进入疫区，对出入疫区的人员、运输工具等采取消毒措施。",
"sx_all":"1",
"sx_wrong":"0"
},
{
"sx_id":"4",
"sx_type":"1",
"sx_title":"动物防疫法",
"sx_subject":"《中华人民共和国动物防疫法》调整的动物疫病不包括（2010真题上1）",
"sx_answera":"禽霍乱",
"sx_answerb":"白肌病",
"sx_answerc":"鸡白痢",
"sx_answerd":"禽结核病",
"sx_answere":"鸡新城疫",
"sx_answer":"B",
"sx_analyze":"动物疫病是指动物传染病、寄生虫病。白肌病是幼畜的一种以骨骼肌、心肌纤维以及肝组织发生变性、坏死为主要特征的疾病，因病变部位肌肉色淡甚至苍白而得名。据目前的研究资料及防治效果来看，硒和维生素E的缺乏为主要原因，不属于疫病。",
"sx_all":"1",
"sx_wrong":"0"
},
{
"sx_id":"5",
"sx_type":"1",
"sx_title":"动物防疫法",
"sx_subject":"目前我国农业部确定实施强制免疫的动物疫病不包括（2010真题上2）",
"sx_answera":"猪瘟",
"sx_answerb":"口蹄疫",
"sx_answerc":"奶牛结核病",
"sx_answerd":"高致病性禽流感",
"sx_answere":"高致病性猪蓝耳病",
"sx_answer":"C",
"sx_analyze":"根据《中华人民共和国动物防疫法》和农业部有关规定，我国对所有家禽实施高致病性禽流感强制免疫，对所有猪、牛、羊等实施口蹄疫强制免疫，对所有猪实施高致病性猪蓝耳病（猪繁殖与呼吸障碍综合征）和猪瘟强制免疫，对受威胁边境地区等区域内的所有羊实施小反刍兽疫强制免疫。",
"sx_all":"1",
"sx_wrong":"0"
},
{
"sx_id":"6",
"sx_type":"1",
"sx_title":"动物防疫法",
"sx_subject":"动物诊疗活动中的防疫要求不包括（2010真题上3）",
"sx_answera":"做好消毒",
"sx_answerb":"做好隔离",
"sx_answerc":"做好卫生安全防护",
"sx_answerd":"做好动物福利工作",
"sx_answere":"做好诊疗废弃物处置",
"sx_answer":"D",
"sx_analyze":"动物诊疗活动中的防疫要求包括做好卫生安全防护、消毒、隔离和诊疗废弃物处置等工作。",
"sx_all":"1",
"sx_wrong":"0"
},
{
"sx_id":"7",
"sx_type":"1",
"sx_title":"动物防疫法",
"sx_subject":"动物疫情的认定主体是（2010真题上4）",
"sx_answera":"人民政府",
"sx_answerb":"兽医主管部门",
"sx_answerc":"动物诊疗机构",
"sx_answerd":"动物卫生监督机构",
"sx_answere":"动物疫病预防控制机构",
"sx_answer":"B",
"sx_analyze":"动物疫情由县级以上人民政府兽医主管部门认定，其中重大动物疫情由省、自治区、直辖市人民政府兽医主管部门认定，必要时报国务院兽医主管部门认定。",
"sx_all":"1",
"sx_wrong":"0"
},
{
"sx_id":"8",
"sx_type":"1",
"sx_title":"动物防疫法",
"sx_subject":"不属于《中华人民共和国动物防疫法》规定管理的动物疫病是（2012真题上1;",
"sx_answera":"马立克氏病",
"sx_answerb":"禽白血病",
"sx_answerc":"肉鸡腹水综合症",
"sx_answerd":"产蛋下降综合症",
"sx_answere":"低致病性禽流感",
"sx_answer":"C",
"sx_analyze":"动物疫病指动物传染病、寄生虫病。肉鸡腹水综合征是由于生长过快的禽类在多种因素作用下出现相对性缺氧，导致血液粘稠、血容量增加、组织细胞损伤及肺动脉高压，以及腹腔积液和心脏衰竭为特征的疾病，不是疫病。",
"sx_all":"1",
"sx_wrong":"0"
},
{
"sx_id":"9",
"sx_type":"1",
"sx_title":"动物防疫法",
"sx_subject":"目前国务院兽医主管部门确定实施强制免疫的动物疫病病种不包括（2012真题上2）",
"sx_answera":"口蹄疫",
"sx_answerb":"猪瘟",
"sx_answerc":"奶牛结核病",
"sx_answerd":"高致病性猪蓝耳病",
"sx_answere":"高致病性禽流感",
"sx_answer":"C",
"sx_analyze":"根据《中华人民共和国动物防疫法》和农业部有关规定，我国对所有家禽实施高致病性禽流感强制免疫，对所有猪、牛、羊等实施口蹄疫强制免疫，对所有猪实施高致病性猪蓝耳病（猪繁殖与呼吸障碍综合征）和猪瘟强制免疫，对受威胁边境地区等区域内的所有羊实施小反刍兽疫强制免疫。",
"sx_all":"1",
"sx_wrong":"0"
},
{
"sx_id":"10",
"sx_type":"1",
"sx_title":"动物防疫法",
"sx_subject":"《中华人民共和国动物防疫法》规定的动物疫情报告法律制度的内容不包括（2012真题上3）",
"sx_answera":"报告时机",
"sx_answerb":"报告的义务主体",
"sx_answerc":"接受报告的主体",
"sx_answerd":"报告时采取的控制措施",
"sx_answere":"兽医主管部门与同级卫生主管部门之间的相互通报",
"sx_answer":"E",
"sx_analyze":"（1）动物疫情报告的义务主体：从事动物疫情监测、检验检疫、疫病研究与诊疗以及动物饲养、屠宰、经营、隔离等活动的单位和个人等，发现动物染疫或疑似染疫的，应立即向当地兽医主管部门、动物卫生监督机构或动物疫病预防控制机构报告，并采取隔离等措施。\n<br>动物疫情由县级以上人民政府兽医主管部门认定，其中重大动物疫情由省、自治区、直辖市人民政府兽医主管部门认定，必要时报国务院兽医主管部门认定。\n<br>（2）接受动物疫情报告的主体。\n<br>（3）动物疫情的认定主体。",
"sx_all":"1",
"sx_wrong":"0"
},
{
"sx_id":"11",
"sx_type":"1",
"sx_title":"动物防疫法",
"sx_subject":"根据《中华人民共和国动物防疫法》，给予执业兽医暂停六个月以上一年以下动物诊疗活动行政处罚的违法行为不包括（2012真题上6）",
"sx_answera":"不履行动物疫情报告的义务的",
"sx_answerb":"使用不符合国家规定的兽药的",
"sx_answerc":"使用不符合国家规定的医疗器械的",
"sx_answerd":"不按要求参加动物疫病预防、控制和扑灭活动的",
"sx_answere":"违反有关动物诊疗的操作技术规范，可造成动物疫病传播的",
"sx_answer":"A",
"sx_analyze":"执业兽医有下列行为之一的，给予暂停6个月以上1年以下的动物诊疗、活动的行政处罚：违反有关动物诊疗的操作技术规范，造成或者可能造成动物疫病传播、流行的；使用不符合国家规定的兽药和兽医器械的；不按照当地人民政府或兽医主管部门要求参加动物疫病预防、控制和扑灭活动的。",
"sx_all":"1",
"sx_wrong":"0"
},
{
"sx_id":"12",
"sx_type":"1",
"sx_title":"动物防疫法",
"sx_subject":"发布疫区封锁令的主体是（2013真题上2）",
"sx_answera":"县级以上地方人民政府",
"sx_answerb":"县兽医主管部门",
"sx_answerc":"镇卫生主管部门",
"sx_answerd":"县动物疫病预防控制机构",
"sx_answere":"镇动物卫生监督机构",
"sx_answer":"A",
"sx_analyze":"当地县级以上人民政府接到兽医主管部门的报告后，应当发布封锁令对疫区实行封锁。",
"sx_all":"1",
"sx_wrong":"0"
},
{
"sx_id":"13",
"sx_type":"1",
"sx_title":"动物防疫法",
"sx_subject":"动物诊疗过程中的防疫要求不包括（2013真题上3）",
"sx_answera":"做好卫生安全防护",
"sx_answerb":"做好消毒",
"sx_answerc":"做好隔离",
"sx_answerd":"做好诊疗废弃物的处置",
"sx_answere":"做好动物福利",
"sx_answer":"E",
"sx_analyze":"动物诊疗活动中的防疫要求包括做好卫生安全防护、消毒、隔离和诊疗废弃物处置等工作。",
"sx_all":"1",
"sx_wrong":"0"
},
{
"sx_id":"14",
"sx_type":"1",
"sx_title":"动物防疫条件审查",
"sx_subject":"不需要申请取得《动物防疫条件合格证》的场所是（2009真题上4）",
"sx_answera":"动物饲养场",
"sx_answerb":"动物隔离场所",
"sx_answerc":"动物交易场所",
"sx_answerd":"动物屠宰场所",
"sx_answere":"动物无害化处理场所",
"sx_answer":"C",
"sx_analyze":"经营动物、动物产品的集贸市场不需要取得《动物防疫条件合格证》，但应当具备国务院兽医主管部门规定的动物防疫条件，并接受动物卫生监督机构的监督检查。",
"sx_all":"1",
"sx_wrong":"0"
},
{
"sx_id":"15",
"sx_type":"1",
"sx_title":"动物防疫条件审查",
"sx_subject":"《动物防疫条件审查办法》规定动物饲养场之间的距离应不少于（2010真题上5）",
"sx_answera":"200m",
"sx_answerb":"500m",
"sx_answerc":"1000m",
"sx_answerd":"1500m",
"sx_answere":"2000m",
"sx_answer":"B",
"sx_analyze":"《动物防疫条件审查办法》规定动物饲养场之间的距离应不少于500&nbsp;m。",
"sx_all":"1",
"sx_wrong":"0"
},
{
"sx_id":"16",
"sx_type":"1",
"sx_title":"动物防疫条件审查",
"sx_subject":"根据《动物防疫条件审查办法》，不符合饲养场防疫条件的是",
"sx_answera":"厂区入口处设置消毒池",
"sx_answerb":"生产区内养殖栋舍间距为3米",
"sx_answerc":"配备动物无害化处理设施设备",
"sx_answerd":"生产区内分设清洁道和污染道 ",
"sx_answere":"设置相对独立的引入动物隔离舍",
"sx_answer":"B",
"sx_analyze":"饲养场的布局：厂区入口处设置消毒池；生产区内分设清洁道和污染道；生产区内养殖栋舍间距为在5米以上或有隔离设施。\n<br>饲养场的设施设备：有与生产规模相适应的无害化处理、污水污物处理设施设备；设置相对独立的引入动物隔离舍和患病动物隔离舍。",
"sx_all":"1",
"sx_wrong":"0"
},
{
"sx_id":"17",
"sx_type":"1",
"sx_title":"动物防疫条件审查",
"sx_subject":"颁发《动物防疫条件合格证》的主体是",
"sx_answera":"工商行政管理部门 ",
"sx_answerb":"环境保护主管部门",
"sx_answerc":"兽医主管部门 ",
"sx_answerd":"动物卫生监督机构",
"sx_answere":"动物疫病预防控制机构",
"sx_answer":"C",
"sx_analyze":"县级地方人民政府兽医主管部门应当自收到申请之日起20个工作日内完成材料和现场审查，审查合格的，颁发《动物防疫条件合格证》。",
"sx_all":"1",
"sx_wrong":"0"
},
{
"sx_id":"18",
"sx_type":"1",
"sx_title":"动物防疫条件审查",
"sx_subject":"专门经营动物的集贸市场入口处的消毒池最短长度为",
"sx_answera":"2米 ",
"sx_answerb":"2.5米",
"sx_answerc":"3米 ",
"sx_answerd":"3.5米 ",
"sx_answere":"4米",
"sx_answer":"E",
"sx_analyze":"专门经营动物的集贸市场出入口处设置与门同宽，长4m、深0.3m以上的消毒池。",
"sx_all":"1",
"sx_wrong":"0"
},
{
"sx_id":"19",
"sx_type":"1",
"sx_title":"动物防疫条件审查",
"sx_subject":"取得《动物防疫条件合格证》的饲养场，必须重新申请办理《动物防疫条件合格证》的是",
"sx_answera":"变更地址 ",
"sx_answerb":"变更布局",
"sx_answerc":"变更单位名称  ",
"sx_answerd":"变更单位负责人",
"sx_answere":"变更设备和制度",
"sx_answer":"A",
"sx_analyze":"变更场址或经营范围的，必须重新办理《动物防疫条件合格证》；变更布局、设施设备和制度，可能引起动物防疫条件变化的，应当提前30天向原发证机关报告；变更单位名称或负责人的，应在变更后15天内持有效证明申请变更《动物防疫条件合格证》；停业的，应于停业后30天内《动物防疫条件合格证》交回原发证机关注销。\n<br>",
"sx_all":"1",
"sx_wrong":"0"
},
{
"sx_id":"20",
"sx_type":"1",
"sx_title":"动物检疫管理",
"sx_subject":"李某拟从甲省A县引进20头种猪到乙省B县饲养，负责审批的机构是",
"sx_answera":"国务院兽医主管部门 ",
"sx_answerb":"甲省动物卫生监督机构",
"sx_answerc":"乙省动物卫生监督机构  ",
"sx_answerd":"甲省A县动物卫生监督机构",
"sx_answere":"乙省B县动物卫生监督机构",
"sx_answer":"C",
"sx_analyze":"跨省、自治区、直辖市引进乳用、种用动物及其精液、胚胎、种蛋的，货主应当向输入地省、自治区、直辖市动物卫生监督机构申请办理审批手续。",
"sx_all":"1",
"sx_wrong":"0"
},
{
"sx_id":"21",
"sx_type":"1",
"sx_title":"动物检疫管理",
"sx_subject":"我国禁止进境的与动物防疫相关之物是",
"sx_answera":"种猪",
"sx_answerb":"山羊胚胎",
"sx_answerc":"祖代种鸡",
"sx_answerd":"奶牛精液",
"sx_answere":"正流行牛海绵状脑病国家的奶牛",
"sx_answer":"E",
"sx_analyze":"国家禁止下列各物进境：动植物疫情流行的国家和地区的有关动植物、动植物产品和其他检疫物。此条款中表明我国禁止入境的与动物防疫相关之物是正流行牛海绵状脑病国家的奶牛。",
"sx_all":"1",
"sx_wrong":"0"
},
{
"sx_id":"22",
"sx_type":"1",
"sx_title":"动物检疫管理",
"sx_subject":"输入到无规定动物疫病区的动物，应当在输入地省级动物卫生监督机构指定的隔离场所进行隔离检疫。大中型动物的隔离检疫期为",
"sx_answera":"14 天",
"sx_answerb":"21 天  ",
"sx_answerc":"28 天  ",
"sx_answerd":"35 天",
"sx_answere":"45 天 ",
"sx_answer":"E",
"sx_analyze":"输入到无规定动物疫病区的动物，应当在输入地省级动物卫生监督机构指定的隔离场所进行隔离检疫。大中型动物的隔离检疫期为45天，小型动物的隔离检疫期为30天。",
"sx_all":"1",
"sx_wrong":"0"
},
{
"sx_id":"23",
"sx_type":"1",
"sx_title":"动物检疫管理",
"sx_subject":"根据《中华人民共和国动物防疫法》，运载动物的车辆进行清洗、消毒的情形是",
"sx_answera":"运输途中",
"sx_answerb":"起运前 ",
"sx_answerc":"卸载前 ",
"sx_answerd":"装载前 ",
"sx_answere":"进入屠宰场前",
"sx_answer":"D",
"sx_analyze":"运载工具在装载前和卸载后应当及时清洗、消毒。",
"sx_all":"1",
"sx_wrong":"0"
},
{
"sx_id":"24",
"sx_type":"1",
"sx_title":"动物检疫管理",
"sx_subject":"《动物检疫管理办法》规定，出售种用动物申报检疫的时限是离开产地前",
"sx_answera":"3 天  ",
"sx_answerb":"5 天 ",
"sx_answerc":"7 天  ",
"sx_answerd":"10 天",
"sx_answere":"15 天 ",
"sx_answer":"E",
"sx_analyze":"《动物检疫管理办法》规定，出售、运输乳用、种用动物及其精液、卵、胚胎、种蛋，以及参加展览、演出和比赛的动物，应当提前15天申报检疫。",
"sx_all":"1",
"sx_wrong":"0"
},
{
"sx_id":"25",
"sx_type":"1",
"sx_title":"动物检疫管理",
"sx_subject":"跨省引进的种兔到达输入地后，隔离期为",
"sx_answera":"5 天",
"sx_answerb":"10 天  ",
"sx_answerc":"15 天",
"sx_answerd":"30 天  ",
"sx_answere":"45 天",
"sx_answer":"D",
"sx_analyze":"跨省引进的乳用、种用动物到达输入地后，应当在隔离场或饲养场（养殖小区）内的隔离舍进行隔离观察，大中型动物的隔离期为45天，小型动物隔离期为30天。",
"sx_all":"1",
"sx_wrong":"0"
},
{
"sx_id":"26",
"sx_type":"1",
"sx_title":"动物检疫管理",
"sx_subject":"跨省引进的种用动物到达输入地后，应当在隔离场或饲养场（养殖小区）内的隔离舍进行隔离观察，大中型动物的隔离期为",
"sx_answera":"14天 ",
"sx_answerb":"28天 ",
"sx_answerc":"30天   ",
"sx_answerd":"35天  ",
"sx_answere":"45天",
"sx_answer":"E",
"sx_analyze":"跨省引进的乳用、种用动物到达输入地后，应当在隔离场或饲养场（养殖小区）内的隔离舍进行隔离观察，大中型动物的隔离期为45天，小型动物隔离期为30天。",
"sx_all":"1",
"sx_wrong":"0"
},
{
"sx_id":"27",
"sx_type":"1",
"sx_title":"执业兽医及诊疗机构管理",
"sx_subject":"执业兽医可以同时在两个动物诊疗机构间执业的情形不包括",
"sx_answera":"急救 ",
"sx_answerb":"会诊",
"sx_answerc":"支援 ",
"sx_answerd":"应邀出诊 ",
"sx_answere":"同时受聘于两个动物诊疗机构",
"sx_answer":"E",
"sx_analyze":"执业兽医不得同时在两个或两个以上动物诊疗机构执业，但动物诊疗机构间的会诊、支援、应邀出诊、急救除外。&nbsp;",
"sx_all":"1",
"sx_wrong":"0"
},
{
"sx_id":"28",
"sx_type":"1",
"sx_title":"执业兽医及诊疗机构管理",
"sx_subject":"动物诊疗机构向发证机关报告其上年度动物诊疗活动情况的时限是每年的",
"sx_answera":"1月底前",
"sx_answerb":"3月底前  ",
"sx_answerc":"6月底前   ",
"sx_answerd":"9月底前  ",
"sx_answere":"7．12月底前",
"sx_answer":"B",
"sx_analyze":"动物诊疗机构向发证机关报告其上年度动物诊疗活动情况的时限是每年的3月底前。",
"sx_all":"1",
"sx_wrong":"0"
},
{
"sx_id":"29",
"sx_type":"1",
"sx_title":"执业兽医及诊疗机构管理",
"sx_subject":"执业助理兽医师的执业权限为",
"sx_answera":"在动物诊疗活动中开具处方  ",
"sx_answerb":"在动物诊疗活动中填写诊断书",
"sx_answerc":"在动物诊疗活动中开具检疫证明",
"sx_answerd":"出具与动物诊疗活动有关的证明文件",
"sx_answere":"在执业兽医师指导下协助开展兽医活动",
"sx_answer":"E",
"sx_analyze":"执业助理兽医师的执业权限为在执业兽医师指导下协助开展兽医执业活动，但不得开具处方、填写诊断书、出具有关证明文件。",
"sx_all":"1",
"sx_wrong":"0"
},
{
"sx_id":"30",
"sx_type":"1",
"sx_title":"执业兽医及诊疗机构管理",
"sx_subject":"动物诊疗机构发生哪项行为并拒不改正的，发证机关有权收回、注销动物诊疗许可证",
"sx_answera":"连续停业一个月   ",
"sx_answerb":"连续停业三个月",
"sx_answerc":"连续停业半年",
"sx_answerd":"连续停业一年",
"sx_answere":"连续停业二年",
"sx_answer":"E",
"sx_analyze":"动物诊疗机构连续停业两年以上或连续两年未向发证机关报告动物诊疗活动情况，拒不改正的，发证机关有权收回、注销动物诊疗许可证。",
"sx_all":"1",
"sx_wrong":"0"
},
{
"sx_id":"31",
"sx_type":"1",
"sx_title":"执业兽医及诊疗机构管理",
"sx_subject":"执业兽医在执业活动中应当履行的义务不包括",
"sx_answera":"对染疫动物采取扑杀措施  ",
"sx_answerb":"遵守职业道德，履行兽医职责",
"sx_answerc":"遵守法律、法规、规章和有关管理规定 ",
"sx_answerd":"爱护动物，宣传动物保健知识",
"sx_answere":"按照技术操作规范从事动物诊疗和动物诊疗辅助活动",
"sx_answer":"A",
"sx_analyze":"执业兽医在执业活动中应当履行的义务包括：遵守法律、法规、规章和有关管理规定；按照技术操作规范从事动物诊疗和动物诊疗辅助活动；遵守职业道德，履行兽医职责；爱护动物，宣传动物保健知识和动物福利",
"sx_all":"1",
"sx_wrong":"0"
},
{
"sx_id":"32",
"sx_type":"1",
"sx_title":"执业兽医及诊疗机构管理",
"sx_subject":"《执业兽医管理办法》调整的对象是",
"sx_answera":"执业兽医   ",
"sx_answerb":"兽医技术员",
"sx_answerc":"初级职称兽医  ",
"sx_answerd":"中级职称兽医 ",
"sx_answere":"高级职称兽医 ",
"sx_answer":"A",
"sx_analyze":"《执业兽医管理办法》的调整对象是执业兽医，包括执业兽医师和执业助理兽医师。",
"sx_all":"1",
"sx_wrong":"0"
},
{
"sx_id":"33",
"sx_type":"1",
"sx_title":"执业兽医及诊疗机构管理",
"sx_subject":"负责执业兽医监督执法工作的是",
"sx_answera":"兽医协会 ",
"sx_answerb":"兽医主管部门 ",
"sx_answerc":"人事行政部门   ",
"sx_answerd":"动物卫生监督机构 ",
"sx_answere":"动物疫病预防控制机构 ",
"sx_answer":"D",
"sx_analyze":"县级以上地方人民政府设立的动物卫生监督机构负责执业兽医的监督执法工作。",
"sx_all":"1",
"sx_wrong":"0"
},
{
"sx_id":"34",
"sx_type":"1",
"sx_title":"执业兽医及诊疗机构管理",
"sx_subject":"《动物诊疗机构管理办法》所称的动物诊疗活动不包括",
"sx_answera":"动物人工授精  ",
"sx_answerb":"动物绝育手术 ",
"sx_answerc":"动物疾病的预防    ",
"sx_answerd":"动物疾病的诊断 ",
"sx_answere":"动物疾病的治疗 ",
"sx_answer":"A",
"sx_analyze":"动物诊疗指动物疾病的预防、诊断、治疗和动物绝育手术等经营性活动。",
"sx_all":"1",
"sx_wrong":"0"
},
{
"sx_id":"35",
"sx_type":"1",
"sx_title":"执业兽医及诊疗机构管理",
"sx_subject":"申请《动物诊疗许可证》的条件不包括",
"sx_answera":"有完善的管理制度 ",
"sx_answerb":" 有与动物诊疗活动相适应的资金 ",
"sx_answerc":"有与动物诊疗活动相适应的执业兽医 ",
"sx_answerd":"有与动物诊疗活动相适应的兽医器械和设备",
"sx_answere":"有与动物诊疗活动相适应并符合动物防疫条件的场所",
"sx_answer":"B",
"sx_analyze":"申请《动物诊疗许可证》的条件包括有完善的管理制度，有与动物诊疗活动相适应的执业兽医、兽医器械和设备，有与动物诊疗活动相适应并符合动物防疫条件的场所。",
"sx_all":"1",
"sx_wrong":"0"
},
{
"sx_id":"36",
"sx_type":"1",
"sx_title":"执业兽医及诊疗机构管理",
"sx_subject":"可以发放兽医师执业证书的情形是",
"sx_answera":"患有布鲁氏菌病的   ",
"sx_answerb":"间歇性精神病人",
"sx_answerc":"受过刑事处罚的",
"sx_answerd":"患有狂犬病的",
"sx_answere":"被吊销兽医师执业证书不满两年的 ",
"sx_answer":"C",
"sx_analyze":"有下列情形之一的，不予发放兽医师执业证书或助理兽医师执业证书：不具有完全民事行为能力的（完全民事行为能力是指可完全独立地进行民事活动，通过自己的行为取得民事权利和承担民事义务的资格。完全性精神病人属于无民事行为能力人，间歇性精神病人属于限制限制民事行为能力人，以上两种情况都不可以取得兽医执业证书）；被吊销兽医师执业证书或助理兽医师执业证书不满两年的；患有国家规定不得从事动物诊疗活动的人畜共患病的。\n",
"sx_all":"1",
"sx_wrong":"0"
},
{
"sx_id":"37",
"sx_type":"1",
"sx_title":"执业兽医及诊疗机构管理",
"sx_subject":"接受执业兽医上年度执业活动情况报告的主体是",
"sx_answera":"省级人民政府兽医主管部门",
"sx_answerb":"省动物疫病预防控制机构",
"sx_answerc":"省动物卫生监督机构 ",
"sx_answerd":"县级人民政府兽医主管部门",
"sx_answere":"县动物卫生监督机构 ",
"sx_answer":"D",
"sx_analyze":"执业兽医应当于每年3月底前将上年度兽医执业活动情况向注册机关县（市辖区）级人民政府兽医主管部门报告。",
"sx_all":"1",
"sx_wrong":"0"
},
{
"sx_id":"38",
"sx_type":"1",
"sx_title":"执业兽医及诊疗机构管理",
"sx_subject":"根据《执业兽医管理办法》，可以参加执业兽医资格考试的人员不包括",
"sx_answera":"具有兽医专业大学专科以上学历的",
"sx_answerb":"具有畜牧兽医专业大学专科以上学历的",
"sx_answerc":"具有中兽医(民族兽医)专业大学专科以上学历的   ",
"sx_answerd":"具有水产养殖专业大学专科及以上学历的",
"sx_answere":"具有临床医学专业大学专科以上学历的",
"sx_answer":"E",
"sx_analyze":"根据《执业兽医管理办法》具有兽医、畜牧兽医、中兽医(民族兽医)、水产养殖专业大学专科及以上学历的人员可以参加执业兽医资格考试。",
"sx_all":"1",
"sx_wrong":"0"
},
{
"sx_id":"39",
"sx_type":"1",
"sx_title":"执业兽医及诊疗机构管理",
"sx_subject":"执业兽医师的职业权限不包括",
"sx_answera":"从事动物疫病的诊断、治疗 ",
"sx_answerb":"在动物诊疗活动中开具处方",
"sx_answerc":"在动物诊疗活动中填写诊断书   ",
"sx_answerd":"在动物诊疗活动中出具检疫证明",
"sx_answere":"出具与动物诊疗活动有关的证明文件",
"sx_answer":"D",
"sx_analyze":"执业兽医师的职业权限包括从事动物疾病的预防、诊断、治疗和开具处方、填写诊断书出具有关证明文件等。",
"sx_all":"1",
"sx_wrong":"0"
},
{
"sx_id":"40",
"sx_type":"1",
"sx_title":"执业兽医及诊疗机构管理",
"sx_subject":"从事颅腔、胸腔、腹腔手术的动物诊疗机构，其执业兽医师的法定最低数量是",
"sx_answera":"1名",
"sx_answerb":"2名 ",
"sx_answerc":"3名",
"sx_answerd":"5名",
"sx_answere":"7名",
"sx_answer":"C",
"sx_analyze":"从事动物颅腔、胸腔、腹腔手术的动物诊疗机构，除具备一般条件外，还应具备手术台、X光机或B超等器械，有3名以上取得执业兽医师资格证书的人员。",
"sx_all":"1",
"sx_wrong":"0"
},
{
"sx_id":"41",
"sx_type":"1",
"sx_title":"执业兽医及诊疗机构管理",
"sx_subject":"不符合动物诊疗活动行为规范的是",
"sx_answera":"在诊疗场所显著位置悬挂动物诊疗许可证 ",
"sx_answerb":"在诊疗场所显著位置公示从业人员基本情况",
"sx_answerc":"使用空白纸张做处方笺 ",
"sx_answerd":"按规定使用兽药",
"sx_answere":"按规定处理动物病理组织",
"sx_answer":"C",
"sx_analyze":"动物诊疗活动管理包括：在诊疗场所显著位置悬挂动物诊疗许可证，并公示从业人员基本情况；按规定使用兽药，不得使用假劣兽药；应当使用规范的病历、处方笺；按规定处理动物病理组织等。",
"sx_all":"1",
"sx_wrong":"0"
},
{
"sx_id":"42",
"sx_type":"1",
"sx_title":"动物疫病防控法律制度",
"sx_subject":"属于《一、二、三类动物疫病病种名录》中规定的一类动物疫病是",
"sx_answera":"野兔热",
"sx_answerb":"弓形虫病",
"sx_answerc":"小反刍兽疫 ",
"sx_answerd":"猪链球菌病",
"sx_answere":"马传染性贫血",
"sx_answer":"C",
"sx_analyze":"一类动物疫病共17种，包括口蹄疫、猪水疱病、猪瘟、非洲猪瘟、高致病性猪蓝耳病，非洲马瘟，牛瘟、牛传染性胸膜肺炎，牛海绵状脑病，痒病，蓝舌病，小反刍兽疫，绵羊痘和山羊痘，高致病性禽流感，新城疫，鲤春病毒血症，白斑综合征。",
"sx_all":"1",
"sx_wrong":"0"
},
{
"sx_id":"43",
"sx_type":"1",
"sx_title":"动物疫病防控法律制度",
"sx_subject":"《重大动物疫情应急条例》规定的重大动物疫情应急工作应当坚持的方针不包括",
"sx_answera":"群防群控  ",
"sx_answerb":"强制免疫",
"sx_answerc":"果断处置 ",
"sx_answerd":"加强领导、密切配合 ",
"sx_answere":"依靠科学、依法防治 ",
"sx_answer":"B",
"sx_analyze":"重大动物疫情应急工作应当坚持的指导方针：加强领导、密切配合、依靠科学、依法防治、群防群控、果断处置。",
"sx_all":"1",
"sx_wrong":"0"
},
{
"sx_id":"44",
"sx_type":"1",
"sx_title":"动物疫病防控法律制度",
"sx_subject":"我国将突发重大动物疫情划分为",
"sx_answera":"二级 ",
"sx_answerb":"三级  ",
"sx_answerc":"四级",
"sx_answerd":"五级",
"sx_answere":"六级 ",
"sx_answer":"C",
"sx_analyze":"国家通常将重大动物疫情划分为特别重大（Ⅰ级）、重大（Ⅱ级）、较大（Ⅲ级）和一般（Ⅳ）四级。",
"sx_all":"1",
"sx_wrong":"0"
},
{
"sx_id":"45",
"sx_type":"1",
"sx_title":"动物疫病防控法律制度",
"sx_subject":"猪病中属于农业部发布的《一、二、三类动物疫病病种名录》规定的一类动物疫病的是",
"sx_answera":"猪瘟",
"sx_answerb":"猪丹毒",
"sx_answerc":"伪狂犬病",
"sx_answerd":"猪链球菌病 ",
"sx_answere":"猪圆环病毒病 ",
"sx_answer":"A",
"sx_analyze":"一类动物疫病共17种，包括口蹄疫、猪水疱病、猪瘟、非洲猪瘟、高致病性猪蓝耳病、非洲马瘟、牛瘟、牛传染性胸膜肺炎、牛海绵状脑病、痒病、蓝舌病、小反刍兽疫、绵羊痘和山羊痘、高致病性禽流感、新城疫、鲤春病毒血症、白斑综合征。",
"sx_all":"1",
"sx_wrong":"0"
},
{
"sx_id":"46",
"sx_type":"1",
"sx_title":"动物疫病防控法律制度",
"sx_subject":"《重大动物疫情应急条例》规定，有权采集重大动物疫病病料的是",
"sx_answera":"动物诊疗机构",
"sx_answerb":"动物防疫监督机构 ",
"sx_answerc":"动物疫苗生产企业",
"sx_answerd":"动物疫病研究机构 ",
"sx_answere":"发生重大动物疫情的饲养场",
"sx_answer":"B",
"sx_analyze":"动物防疫监督机构按规定采集病料，送省级实验室或国家参考实验室确诊。",
"sx_all":"1",
"sx_wrong":"0"
},
{
"sx_id":"47",
"sx_type":"1",
"sx_title":"动物疫病防控法律制度",
"sx_subject":"属于《一、二、三类动物疫病病种名录》规定的一类动物疫病是",
"sx_answera":"车轮虫病",
"sx_answerb":"白斑综合症 ",
"sx_answerc":"刺激隐核虫病 ",
"sx_answerd":"?爱德华菌病 ",
"sx_answere":"淡水鱼类细菌性败血症 ",
"sx_answer":"B",
"sx_analyze":"一类动物疫病共17种，包括口蹄疫、猪水疱病、猪瘟、非洲猪瘟、高致病性猪蓝耳病、非洲马瘟、牛瘟、牛传染性胸膜肺炎、牛海绵状脑病、痒病、蓝舌病、小反刍兽疫、绵羊痘、山羊痘、高致病性禽流感、新城疫、鲤春病毒血症、白斑综合征。",
"sx_all":"1",
"sx_wrong":"0"
},
{
"sx_id":"48",
"sx_type":"1",
"sx_title":"动物疫病防控法律制度",
"sx_subject":"重大动物疫情的公布主体为",
"sx_answera":"国务院兽医主管部门 ",
"sx_answerb":"省级人民政府",
"sx_answerc":"省级人民政府兽医主管部门",
"sx_answerd":"省动物卫生监督机构",
"sx_answere":"省动物疫病预防控制机构",
"sx_answer":"A",
"sx_analyze":"重大动物疫情由国务院兽医主管部门按照国家规定的程序，及时准确公布；其他任何单位和个人不得公布重大动物疫情。",
"sx_all":"1",
"sx_wrong":"0"
},
{
"sx_id":"49",
"sx_type":"1",
"sx_title":"动物疫病防控法律制度",
"sx_subject":"我国尚未发现的动物疫病是",
"sx_answera":"马传染性贫血",
"sx_answerb":"马鼻疽",
"sx_answerc":"马腺疫",
"sx_answerd":"非洲马瘟 ",
"sx_answere":"马媾疫",
"sx_answer":"D",
"sx_analyze":"我国尚未发现的动物疫病指疯牛病、非洲猪瘟、非洲马瘟等在其他国家和地区已经发现，在我国尚未发生过的动物疫病。",
"sx_all":"1",
"sx_wrong":"0"
},
{
"sx_id":"50",
"sx_type":"1",
"sx_title":"兽药管理法律制度",
"sx_subject":"兽药外包装标签必须注明的内容可以不包括",
"sx_answera":"适应症",
"sx_answerb":"主要成分   ",
"sx_answerc":"兽药名称",
"sx_answerd":"生产批号 ",
"sx_answere":"销售企业信息",
"sx_answer":"E",
"sx_analyze":"兽药外包装标签必须注明兽用标识、兽药名称、主要成分、适应症（或功能与主治）、用法与用量、含量/包装规格、批准文号或《进口兽药登记许可证》证号、生产日期、生产批号、有效期、停药期、贮藏、包装质量、生产企业信息等。",
"sx_all":"1",
"sx_wrong":"0"
},
{
"sx_id":"51",
"sx_type":"1",
"sx_title":"兽药管理法律制度",
"sx_subject":"下列行为中违反兽药使用规定的是",
"sx_answera":"不使用禁用的药品",
"sx_answerb":"建立完整的用药记录",
"sx_answerc":"将原料药直接用于动物",
"sx_answerd":"按停药期的规定使用兽药",
"sx_answere":"将饲喂禁用药物的动物进行无害化处理",
"sx_answer":"C",
"sx_analyze":"兽药使用法律制度：建立完整的用药记录；禁止使用假劣兽药；按停药期的规定使用兽药；经批准可以在饲料中添加的兽药，应由兽药生产企业制成饲料添加剂后方可添加，禁止将原料药直接添加到饲料及动物饮水中或直接饲喂动物；将饲喂了禁用药物的动物进行无害化处理。",
"sx_all":"1",
"sx_wrong":"0"
},
{
"sx_id":"52",
"sx_type":"1",
"sx_title":"兽药管理法律制度",
"sx_subject":"禁止在动物饮水中使用的兽药不包括",
"sx_answera":"巴比妥 ",
"sx_answerb":"盐酸异丙嗪",
"sx_answerc":"苯巴比妥钠  ",
"sx_answerd":"盐酸沙拉沙星",
"sx_answere":"绒毛膜促性腺激素",
"sx_answer":"D",
"sx_analyze":"禁止在饲料和动物饮水中使用的兽药包括：肾上腺素受体激动剂，盐酸克伦特罗、沙丁胺醇，莱克多巴胺等；性激素，雌二醇、绒毛膜促性腺激素等；蛋白同化激素，碘化酪蛋白等；精神药品，巴比妥、苯巴比妥钠、盐酸异丙嗪等。",
"sx_all":"1",
"sx_wrong":"0"
},
{
"sx_id":"53",
"sx_type":"1",
"sx_title":"兽药管理法律制度",
"sx_subject":"禁止在蛋鸡产蛋期使用的兽药不包括",
"sx_answera":"四环素片 ",
"sx_answerb":"吉他霉素片",
"sx_answerc":"恩诺沙星片",
"sx_answerd":"维生素B1片",
"sx_answere":"盐酸氯苯胍片",
"sx_answer":"D",
"sx_analyze":"禁止在蛋鸡产蛋期使用的兽药包括四环素片、吉他霉素片、恩诺沙星片、盐酸氯苯胍片等，维生素B1停药期为0天，并且可以在产蛋期使用。",
"sx_all":"1",
"sx_wrong":"0"
},
{
"sx_id":"54",
"sx_type":"1",
"sx_title":"兽药管理法律制度",
"sx_subject":"属于劣兽药的是",
"sx_answera":"以非兽药冒充兽药的 ",
"sx_answerb":"以他种兽药冒充此种兽药的 ",
"sx_answerc":"所含成分名称与兽药国家标准不符合的",
"sx_answerd":"所含成分种类与兽药国家标准不符合的 ",
"sx_answere":"所含成分含量与兽药国家标准不符合的",
"sx_answer":"E",
"sx_analyze":"有下列情形之一的属于劣兽药：成分含量不符合兽药国家标准或不标明有效成分的；不标明或更改有效期或超过有效期的；不标明或更改产品批号的；其他不符合兽药国家标准，但不属于假兽药的。",
"sx_all":"1",
"sx_wrong":"0"
},
{
"sx_id":"55",
"sx_type":"1",
"sx_title":"兽药管理法律制度",
"sx_subject":"《兽药经营质量管理规范》规定的兽药质量管理档案不包括",
"sx_answera":"人员档案 ",
"sx_answerb":"设备设施档案 ",
"sx_answerc":"进货及销售凭证 ",
"sx_answerd":"动物诊疗病历档案 ",
"sx_answere":"供应商质量评估档案 ",
"sx_answer":"D",
"sx_analyze":"兽药质量管理档案包括人员档案、培训档案、设备设施档案、供应商质量评估档案、产品质量档案；开具的处方、进货及销售凭证；购销记录及《兽药经营质量管理规范》规定的其他记录。&nbsp;",
"sx_all":"1",
"sx_wrong":"0"
},
{
"sx_id":"56",
"sx_type":"1",
"sx_title":"兽药管理法律制度",
"sx_subject":"兽用生物制品不包括",
"sx_answera":"抗生素 ",
"sx_answerb":"灭活疫苗 ",
"sx_answerc":"弱毒疫苗 ",
"sx_answerd":"高免血清",
"sx_answere":"高免卵黄 ",
"sx_answer":"A",
"sx_analyze":"兽用生物制品指包括预防用的类毒素、灭活疫苗、弱毒疫苗；治疗用的高免血清、高免卵黄等；诊断用的诊断血清、诊断抗原等。",
"sx_all":"1",
"sx_wrong":"0"
},
{
"sx_id":"57",
"sx_type":"1",
"sx_title":"兽药管理法律制度",
"sx_subject":"兽药内包装标签应注明的事项不包括",
"sx_answera":"有效期  ",
"sx_answerb":"兽药名称",
"sx_answerc":"生产批号 ",
"sx_answerd":"含量/规格 ",
"sx_answere":"销售企业信息",
"sx_answer":"E",
"sx_analyze":"兽药内包装标签应注明兽用标识、兽药名称、适应症（或功能与主治）、含量/包装规格、批准文号或《进口兽药登记许可证》证号、生产日期、生产批号、有效期、生产企业信息等内容。",
"sx_all":"1",
"sx_wrong":"0"
},
{
"sx_id":"58",
"sx_type":"1",
"sx_title":"兽药管理法律制度",
"sx_subject":"禁止在饲料中使用的药物为",
"sx_answera":"那西肽",
"sx_answerb":"杆菌肽锌   ",
"sx_answerc":"二硝托胺 ",
"sx_answerd":"莱克多巴胺 ",
"sx_answere":"马杜霉素",
"sx_answer":"D",
"sx_analyze":"禁止在饲料和动物饮水中使用的兽药包括：肾上腺素受体激动剂(盐酸克伦特罗、沙丁胺醇、莱克多巴胺等)；性激素（雌二醇、绒毛膜促性腺激素等）；蛋白同化激素（碘化酪蛋白、苯丙酸诺龙等）；精神药品（巴比妥、苯巴比妥钠、盐酸异丙嗪等）。",
"sx_all":"1",
"sx_wrong":"0"
},
{
"sx_id":"59",
"sx_type":"1",
"sx_title":"兽药管理法律制度",
"sx_subject":"不符合兽药经营企业规定条件的是",
"sx_answera":"有与所经营的兽药相适应的设备 ",
"sx_answerb":"有与所经营的兽药相适应的仓库设施 ",
"sx_answerc":"有与所经营的兽药相适应的营业场所 ",
"sx_answerd":"有与所经营的兽药相适应的质量管理机构和人员",
"sx_answere":"有与所经营的兽药相适应且经过资格认定的兽药技术人员 ",
"sx_answer":"E",
"sx_analyze":"兽药经营企业应具备的条件是有与所经营的兽药相适应的营业场所、仓库、设备、质量管理机构和人员、规章制度等。",
"sx_all":"1",
"sx_wrong":"0"
},
{
"sx_id":"60",
"sx_type":"1",
"sx_title":"兽药管理法律制度",
"sx_subject":"发现与兽药使用有关的严重不良反应的法定报告义务主体不包括",
"sx_answera":"兽药生产企业   ",
"sx_answerb":"兽药经营企业 ",
"sx_answerc":"兽药使用单位 ",
"sx_answerd":"兽药使用个人",
"sx_answere":"开具处方的兽医人员",
"sx_answer":"D",
"sx_analyze":"兽药生产企业、经营企业、兽药使用单位和开具处方的兽医人员发现可能与兽药使用有关的严重不良反应，不向兽医主管部门报告的，给予警告，并处5000元以上1万元以下罚款。",
"sx_all":"1",
"sx_wrong":"0"
},
{
"sx_id":"61",
"sx_type":"1",
"sx_title":"兽药管理法律制度",
"sx_subject":"可以向农业部指定的生产企业采购自用的国家强制免疫用生物制品的养殖场，应当具备的条件不包括",
"sx_answera":"必须是种畜禽养殖场  ",
"sx_answerb":"具有相应的兽医技术人员 ",
"sx_answerc":"具有相应的储藏条件 ",
"sx_answerd":"具有完善的使用核对管理制度",
"sx_answere":"具有完善的出厂保管制度",
"sx_answer":"A",
"sx_analyze":"可以向农业部指定的生产企业采购自用的国家强制免疫用生物制品的养殖场，应当具备的条件包括：具有相应的兽医技术人员，具有相应的运输、储藏条件，具有完善的购入验收、储藏保管、使用核对等管理制度。",
"sx_all":"1",
"sx_wrong":"0"
},
{
"sx_id":"62",
"sx_type":"1",
"sx_title":"兽药管理法律制度",
"sx_subject":"兽药产品的内包装标签必须注明的事项不包括",
"sx_answera":"兽药名称",
"sx_answerb":"生产批号",
"sx_answerc":"有效期 ",
"sx_answerd":"主要成分",
"sx_answere":"生产日期",
"sx_answer":"D",
"sx_analyze":"兽药内包装标签应注明兽用标识、兽药名称、适应症（或功能与主治）、含量/包装规格、批准文号或《进口兽药登记许可证》证号、生产日期、生产批号、有效期、生产企业信息等内容。",
"sx_all":"1",
"sx_wrong":"0"
},
{
"sx_id":"63",
"sx_type":"1",
"sx_title":"兽药管理法律制度",
"sx_subject":"农业部第278号公告规定，用于治疗牛病的兽用盐酸赛拉嗪注射液停药期为",
"sx_answera":"5 日",
"sx_answerb":"6 日",
"sx_answerc":"10 日",
"sx_answerd":"14 日",
"sx_answere":"28 日",
"sx_answer":"D",
"sx_analyze":"农业部第278号公告规定，盐酸赛拉嗪注射液的停药期为牛、羊14d，鹿15d。",
"sx_all":"1",
"sx_wrong":"0"
},
{
"sx_id":"64",
"sx_type":"1",
"sx_title":"兽药管理法律制度",
"sx_subject":"不属于《兽药管理条例》立法目的的是",
"sx_answera":"加强兽药管理",
"sx_answerb":"保证兽药质量",
"sx_answerc":"保护动物福利",
"sx_answerd":"防治动物疾病",
"sx_answere":"促进养殖业的发展",
"sx_answer":"C",
"sx_analyze":"《兽药管理条例》的立法目的是加强兽药管理、保证兽药质量、防治动物疾病、促进养殖业的发展、维护人体健康。",
"sx_all":"1",
"sx_wrong":"0"
},
{
"sx_id":"65",
"sx_type":"1",
"sx_title":"兽药管理法律制度",
"sx_subject":"属于劣兽药的是",
"sx_answera":"以非兽药冒充兽药的",
"sx_answerb":"以彼种兽药冒充此种兽药的",
"sx_answerc":"所含成分名称与兽药国家标准不符合  ",
"sx_answerd":"所含成分种类与兽药国家标准不符合",
"sx_answere":"所含成分含量与兽药国家标准不符合",
"sx_answer":"E",
"sx_analyze":"有下列情形之一的属于劣兽药：成分含量不符合兽药国家标准或不标明有效成分的；不标明或更改有效期或超过有效期的；不标明或更改产品批号的；其他不符合药国家标准，但不属于假兽药的。",
"sx_all":"1",
"sx_wrong":"0"
},
{
"sx_id":"66",
"sx_type":"1",
"sx_title":"兽药管理法律制度",
"sx_subject":"根据《兽药经营质量管理规范》，禁止出库销售的兽药不包括",
"sx_answera":"标识模糊不清    ",
"sx_answerb":"外包装出现破损",
"sx_answerc":"外包装封条严重损坏",
"sx_answerd":"外包装标识销售企业信息",
"sx_answere":"超出有效期限",
"sx_answer":"D",
"sx_analyze":"禁止出库销售的兽药包括：标识模糊不清或脱落的；外包装出现破损、封口不牢、封条严重损坏的；超出有效期限的；其他不符合规定的。",
"sx_all":"1",
"sx_wrong":"0"
},
{
"sx_id":"67",
"sx_type":"1",
"sx_title":"兽药管理法律制度",
"sx_subject":"具备条件的养殖场采购自用的国家强制免疫用生物制品必须进行备案，实施备案的是养殖场所在地的",
"sx_answera":"省动物疫病预防控制机构",
"sx_answerb":"县级人民政府兽医行政管理部门",
"sx_answerc":"县动物疫病预防控制机构",
"sx_answerd":"县动物卫生监督机构",
"sx_answere":"乡镇畜牧兽医站",
"sx_answer":"B",
"sx_analyze":"具备条件的养殖场采购自用的国家强制免疫用生物制品，必须将采购的品种、生产企业、数量向所在地县级以上人民政府兽医行政管理部门备案。",
"sx_all":"1",
"sx_wrong":"0"
},
{
"sx_id":"68",
"sx_type":"1",
"sx_title":"兽药管理法律制度",
"sx_subject":"兽药原料药标签必须注明的事项不包括",
"sx_answera":"兽药名称",
"sx_answerb":"标准文号",
"sx_answerc":"功能与主治  ",
"sx_answerd":"有效期",
"sx_answere":"生产日期",
"sx_answer":"C",
"sx_analyze":"兽药原料药标签必须注明兽药名称、包装规格、生产批号、生产日期、有效期、贮藏、批准文号、运输注意事项或其他标记、生产企业信息等内容。",
"sx_all":"1",
"sx_wrong":"0"
},
{
"sx_id":"69",
"sx_type":"1",
"sx_title":"兽药管理法律制度",
"sx_subject":"负责兽用安钠咖监督管理工作的主体是",
"sx_answera":"省级人民政府卫生行政管理部门  ",
"sx_answerb":"省级人民政府畜牧兽医行政管理部门",
"sx_answerc":"省动物卫生监督机构   ",
"sx_answerd":"省动物疫病预防控制机构",
"sx_answere":"省兽药检验机构",
"sx_answer":"B",
"sx_analyze":"各省、自治区、直辖市畜牧（农牧、农业）厅负责本辖区兽用安钠咖的监督管理工作。畜牧（农牧、农业）厅属于省级人民政府畜牧兽医行政管理部门。",
"sx_all":"1",
"sx_wrong":"0"
},
{
"sx_id":"70",
"sx_type":"1",
"sx_title":"兽药管理法律制度",
"sx_subject":"需要制定停药期的兽药是",
"sx_answera":"叶酸片 ",
"sx_answerb":"呋塞米片",
"sx_answerc":"磺胺嘧啶片 ",
"sx_answerd":"碳酸氢钠片",
"sx_answere":"对乙酰氨基酚片",
"sx_answer":"C",
"sx_analyze":"不需要制定停药期的兽药有叶酸片、呋塞米片、碳酸氢钠片、对乙酰氨基酚片，磺胺嘧啶片的停药期规定为牛28天。\n<br>",
"sx_all":"1",
"sx_wrong":"0"
},
{
"sx_id":"71",
"sx_type":"1",
"sx_title":"病原微生物安全管理法律制度",
"sx_subject":"一类动物病原微生物（病毒）不包括",
"sx_answera":"猪瘟病毒 ",
"sx_answerb":"口蹄疫病毒",
"sx_answerc":"猪水疱病病毒     ",
"sx_answerd":"小反刍兽疫病毒",
"sx_answere":"高致病性禽流感病毒",
"sx_answer":"A",
"sx_analyze":"第一类病原微生物指能够引起人类或动物非常严重疾病的微生物，以及我国尚未发现或已经宣布消灭的微生物。包括口蹄疫病毒、高致病性禽流感病毒、猪水疱病病毒、非洲猪瘟病毒、非洲马瘟病毒、牛瘟病毒、小反刍兽疫病毒、牛传染性胸膜肺炎丝状支原体、牛海绵状脑病病原、痒病病原。",
"sx_all":"1",
"sx_wrong":"0"
},
{
"sx_id":"72",
"sx_type":"1",
"sx_title":"病原微生物安全管理法律制度",
"sx_subject":"我国根据病原微生物的传染性、感染后对个体或群体的危害程度，将病原微生物分为",
"sx_answera":"两类 ",
"sx_answerb":"三类 ",
"sx_answerc":"四类 ",
"sx_answerd":"五类 ",
"sx_answere":"六类",
"sx_answer":"C",
"sx_analyze":"我国根据病原微生物的传染性、感染后对个体或群体的危害程度，将病原微生物分为四类。",
"sx_all":"1",
"sx_wrong":"0"
},
{
"sx_id":"73",
"sx_type":"1",
"sx_title":"病原微生物安全管理法律制度",
"sx_subject":"盛装动物病原微生物菌种冻干样本主容器的胶塞玻璃瓶必须采用的封口方法为",
"sx_answera":"火焰封口 ",
"sx_answerb":"纱布封口",
"sx_answerc":"塑料封口  ",
"sx_answerd":"金属封口",
"sx_answere":"石蜡封口 ",
"sx_answer":"D",
"sx_analyze":"盛装动物病原微生物菌种冻干样本主容器的胶塞玻璃瓶必须采用的封口方法为金属封口。",
"sx_all":"1",
"sx_wrong":"0"
},
{
"sx_id":"74",
"sx_type":"1",
"sx_title":"病原微生物安全管理法律制度",
"sx_subject":"高致病性病原微生物是指",
"sx_answera":"第一类和第二类病原微生物     ",
"sx_answerb":"第一类和第三类病原微生物 ",
"sx_answerc":"第二类和第三类病原微生物",
"sx_answerd":"第二类和第四类病原微生物 ",
"sx_answere":"第三类和第四类病原微生物",
"sx_answer":"A",
"sx_analyze":"我国根据病原微生物的传染性、感染后对个体或群体的危害程度，将病原微生物分为四类。第一类，第二类病原微生物统称为高致病性病原微生物。",
"sx_all":"1",
"sx_wrong":"0"
},
{
"sx_id":"75",
"sx_type":"1",
"sx_title":"病原微生物安全管理法律制度",
"sx_subject":"为新建、改建或扩建一级、二级动物病原微生物实验室备案的主体是",
"sx_answera":"国务院兽医主管部门",
"sx_answerb":"省级人民政府兽医主管部门",
"sx_answerc":"设区的市级人民政府兽医主管部门",
"sx_answerd":"县级人民政府兽医主管部门",
"sx_answere":"镇级人民政府兽医主管部门",
"sx_answer":"C",
"sx_analyze":"新建、改建或扩建一级、二级动物病原微生物实验室，应向设区的市级人民政府兽医主管部门备案。",
"sx_all":"1",
"sx_wrong":"0"
},
{
"sx_id":"1478",
"sx_type":"1",
"sx_title":"执业兽医及诊疗机构管理",
"sx_subject":"根据《动物诊疗机构管理办法》，不符合动物医院法定条件的是（2012真题上12）",
"sx_answera":"有X光机 ",
"sx_answerb":"有手术台  ",
"sx_answerc":"有污水处理设备    ",
"sx_answerd":"距离畜禽养殖场150米",
"sx_answere":"有3名取得执业兽医师资格证书的人员",
"sx_answer":"D",
"sx_analyze":"申请设立动物诊疗机构的应当具备下列条件：有固定的动物诊疗场所，面积符合兽医主管部门规定；选址距离畜禽养殖场、屠宰加工厂、动物交易场所不少于200m；设有独立的出入口，出入口不得设在居民住宅楼内或者院内，不得与同一建筑物的其他用户共用通道；具有布局合理的诊疗室、手术室、药房等设施；具有诊断、手术、消毒、冷藏、常规化验、污水处理等器械设备；具有1名以上取得执业兽医师资格证书的人员；具有完善的诊疗服务、疫情报告、卫生消毒、兽药处方、药物和无害化处理等管理制度。",
"sx_all":"1",
"sx_wrong":"0"
},
{
"sx_id":"1172",
"sx_type":"1",
"sx_title":"基础知识",
"sx_subject":"钩虫的主要感染途径是（2012真题上145）&nbsp;",
"sx_answera":"经交配",
"sx_answerb":"经空气 ",
"sx_answerc":"经胎盘",
"sx_answerd":"经眼结膜",
"sx_answere":"经皮肤",
"sx_answer":"E",
"sx_analyze":"犬猫钩虫病的感染途径有三种：（1）经皮肤，即幼虫进入血液，经心脏、肺脏、呼吸道、喉头、咽部、食道和胃而进入小肠内定居，此途径较常见；（2）经口，犬猫食入感染性幼虫后，幼虫侵入食道等处黏膜而进入血液循环；（3）经胎盘，幼虫移行经血液循环进入胎盘，从而使胎犬感染，此途径少见。\n<br>",
"sx_all":"1",
"sx_wrong":"0"
},
{
"sx_id":"1477",
"sx_type":"1",
"sx_title":"执业兽医及诊疗机构管理",
"sx_subject":"不符合动物医院法定条件的是（2010真题上10）",
"sx_answera":"有手术台 ",
"sx_answerb":"具有污水处理设备 ",
"sx_answerc":"距离畜禽饲养场300m ",
"sx_answerd":"出入口设在居民住宅楼道内",
"sx_answere":"有完善的疫情报告管理制度 ",
"sx_answer":"D",
"sx_analyze":"申请设立动物诊疗机构的应当具备下列条件：有固定的动物诊疗场所，面积符合兽医主管部门规定；选址距离畜禽养殖场、屠宰加工厂、动物交易场所不少于200m；设有独立的出入口，出入口不得设在居民住宅楼内或者院内，不得与同一建筑物的其他用户共用通道；具有布局合理的诊疗室、手术室、药房等设施；具有诊断、手术、消毒、冷藏、常规化验、污水处理等器械设备；具有1名以上取得执业兽医师资格证书的人员；具有完善的诊疗服务、疫情报告、卫生消毒、兽药处方、药物和无害化处理等管理制度。",
"sx_all":"1",
"sx_wrong":"0"
},
{
"sx_id":"1479",
"sx_type":"1",
"sx_title":"动物疫病防控法律制度",
"sx_subject":"《人畜共患传染病名录》中不包括（2009真题上12）\n<br>",
"sx_answera":"炭疽",
"sx_answerb":"牛结核病 ",
"sx_answerc":"猪水疱病",
"sx_answerd":"猪乙型脑炎",
"sx_answere":"猪Ⅱ型链球菌病",
"sx_answer":"C",
"sx_analyze":"《人畜共患传染病名录》共26种，牛海绵状脑病，高致病性禽流感，狂犬病，炭疽，布鲁氏菌病，弓形虫病，棘球蚴病，钩端螺旋体病，沙门氏菌病，牛结核病，日本血吸虫病，猪乙型脑炎，猪Ⅱ型链球菌病，旋毛虫病，猪囊尾蚴病，马鼻疽，野兔热，大肠杆菌病（O157：H7），李氏杆菌病，类鼻疽，放线菌病，肝片吸虫病，丝虫病，Q热，禽结核病，利什曼病。",
"sx_all":"1",
"sx_wrong":"0"
},
{
"sx_id":"1480",
"sx_type":"1",
"sx_title":"动物疫病防控法律制度",
"sx_subject":"突发重大动物疫情应急组织体系不包括（2009真题上13）\n<br>",
"sx_answera":"应急指挥部",
"sx_answerb":"专家委员会",
"sx_answerc":"动物诊疗机构",
"sx_answerd":"各级兽医主管部门",
"sx_answere":"动物卫生监督机构",
"sx_answer":"C",
"sx_analyze":"突发重大动物疫情应急组织体系包括：应急指挥部、日常管理机构、专家委员以及应急处理机构。应急指挥部分为全国突发重大动物疫情应急指挥部和省级突发重大动物疫情应急指挥部；日常管理机构包括农业部和各级兽医行政管理部门；专家委员会包括突发重大动物疫情专家委员会和突发重大动物疫情应急处理专家委员会；应急处理机构包括动物卫生监督机构和出入境检验检疫机构。",
"sx_all":"1",
"sx_wrong":"0"
},
{
"sx_id":"1481",
"sx_type":"1",
"sx_title":"动物疫病防控法律制度",
"sx_subject":"发生重大动物疫情的疫区应采取的措施不包括（2009真题上15）",
"sx_answera":"禁止动物进出疫区  ",
"sx_answerb":"销毁染疫的动物产品",
"sx_answerc":"扑杀并销毁染疫动物 ",
"sx_answerd":"关闭动物及动物产品交易市场",
"sx_answere":"染疫动物的同群动物实施紧急免疫接种",
"sx_answer":"E",
"sx_analyze":"对疫点采取的措施：扑杀并销毁染疫动物和易感染动物及其产品；对病死的动物、排泄物、被污染饲料、垫料、污水进行无害化处理；对被污染的物品、用具、动物圈舍、场地进行严格消毒。\n<br>对疫区采取的措施：在疫区周围设置警示标志，在出入疫区的交通路口设置临时动物检疫消毒站对出入的人员和车辆进行消毒；扑杀并销毁染疫和疑似染疫动物及其同群动物，销毁染疫和疑似染疫的动物产品。对其他易感染动物实行圈养或在指定地点放养，役用动物限制在疫区内使役；对易感染动物进行监测，并按照规定实施紧急免疫接种，必要时对易感染动物进行扑杀；关闭动物和动物产品交易市场，禁止动物进出疫区和动物产品运出疫区；对动物圈舍、排泄物、垫料、污水、场地等进行消毒和无害化处理。\n<br>对受威胁区采取的措施：对易感染的动物进行监测；对易感染的动物根据需要实施紧急免疫接种。",
"sx_all":"1",
"sx_wrong":"0"
},
{
"sx_id":"1608",
"sx_type":"1",
"sx_title":"动物防疫法",
"sx_subject":"《中华人民共和国动物防疫法》规定，制定并组织实施动物疫病防治规划的是(2014真题上1)",
"sx_answera":"县级以上人民政府 ",
"sx_answerb":"乡级人民政府",
"sx_answerc":"县级以上人民政府兽医主管部门",
"sx_answerd":"动物卫生监督机构",
"sx_answere":"动物疫病预防控制机构",
"sx_answer":"A",
"sx_analyze":"<p><span style=\"font-size:10.5pt;font-family:宋体;\r\nmso-ascii-theme-font:major-fareast;mso-fareast-theme-font:major-fareast;\r\nmso-hansi-theme-font:major-fareast;mso-bidi-font-family:&quot;Times New Roman&quot;;\r\nmso-ansi-language:EN-US;mso-fareast-language:ZH-CN;mso-bidi-language:AR-SA\">县级以上人民政府统一领导动物防疫工作，重点加强基层动物防疫队伍建设，建立健全动物防疫体系，制定并组织实施动物疫病防治规划。</span></p>",
"sx_all":"1",
"sx_wrong":"0"
},
{
"sx_id":"1609",
"sx_type":"1",
"sx_title":"基础知识",
"sx_subject":"《中华人民共和国动物防疫法》所称的动物产品不包括",
"sx_answera":"脂",
"sx_answerb":"胚胎",
"sx_answerc":"血液",
"sx_answerd":"皮革",
"sx_answere":"脏器",
"sx_answer":"D",
"sx_analyze":"动物产品，指动物的肉、生皮、原毛、绒、脏器、脂、血液、精液、卵、胚胎、骨、蹄、头、角、筋及可能传播动物疫病的奶、蛋等。生皮属于动物产品，而D选项皮革是生皮经过加工后的制成品。",
"sx_all":"1",
"sx_wrong":"0"
},
{
"sx_id":"1610",
"sx_type":"1",
"sx_title":"基础知识",
"sx_subject":"国务院兽医主管部门确定的需强制免疫的动物疫病不包括",
"sx_answera":"猪瘟",
"sx_answerb":"口蹄疫",
"sx_answerc":"高致病性禽流感",
"sx_answerd":"炭疽",
"sx_answere":"高致病性猪蓝耳病",
"sx_answer":"D",
"sx_analyze":"根据《中华人民共和国动物防疫法》和农业部有关规定，我国对所有家禽实施高致病性禽流感强制免疫，对所有猪、牛、羊等实施口蹄疫强制免疫，对所有猪实施高致病性猪蓝耳病（猪繁殖与呼吸障碍综合征）和猪瘟强制免疫，对受威胁边境地区等区域内的所有羊实施小反刍兽疫强制免疫。",
"sx_all":"1",
"sx_wrong":"0"
},
{
"sx_id":"1611",
"sx_type":"1",
"sx_title":"基础知识",
"sx_subject":"无规定动物疫病区的公布机关是",
"sx_answera":"国务院兽医主管部门",
"sx_answerb":"省级兽医主管部门",
"sx_answerc":"市级兽医主管部门",
"sx_answerd":"县级兽医主管部门",
"sx_answere":"国务院兽医主管部门和卫生主管部门",
"sx_answer":"A",
"sx_analyze":"无规定动物疫病区，是指具有天然屏障或采取人工措施，在一定期限内没有发生规定的一种或几种动物疫病，并经验收合格的区域。无规定动物疫病区应当符合国务院兽医主管部门规定的标准，经国务院兽医主管部门验收合格予以公布。",
"sx_all":"1",
"sx_wrong":"0"
},
{
"sx_id":"1612",
"sx_type":"1",
"sx_title":"基础知识",
"sx_subject":"有权认定除重大动物疫情外的动物疫情的主体是",
"sx_answera":"县级人民政府",
"sx_answerb":"县级人民政府卫生主管部门",
"sx_answerc":"县级人民政府兽医主管部门",
"sx_answerd":"县动物卫生监督机构",
"sx_answere":"县动物疫病预防控制机构",
"sx_answer":"C",
"sx_analyze":"动物疫情由县级以上人民政府兽医主管部门认定。其中重大动物疫情由省、自治区、直辖市人民政府兽医主管部门认定，必要时报国务院兽医主管部门认定。",
"sx_all":"1",
"sx_wrong":"0"
},
{
"sx_id":"1613",
"sx_type":"1",
"sx_title":"基础知识",
"sx_subject":"《中华人民共和国动物防疫法》规定，实施现场检疫的人员是",
"sx_answera":"官方兽医",
"sx_answerb":"执业兽医师",
"sx_answerc":"执业助理兽医师",
"sx_answerd":"乡村兽医",
"sx_answere":"村级防疫员",
"sx_answer":"A",
"sx_analyze":"动物卫生监督机构的官方兽医具体实施动物、动物产品检疫。官方兽医，是指具备规定的资格条件并经兽医主管部门任命的，负责出具检疫等证明的国家兽医工作人员。",
"sx_all":"1",
"sx_wrong":"0"
},
{
"sx_id":"1614",
"sx_type":"1",
"sx_title":"基础知识",
"sx_subject":"《动物防疫条件审查办法》规定，动物饲养场距动物和动物产品集贸市场的距离至少为",
"sx_answera":"200米",
"sx_answerb":"500米",
"sx_answerc":"1000米",
"sx_answerd":"2000米",
"sx_answere":"3000米",
"sx_answer":"B",
"sx_analyze":"动物饲养场、养殖小区的选址应当符合以下条件：①距离生活饮用水源地、动物屠宰加工场所、动物和动物产品集贸市场500m以上；距离种畜禽场1000m以上；距离动物诊疗场所200m以上；动物饲养场（养殖小区）之间距离不少于500m。②距离动物隔离场所、无害化处理场所3000m以上。③距离城镇居民区、文化教育科研等人口集中区域及铁路、公路等主要交通干线500m以上。",
"sx_all":"1",
"sx_wrong":"0"
},
{
"sx_id":"1615",
"sx_type":"1",
"sx_title":"基础知识",
"sx_subject":"《动物检疫管理办法》规定，出售供屠宰的动物，提前申报检疫的时限是",
"sx_answera":"1天",
"sx_answerb":"2天",
"sx_answerc":"3天",
"sx_answerd":"5天",
"sx_answere":"15天",
"sx_answer":"C",
"sx_analyze":"出售、运输动物产品和供屠宰、继续饲养的动物，应当提前3d申报检疫。",
"sx_all":"1",
"sx_wrong":"0"
},
{
"sx_id":"1616",
"sx_type":"1",
"sx_title":"基础知识",
"sx_subject":"动物饲养场聘用经注册的执业兽医师不得从事的执业活动是",
"sx_answera":"对本场动物疾病的预防",
"sx_answerb":"对本场动物疾病的诊断",
"sx_answerc":"对本场动物疾病的治疗",
"sx_answerd":"对本场动物疾病开具处方",
"sx_answere":"对本场外动物疾病进行诊断",
"sx_answer":"E",
"sx_analyze":"动物饲养场（养殖小区）、实验动物饲育单位、兽药生产企业、动物园等单位聘用的取得执业兽医师资格证书和执业助理兽医师资格证书的兽医人员，可以凭聘用合同申请兽医执业注册或者备案，但不得对外开展兽医执业活动。",
"sx_all":"1",
"sx_wrong":"0"
},
{
"sx_id":"1617",
"sx_type":"1",
"sx_title":"基础知识",
"sx_subject":"执业兽医向注册机关报告其上年度兽医执业活动情况的时限是每年的",
"sx_answera":"1月底",
"sx_answerb":"2月底",
"sx_answerc":"3月底",
"sx_answerd":"4月底",
"sx_answere":"5月底",
"sx_answer":"C",
"sx_analyze":"执业兽医应于每年3月底前将上年度兽医执业活动情况向注册机关报告。动物诊疗机构应当于每年3月底前将上年度动物诊疗活动情况向发证机关报告。动物饲养场、养殖小区、动物隔离场所、动物屠宰加工场所、动物和动物产品无害化处理场所应当于每年1月底前向发证机关报告上一年的动物防疫条件情况和防疫制度执行情况。",
"sx_all":"1",
"sx_wrong":"0"
},
{
"sx_id":"1618",
"sx_type":"1",
"sx_title":"基础知识",
"sx_subject":"申请设立动物诊疗机构应当提交的材料不包括",
"sx_answera":"动物诊疗许可证申请表",
"sx_answerb":"动物诊疗场所地理方位图",
"sx_answerc":"动物诊疗场所使用权证明",
"sx_answerd":"执业助理兽医师资格证原件及复印件",
"sx_answere":"执业兽医和服务人员的健康证明材料",
"sx_answer":"D",
"sx_analyze":"申请材料包括：①动物诊疗许可证申请表；②动物诊疗场所地理方位图、室内平面图和各功能区布局图；③动物诊疗场所使用权证明；④法定代表人（负责人）身份证明；⑤执业兽医师资格证书原件及复印件；⑥设施设备清单；⑦管理制度文本；⑧执业兽医和服务人员的健康证明材料。并不需要执业助理兽医师资格证书。",
"sx_all":"1",
"sx_wrong":"0"
},
{
"sx_id":"1619",
"sx_type":"1",
"sx_title":"基础知识",
"sx_subject":"能进行动物胸腔手术的动物诊疗机构，取得执业兽医资格证书的从业人员至少有",
"sx_answera":"2名",
"sx_answerb":"3名",
"sx_answerc":"4名",
"sx_answerd":"5名",
"sx_answere":"6名",
"sx_answer":"B",
"sx_analyze":"从事动物颅腔、胸腔和腹腔手术的动物诊疗机构除具备一般条件外，还应具备以下条件：①手术台、X光机或B超等器械；②有3名以上取得执业兽医师资格证书的人员。",
"sx_all":"1",
"sx_wrong":"0"
},
{
"sx_id":"1620",
"sx_type":"1",
"sx_title":"基础知识",
"sx_subject":"重大动物疫情的报告义务人不包括",
"sx_answera":"动物饲养者",
"sx_answerb":"疫情所在地的村民委员会",
"sx_answerc":"从事动物运输的人员",
"sx_answerd":"从事动物疫情监测的人员",
"sx_answere":"从事动物疫病研宄的人员",
"sx_answer":"B",
"sx_analyze":"重大动物疫情的报告义务人包括从事动物隔离、疫情监测、疫病研宄与诊疗、检验检疫及动物饲养、屠宰加工、运输、经营等活动的有关单位和个人。",
"sx_all":"1",
"sx_wrong":"0"
},
{
"sx_id":"1621",
"sx_type":"1",
"sx_title":"基础知识",
"sx_subject":"根据《国家突发重大动物疫情应急预案》，在特别重大突发动物疫情的应急响应中，不属于兽医行政管理部门的职责是",
"sx_answera":"划定疫点、疫区、受威胁区",
"sx_answerb":"发布封锁令，对疫区实施封锁",
"sx_answerc":"根据需要组织开展紧急免疫和预防用药",
"sx_answerd":"对新发现的动物疫病，及时开展有关技术标准和规范的培训工作",
"sx_answere":"组织专家对突发重大动物疫情的处理情况进行综合评估",
"sx_answer":"B",
"sx_analyze":"在特别重大突发动物疫情的应急响应中，县级以上人民政府兽医主管部门的主要职责：①划定疫点、疫区、受威胁区；②组织突发重大动物疫情专家委员会对突发重大动物疫情进行评估，提出启动突发重大动物疫情应急响应的级别；③根据需要开展紧急免疫和预防用药；④负责对本行政区域内应急处理工作的督导和检查；⑤对新发现的动物疫情，及时按照国家规定，开展有关技术标准和规范的培训工作；⑥有针对性地开展动物防疫知识宣教，提高群众防控意识和自我防护能力；⑦组织专家对突发重大动物疫情的处理情况进行综合评估。而B选项“发布封锁令，对疫区实施封锁”属于县级以上人民政府的职责。",
"sx_all":"1",
"sx_wrong":"0"
},
{
"sx_id":"1622",
"sx_type":"1",
"sx_title":"基础知识",
"sx_subject":"属于二类动物疫病的是",
"sx_answera":"猪副伤寒",
"sx_answerb":"猪链球菌病",
"sx_answerc":"大肠杆菌病",
"sx_answerd":"李氏杆菌病",
"sx_answere":"猪传染性胃肠炎",
"sx_answer":"B",
"sx_analyze":"猪副伤寒、大肠杆菌病、李氏杆菌病、猪传染性胃肠炎都属于三类动物疫病，只有B选项猪链球菌病属于二类疫病。",
"sx_all":"1",
"sx_wrong":"0"
},
{
"sx_id":"1623",
"sx_type":"1",
"sx_title":"基础知识",
"sx_subject":"属于人畜共患病的是",
"sx_answera":"猪瘟",
"sx_answerb":"牛瘟",
"sx_answerc":"布鲁氏菌病",
"sx_answerd":"肺腺瘤病",
"sx_answere":"白斑综合征",
"sx_answer":"C",
"sx_analyze":"《人畜共患传染病名录》共列举了26种人畜共患传染病，分别为牛海绵状脑病、高致病性禽流感、狂犬病、炭疽、布鲁氏菌病、弓形虫病、棘球蚴病、钩端螺旋体病、沙门氏菌病、牛结核病、日本血吸虫病、猪乙型脑炎、猪II型链球菌病、旋毛虫病、猪囊尾蚴病、马鼻疽、野兔热、大肠杆菌病（0157：H7）、李氏杆菌病、类鼻疽、放线菌病、肝片吸虫病、丝虫病、Q热、禽结核病、利什曼病。",
"sx_all":"1",
"sx_wrong":"0"
},
{
"sx_id":"1624",
"sx_type":"1",
"sx_title":"基础知识",
"sx_subject":"不属于假兽药的是",
"sx_answera":"以非兽药冒充兽药的",
"sx_answerb":"不标明有效期的",
"sx_answerc":"以他种兽药冒充此种兽药的",
"sx_answerd":"兽药所含成分的种类与兽药国家标准不符合的",
"sx_answere":"兽药所含成分的名称与兽药国家标准不符合的",
"sx_answer":"B",
"sx_analyze":"有下列情形之一的，为假兽药：①以非兽药冒充兽药或以他种兽药冒充此种兽药的；②兽药所含成分的种类、名称与兽药国家标准不符合的。有下列情形之一的，按假兽药处理：①国务院兽医行政管理部门规定禁止使用的；②依照兽药管理条例规定应当经审查批准而未经审查批准即生产、进口的，或者依照兽药管理条例规定应当经抽查检验、审查核对而未经抽查检验、审查核对即销售、进口的；③变质的；④被污染的；⑤所标明的适应症或功能主治超出规定范围的。B选项“不标明有效期的”属于劣兽药。",
"sx_all":"1",
"sx_wrong":"0"
},
{
"sx_id":"1625",
"sx_type":"1",
"sx_title":"基础知识",
"sx_subject":"兽药经营企业应当建立质量管理档案，该档案的法定内容不包括",
"sx_answera":"动物诊疗病历档案",
"sx_answerb":"人员档案",
"sx_answerc":"设备设施档案",
"sx_answerd":"供应商质量评估档案",
"sx_answere":"进货及销售凭证",
"sx_answer":"A",
"sx_analyze":"质量管理档案必须包括：①人员档案、培训档案、设备设施档案、供应商质量评估档案、产品质量档案；②开具的处方、进货及销售凭证；③购销记录及《兽药经营质量管理规范》规定的其他记录。A选项“动物诊疗病历档案”是动物诊疗机构应该保存的。",
"sx_all":"1",
"sx_wrong":"0"
},
{
"sx_id":"1626",
"sx_type":"1",
"sx_title":"基础知识",
"sx_subject":"农业部第278号公告规定，用于治疗鱼类疾病的氟苯尼考粉的休药期（停药期）为",
"sx_answera":"100度日",
"sx_answerb":"200度日",
"sx_answerc":"275度日",
"sx_answerd":"375度日",
"sx_answere":"500度日",
"sx_answer":"D",
"sx_analyze":"氟苯尼考粉的停药期为：猪20d，鸡5d，鱼375度日。",
"sx_all":"1",
"sx_wrong":"0"
},
{
"sx_id":"1627",
"sx_type":"1",
"sx_title":"基础知识",
"sx_subject":"属于食品动物禁用的药物是",
"sx_answera":"硫酸链霉素",
"sx_answerb":"硫酸卡那霉素",
"sx_answerc":"土霉素",
"sx_answerd":"氯霉素",
"sx_answere":"恩拉霉素",
"sx_answer":"D",
"sx_analyze":"食品动物禁用的兽药主要有β-兴奋剂类如克仑特罗、沙丁胺醇等；性激素类如己烯雌酚；具有雌激素样作用的物质如玉米赤霉醇；氯霉素；硝基呋喃类如呋喃它酮、呋喃唑酮；双甲脒；各种汞制剂。D选项氯霉素会抑制骨髓造血机能。",
"sx_all":"1",
"sx_wrong":"0"
},
{
"sx_id":"1628",
"sx_type":"1",
"sx_title":"基础知识",
"sx_subject":"动物诊疗机构的病历档案保存期限不得少于",
"sx_answera":"1年",
"sx_answerb":"2年",
"sx_answerc":"3年",
"sx_answerd":"5年",
"sx_answere":"10年",
"sx_answer":"C",
"sx_analyze":"动物诊疗机构的病历档案应保存3年以上。",
"sx_all":"1",
"sx_wrong":"0"
}
]
}