{
"RECORDS":[
{
"sx_id":"372",
"sx_type":"10",
"sx_title":"环境与健康",
"sx_subject":"目前已经确认的致畸动物的致畸物是（2009真题上156）",
"sx_answera":"甲基汞",
"sx_answerb":"氰化钾 ",
"sx_answerc":"三聚氰胺",
"sx_answerd":"双氯甲醚",
"sx_answere":"亚硝酸盐",
"sx_answer":"A",
"sx_analyze":"目前已经确认的致畸物有甲基汞和某些病毒等。",
"sx_all":"1",
"sx_wrong":"0"
},
{
"sx_id":"373",
"sx_type":"10",
"sx_title":"环境与健康",
"sx_subject":"可诱发人或哺乳动物皮肤癌的物质是（2009真题上157）&nbsp;",
"sx_answera":"石棉",
"sx_answerb":"煤焦油 ",
"sx_answerc":"双氯甲醚",
"sx_answerd":"亚硝酸盐",
"sx_answere":"黄曲霉毒素",
"sx_answer":"B",
"sx_analyze":"致癌物分为物理性致癌物、化学性致癌物和生物性致癌物。石棉纤维、双氯甲醚可引起肺癌；亚硝酸盐可导致食道癌和胃癌；煤焦油可诱发皮肤癌；黄曲霉毒素会诱发肝癌。\n<br>",
"sx_all":"1",
"sx_wrong":"0"
},
{
"sx_id":"374",
"sx_type":"10",
"sx_title":"环境与健康",
"sx_subject":"甲基汞进入机体后的靶器官是（2010真题上160）",
"sx_answera":"脑",
"sx_answerb":"心脏 ",
"sx_answerc":"肺脏 ",
"sx_answerd":"脾脏 ",
"sx_answere":"肾脏",
"sx_answer":"A",
"sx_analyze":"靶器官：指某种有害物质首先在其中达到毒性作用的临界浓度的器官。如脑是汞和甲基汞的靶器官，甲状腺是碘化物和钴的靶器官。",
"sx_all":"1",
"sx_wrong":"0"
},
{
"sx_id":"375",
"sx_type":"10",
"sx_title":"环境与健康",
"sx_subject":"有机磷农药的靶器官是（2012真题上160）&nbsp;",
"sx_answera":"瞳孔  ",
"sx_answerb":"唾液腺   ",
"sx_answerc":"骨骼肌",
"sx_answerd":"神经系统 ",
"sx_answere":"平滑肌",
"sx_answer":"D",
"sx_analyze":"靶器官：指某种有害物质首先在其中达到毒性作用的临界浓度的器官。靶器官不一定是效应器官，有些物质作用于靶器官后其毒性作用直接由靶器官表现出来，此时效应器官就是靶器官；有些物质的毒性作用是通过靶器官以外的其他器官表现出来的，如有机磷农药的靶器官是神经系统，而效应器官是瞳孔、唾液腺等。",
"sx_all":"1",
"sx_wrong":"0"
},
{
"sx_id":"376",
"sx_type":"10",
"sx_title":"环境与健康",
"sx_subject":"绝大多数的环境污染物对人群健康的影响是（2012真题上161）&nbsp;",
"sx_answera":"高毒性的  ",
"sx_answerb":"中等毒性的",
"sx_answerc":"低毒性的 ",
"sx_answerd":"微毒性的 ",
"sx_answere":"无毒性的",
"sx_answer":"C",
"sx_analyze":"绝大多数的环境污染物对人群健康的影响常常是低毒性和缓慢作用的，常常是污染物及其代谢产物在人体内过量负荷而发生亚临诊作用，即不出现临诊症状，用一般的临诊医学检查方法难以发现阳性体征的病理损害作用。",
"sx_all":"1",
"sx_wrong":"0"
},
{
"sx_id":"377",
"sx_type":"10",
"sx_title":"动物性食品污染与控制",
"sx_subject":"动物肉品中不得检出（2009真题上158）&nbsp;",
"sx_answera":"志贺菌 ",
"sx_answerb":"微球菌 ",
"sx_answerc":"乳酸杆菌 ",
"sx_answerd":"嗜盐杆菌 ",
"sx_answere":"黄色杆菌",
"sx_answer":"A",
"sx_analyze":"致病菌是指能引起人类疾病的细菌。我国食品卫生标准明确规定，动物性食品中不得检出致病微生物。志贺氏菌是典型的肠道致病菌。",
"sx_all":"1",
"sx_wrong":"0"
},
{
"sx_id":"378",
"sx_type":"10",
"sx_title":"动物性食品污染与控制",
"sx_subject":"所有食品动物禁用的药物是（2009真题上159）&nbsp;",
"sx_answera":"赛拉唑",
"sx_answerb":"巴胺磷",
"sx_answerc":"氯羟吡啶",
"sx_answerd":"呋喃唑酮 ",
"sx_answere":"氯硝柳胺",
"sx_answer":"D",
"sx_analyze":"雌激素类（己烯雌酚）、同化激素（苯丙酸诺龙）、喹?啉类（卡巴氧）、硝基呋喃类（呋喃西林、呋喃它酮、呋喃唑酮）、硝基咪唑类，砷制剂等有致癌、致畸、致突变的毒性，不得在食品动物中使用。",
"sx_all":"1",
"sx_wrong":"0"
},
{
"sx_id":"379",
"sx_type":"10",
"sx_title":"动物性食品污染与控制",
"sx_subject":"肉制品中的亚硝酸盐主要来源于（2009真题上181）",
"sx_answera":"工业三废污染 ",
"sx_answerb":"饲草种植中农药残留",
"sx_answerc":"畜禽养殖中兽药残留",
"sx_answerd":"食品流通中掺杂掺假",
"sx_answere":"食品加工中添加剂使用 ",
"sx_answer":"E",
"sx_analyze":"肉、鱼类在腌腊过程中使用护色剂硝酸盐或亚硝酸盐。",
"sx_all":"1",
"sx_wrong":"0"
},
{
"sx_id":"380",
"sx_type":"10",
"sx_title":"动物性食品污染与控制",
"sx_subject":"肉制品中的多氯联苯主要来源于（2009真题上182）&nbsp;\n<br>",
"sx_answera":"工业三废污染     ",
"sx_answerb":"饲草种植中农药残留",
"sx_answerc":"畜禽养殖中兽药残留 ",
"sx_answerd":"食品流通中掺杂掺假",
"sx_answere":"食品加工中添加剂使用 ",
"sx_answer":"A",
"sx_analyze":"多氯联苯是人工合成的有机物,在工业上用作热载体、绝缘油和润滑油等。使用多氯联苯的工厂排出的废弃物是污染的主要来源。",
"sx_all":"1",
"sx_wrong":"0"
},
{
"sx_id":"381",
"sx_type":"10",
"sx_title":"动物性食品污染与控制",
"sx_subject":"猪肉中的盐酸克伦特罗主要来源于&nbsp;（2009真题上183）&nbsp;",
"sx_answera":"工业三废污染  ",
"sx_answerb":"饲草种植中农药残留",
"sx_answerc":"畜禽养殖中兽药残留",
"sx_answerd":"食品流通中掺杂掺假",
"sx_answere":"食品加工中添加剂使用 ",
"sx_answer":"C",
"sx_analyze":"盐酸克伦特罗是一种平喘药，俗称“瘦肉精”，是一种β-激动剂。能促进动物生长，提高畜禽瘦肉率，减少脂肪沉积，提高饲料转化率。",
"sx_all":"1",
"sx_wrong":"0"
},
{
"sx_id":"382",
"sx_type":"10",
"sx_title":"动物性食品污染与控制",
"sx_subject":"水俣病是指（2010真题上162）",
"sx_answera":"铅中毒 ",
"sx_answerb":"砷中毒",
"sx_answerc":"镉中毒 ",
"sx_answerd":"汞中毒",
"sx_answere":"氟中毒",
"sx_answer":"D",
"sx_analyze":"水俣病是甲基汞/汞中毒。",
"sx_all":"1",
"sx_wrong":"0"
},
{
"sx_id":"383",
"sx_type":"10",
"sx_title":"动物性食品污染与控制",
"sx_subject":"一中年妇女食用熟猪头肉后，发生腹痛和腹泻，随后出现发热、败血症和脑膜炎症状，根据食物中毒症状，选出受污染食物中最可能的病原菌是（2010真题上181）&nbsp;",
"sx_answera":"沙门氏菌",
"sx_answerb":"葡萄球菌 ",
"sx_answerc":"李斯特菌  ",
"sx_answerd":"肉毒梭菌 ",
"sx_answere":"大肠埃希氏菌",
"sx_answer":"C",
"sx_analyze":"产单核细胞李氏杆菌也称李斯特菌，症状：1）腹泻型，主要表现腹泻、腹痛和发热。2）侵袭型，病人起初常有胃肠炎症状，但主要症状是发热、败血症、脑膜炎、脑脊髓炎。",
"sx_all":"1",
"sx_wrong":"0"
},
{
"sx_id":"384",
"sx_type":"10",
"sx_title":"动物性食品污染与控制",
"sx_subject":"一男童夏天饮用牛乳后，突然发生恶心，反复剧烈呕吐，唾液很多，上腹部疼痛，并有腹泻。呕吐物中混有胆汁和血液，腹泻为水样便，根据食物中毒症状，选出受污染食物中最可能的病原菌是（2010真题上182）",
"sx_answera":"沙门氏菌  ",
"sx_answerb":"葡萄球菌 ",
"sx_answerc":"李斯特菌  ",
"sx_answerd":"肉毒梭菌 ",
"sx_answere":"大肠埃希氏菌",
"sx_answer":"B",
"sx_analyze":"葡萄球菌食物中毒主要症状为突然恶心，反复剧烈呕吐，大量分泌唾液，上腹部不适或腹痛、腹泻。呕吐为本病的特征症状，常呈喷射状，初为食物残渣，后干哕，有时混有胆汁或带有血液。腹泻多为水样便或粘液样便。",
"sx_all":"1",
"sx_wrong":"0"
},
{
"sx_id":"385",
"sx_type":"10",
"sx_title":"动物性食品污染与控制",
"sx_subject":"一男青年食用牛肉罐头后，出现头晕，无力，视力模糊，眼睑下垂，咀嚼无力，张口困难，吞咽和呼吸困难，脖子无力而垂头等肌肉麻痹为特征的症状，根据食物中毒症状，选出受污染食物中最可能的病原菌是（2010真题上183）",
"sx_answera":"沙门氏菌  ",
"sx_answerb":"葡萄球菌 ",
"sx_answerc":"李斯特菌 ",
"sx_answerd":"肉毒梭菌   ",
"sx_answere":"大肠埃希氏菌",
"sx_answer":"D",
"sx_analyze":"肉毒梭菌在厌氧条件下可在肉类、罐装食品、腌制品中大量繁殖，中毒特征为肌肉麻痹，主要症状为头晕、无力、视力模糊、眼睑下垂、复视、咀嚼无力、张口困难、咽喉阻塞感、饮水发呛、吞咽困难、呼吸困难、垂头等。",
"sx_all":"1",
"sx_wrong":"0"
},
{
"sx_id":"386",
"sx_type":"10",
"sx_title":"动物性食品污染与控制",
"sx_subject":"大肠菌群的特性不包括（2012真题上162）&nbsp;",
"sx_answera":"发酵乳糖",
"sx_answerb":"产酸产气  ",
"sx_answerc":"无芽孢  ",
"sx_answerd":"革兰氏阳性 ",
"sx_answere":"需氧和兼性厌氧",
"sx_answer":"D",
"sx_analyze":"大肠菌群系指一群能发酵乳糖、产酸产气、需氧和兼性厌氧的革兰氏阴性无芽孢杆菌。",
"sx_all":"1",
"sx_wrong":"0"
},
{
"sx_id":"388",
"sx_type":"10",
"sx_title":"动物性食品污染与控制",
"sx_subject":"一养牛户，为治疗奶牛乳房炎，将某种禁用药物注入奶牛乳房中治疗数日，使乳中大量残留该药物，可引起食用者骨髓造血机能受到抑制，发生再生障碍性贫血。牛奶中最可能残留的禁用药物是（2012真题上182）",
"sx_answera":"孔雀石绿 ",
"sx_answerb":"己烯雌酚 ",
"sx_answerc":"氯霉素 ",
"sx_answerd":"克伦特罗",
"sx_answere":"呋喃唑酮",
"sx_answer":"C",
"sx_analyze":"氯霉素能抑制骨髓造血机能，引起再生障碍性贫血，因此目前大多数国家（包括中国）均禁止氯霉素用于所有食品源性动物。",
"sx_all":"1",
"sx_wrong":"0"
},
{
"sx_id":"390",
"sx_type":"10",
"sx_title":"动物性食品污染与控制",
"sx_subject":"一养牛户为了促进肉牛生长，长期给肉牛使用某种禁用药物，使肉牛中大量残留该药物，长期食用对食用者的生殖系统和生殖功能造成严重影响，并有可能引起癌变。牛肉中最可能残留的禁用药物是（2012真题上183）&nbsp;",
"sx_answera":"孔雀石绿 ",
"sx_answerb":"己烯雌酚",
"sx_answerc":"氯霉素",
"sx_answerd":"克伦特罗 ",
"sx_answere":"呋喃唑酮",
"sx_answer":"B",
"sx_analyze":"动物性食品中残留的性激素如（己烯雌酚）对人体健康的危害有：（1）对生殖系统和生殖功能造成严重影响；（2）诱发癌症；（3）对人的肝脏等组织有损害作用。",
"sx_all":"1",
"sx_wrong":"0"
},
{
"sx_id":"394",
"sx_type":"10",
"sx_title":"动物性食品污染与控制",
"sx_subject":"引起沙门氏菌食物中毒最常见的食品是（2013真题上162）",
"sx_answera":"粮油制品",
"sx_answerb":"调味品",
"sx_answerc":"肉与肉制品  ",
"sx_answerd":"水果及其制品  ",
"sx_answere":"蔬菜及其制品",
"sx_answer":"C",
"sx_analyze":"引起沙门氏菌食物中毒最常见的食品是动物性食品，尤其是肉与肉制品（病死畜禽肉、酱卤肉、熟内脏等）",
"sx_all":"1",
"sx_wrong":"0"
},
{
"sx_id":"396",
"sx_type":"10",
"sx_title":"动物性食品污染与控制",
"sx_subject":"评定食品被细菌污染程度的指标是（2013真题上163）",
"sx_answera":"大肠杆菌  ",
"sx_answerb":"大肠菌群 ",
"sx_answerc":"沙门氏菌",
"sx_answerd":"菌落总数  ",
"sx_answere":"布鲁氏菌",
"sx_answer":"D",
"sx_analyze":"菌落总数的多少标志着食品质量安全的优劣，其测定有两方面意义：主要作为判定食品被细菌污染程度的标志；也可用以观察细菌在食品中繁殖的动态，以便对被检样品进行安全卫生学评价时提供依据。\n<br>",
"sx_all":"1",
"sx_wrong":"0"
},
{
"sx_id":"397",
"sx_type":"10",
"sx_title":"人兽共患病",
"sx_subject":"以动物为主的人兽共患病是（2009真题上160）\n<br>",
"sx_answera":"炭疽 ",
"sx_answerb":"结核病",
"sx_answerc":"旋毛虫病  ",
"sx_answerd":"钩端螺旋体病",
"sx_answere":"日本血吸虫病",
"sx_answer":"C",
"sx_analyze":"以动物为主的（动物源性）人兽共患病：病原体的储存宿主主要是动物，通常在动物之间传播，偶尔感染人类。人感染后往往成为病原体传播的生物学终端，失去继续传播的机会，如棘球蚴病、旋毛虫病、马脑炎等。\n<br>",
"sx_all":"1",
"sx_wrong":"0"
},
{
"sx_id":"398",
"sx_type":"10",
"sx_title":"人兽共患病",
"sx_subject":"属于自然疫源性疾病的是（2010真题上163）",
"sx_answera":"沙门氏菌病",
"sx_answerb":"猪链球菌病",
"sx_answerc":"流行性出血热  ",
"sx_answerd":"牛海绵状脑病",
"sx_answere":"高致病性禽流感",
"sx_answer":"C",
"sx_analyze":"一种疾病和病原体不依靠人而能在自然界生存繁殖，并只在一定条件下才传染给人和家畜，这种疾病称为自然疫源性疾病。已知的有森林脑炎、流行性出血热等病毒性疾病。",
"sx_all":"1",
"sx_wrong":"0"
},
{
"sx_id":"399",
"sx_type":"10",
"sx_title":"人兽共患病",
"sx_subject":"属于互源性人畜共患病的是（2012真题上163）&nbsp;",
"sx_answera":"棘球蚴病 ",
"sx_answerb":"日本血吸虫病 ",
"sx_answerc":"肉孢子虫病 ",
"sx_answerd":"旋毛虫病 ",
"sx_answere":"肝片吸虫病",
"sx_answer":"B",
"sx_analyze":"人畜并重的（互源性）人兽共患病：人和动物都是其病原体的储存宿主。在自然条件下，病原体可以在人间、动物间及人与动物间相互传染，人和动物互为传染源，如结核病、炭疽、日本血吸虫病、钩端螺旋体病等。\n<br>",
"sx_all":"1",
"sx_wrong":"0"
},
{
"sx_id":"400",
"sx_type":"10",
"sx_title":"人兽共患病",
"sx_subject":"属于人兽并重的人畜共患病（2013真题上164）",
"sx_answera":"炭疽 ",
"sx_answerb":"马脑炎",
"sx_answerc":"旋毛虫病  ",
"sx_answerd":"棘球蚴病  ",
"sx_answere":"囊尾蚴",
"sx_answer":"A",
"sx_analyze":"人畜并重的（互源性）人兽共患病：人和动物都是其病原体的储存宿主。在自然条件下，病原体可以在人间、动物间及人与动物间相互传染，人和动物互为传染源，如结核病、炭疽、日本血吸虫病、钩端螺旋体病等。",
"sx_all":"1",
"sx_wrong":"0"
},
{
"sx_id":"401",
"sx_type":"10",
"sx_title":"场地消毒及生物安全处理",
"sx_subject":"猪场带猪消毒最常用的消毒药是（2009真题上161）",
"sx_answera":"0.1％高锰酸钾溶液",
"sx_answerb":"0.1％氢氧化钠溶液",
"sx_answerc":"0.3％食盐溶液 ",
"sx_answerd":"0.3％过氧乙酸溶液 ",
"sx_answere":"0.3％福尔马林溶液 ",
"sx_answer":"D",
"sx_analyze":"带畜禽消毒最常用的消毒药是&nbsp;0.1％新洁尔灭、0.3％过氧乙酸、0.1％次氯酸钠。",
"sx_all":"1",
"sx_wrong":"0"
},
{
"sx_id":"403",
"sx_type":"10",
"sx_title":"场地消毒及生物安全处理",
"sx_subject":"对患结核病的奶牛应作（2009真题上162）&nbsp;\n<br>",
"sx_answera":"高温处理 ",
"sx_answerb":"化制处理",
"sx_answerc":"销毁处理 ",
"sx_answerd":"生物热处理",
"sx_answere":"化学消毒处理 ",
"sx_answer":"C",
"sx_analyze":"病害动物和病害动物产品生物安全处理规定中销毁的适用对象疾病名录中有结核病，因此对患结核病的奶牛应作销毁处理。",
"sx_all":"1",
"sx_wrong":"0"
},
{
"sx_id":"405",
"sx_type":"10",
"sx_title":"场地消毒及生物安全处理",
"sx_subject":"对畜禽粪便无害化处理，最常用且经济的方法是（2010真题上164）",
"sx_answera":"焚烧 ",
"sx_answerb":"掩埋  ",
"sx_answerc":"化学消毒",
"sx_answerd":"生物热消毒 ",
"sx_answere":"机械性清除",
"sx_answer":"D",
"sx_analyze":"粪便的消毒有焚烧法、掩埋法、化学消毒法及生物热消毒法，其中生物热消毒法最经济有效。",
"sx_all":"1",
"sx_wrong":"0"
},
{
"sx_id":"407",
"sx_type":"10",
"sx_title":"场地消毒及生物安全处理",
"sx_subject":"不能用生物热消毒法处理病畜粪便的疫病是（2012真题上165）&nbsp;",
"sx_answera":"口蹄疫 ",
"sx_answerb":"猪瘟 ",
"sx_answerc":"炭疽",
"sx_answerd":"猪丹毒 ",
"sx_answere":"布鲁氏菌病",
"sx_answer":"C",
"sx_analyze":"生物热消毒法无法杀灭炭疽、气肿疽，只能焚烧或经有效的消毒液消毒后深埋。",
"sx_all":"1",
"sx_wrong":"0"
},
{
"sx_id":"408",
"sx_type":"10",
"sx_title":"场地消毒及生物安全处理",
"sx_subject":"经过好氧处理后的屠宰污水上层清夜，在排放前常采取的处理方法是（2013真题上165）",
"sx_answera":"氯化消毒  ",
"sx_answerb":"碱消毒  ",
"sx_answerc":"酸消毒 ",
"sx_answerd":"过氧化消毒   ",
"sx_answere":"表面活性剂消毒",
"sx_answer":"A",
"sx_analyze":"经过好氧处理后的污水上层清夜，在排放前常采取的处理方法是氯化消毒。&nbsp;",
"sx_all":"1",
"sx_wrong":"0"
},
{
"sx_id":"410",
"sx_type":"10",
"sx_title":"场地消毒及生物安全处理",
"sx_subject":"一定时间和温度下，水体中有机污染物受微生物分解所耗去水体溶解氧的总量是（2013真题上182）",
"sx_answera":"溶解氧  ",
"sx_answerb":"生化需氧量 ",
"sx_answerc":"化学耗氧量 ",
"sx_answerd":"悬浮物 ",
"sx_answere":"混浊度",
"sx_answer":"B",
"sx_analyze":"一定时间和温度下，水体中有机污染物受微生物氧化分解时所耗去水体溶解氧的总量是生化需氧量，数值越高说明有机污物含量越多。",
"sx_all":"1",
"sx_wrong":"0"
},
{
"sx_id":"412",
"sx_type":"10",
"sx_title":"场地消毒及生物安全处理",
"sx_subject":"一定条件下，用强氧化剂氧化水中有机污染物和一些还原物质所耗氧量是（2013真题上183）",
"sx_answera":"溶解氧 ",
"sx_answerb":"生化需氧量 ",
"sx_answerc":"化学耗氧量 ",
"sx_answerd":"悬浮物",
"sx_answere":"混浊度",
"sx_answer":"C",
"sx_analyze":"一定条件下，用强氧化剂氧化水中有机污染物和一些还原物质所耗氧量为化学耗氧量，代表水体中可被氧化的有机物和还原性无机物的总量。",
"sx_all":"1",
"sx_wrong":"0"
},
{
"sx_id":"414",
"sx_type":"10",
"sx_title":"场地消毒及生物安全处理",
"sx_subject":"水中含有的不溶性物质为（2013真题上184）",
"sx_answera":"溶解氧  ",
"sx_answerb":"生化需氧量 ",
"sx_answerc":"化学耗氧量  ",
"sx_answerd":"悬浮物",
"sx_answere":"混浊度",
"sx_answer":"D",
"sx_analyze":"水中含有的不溶性物质称为悬浮物，包括不溶于水的淤泥、黏土、有机物、微生物等。",
"sx_all":"1",
"sx_wrong":"0"
},
{
"sx_id":"416",
"sx_type":"10",
"sx_title":"动物诊疗机构及其人员",
"sx_subject":"动物诊疗机构兽医人员进入高危险性人畜共患病病区时需使用的加强防护用品是（2010真题上165）",
"sx_answera":"工作服 ",
"sx_answerb":"工作帽  ",
"sx_answerc":"鞋套 ",
"sx_answerd":"防护镜  ",
"sx_answere":"医用口罩",
"sx_answer":"C",
"sx_analyze":"接触高危险性人兽共患传染病畜禽时需使用医用外科口罩或医用防护口罩；进入高危险性人兽共患病病区时需使用鞋套。",
"sx_all":"1",
"sx_wrong":"0"
},
{
"sx_id":"418",
"sx_type":"10",
"sx_title":"动物诊疗机构及其人员",
"sx_subject":"动物诊疗机构至少应有两个分区，其中之一必须是（2012真题上166）&nbsp;",
"sx_answera":"动物手术区  ",
"sx_answerb":"动物诊断区 ",
"sx_answerc":"动物处置区 ",
"sx_answerd":"动物疫病区 ",
"sx_answere":"动物消毒区 ",
"sx_answer":"D",
"sx_analyze":"由于很多动物疫病都是人兽共患病，为保障动物诊疗机构医疗人员、畜主和宠物的公共卫生安全，动物诊疗机构至少要分成动物普通病区和动物疫病区。",
"sx_all":"1",
"sx_wrong":"0"
},
{
"sx_id":"419",
"sx_type":"10",
"sx_title":"动物诊疗机构及其人员",
"sx_subject":"动物诊疗场所选址，距离畜禽养殖场、屠宰加工厂、动物交易场所应不少于（2013真题上166）",
"sx_answera":"40米  ",
"sx_answerb":"60米 ",
"sx_answerc":"80米  ",
"sx_answerd":"100米   ",
"sx_answere":"200米",
"sx_answer":"E",
"sx_analyze":"动物诊疗场所选址，距离畜禽养殖场、屠宰加工厂、动物交易场所应不少于200m。",
"sx_all":"1",
"sx_wrong":"0"
},
{
"sx_id":"1591",
"sx_type":"10",
"sx_title":"环境与健康",
"sx_subject":"不具有雌激素活性的环境污染物是（2010真题上161）",
"sx_answera":"氯丹 ",
"sx_answerb":"滴滴涕",
"sx_answerc":"毒杀酚 ",
"sx_answerd":"狄氏剂",
"sx_answere":"亚硝酸盐",
"sx_answer":"E",
"sx_analyze":"具有动物和人体激素的活性，能干扰和破坏动物和人内分泌功能的环境污染物称为环境激素/外源性雌激素。主要包括：\n<br>1）天然雌激素和合成雌激素：天然雌激素是从动物和人尿中排出的一些性激素如17-β雌二醇、孕酮、睾酮，合成激素包括与雌二醇结构相似的类固醇衍生物如二甲基己烯雌酚、己烷雌酚、乙炔基雌二醇、炔雌醚等。\n<br>2）植物雌激素：是由某些植物产生，主要有异酮类、木质素和拟雌内醇。\n<br>3）具有雌激素活性的化学物质：杀虫剂如滴滴涕（DDT）、氯丹、硫丹、毒杀酚、狄氏剂、开蓬；多氯联苯和多环芳烃；非离子表面活性剂-烷基苯酚化合物如4-壬基酚、4-辛基酚；塑料添加剂如邻苯二甲酸酯；食品添加剂（抗氧化剂）如丁苯、丁基羟基茴香醚、4-硝基甲苯、2,4-二氯苯酚。",
"sx_all":"1",
"sx_wrong":"0"
},
{
"sx_id":"1592",
"sx_type":"10",
"sx_title":"动物性食品污染与控制",
"sx_subject":"一养猪户，为增加瘦肉率，减少脂肪沉积，在饲料中非法添加某种禁用药物，造成猪肉中大量残留该药物，可引起食用者出现头痛、头晕、心悸、心律失常、呼吸困难、肌肉震颤和疼痛等中毒症状。猪肉中最可能残留的药物是（2012真题上184）&nbsp;",
"sx_answera":"孔雀石绿   ",
"sx_answerb":"己烯雌酚  ",
"sx_answerc":"氯霉素  ",
"sx_answerd":"克伦特罗 ",
"sx_answere":"呋喃唑酮",
"sx_answer":"D",
"sx_analyze":"β-激动剂又称β-兴奋剂，是一类能与肾上腺素受体结合并激活该受体的药物。能促进动物生长，提高畜禽瘦肉率，减少脂肪沉积，提高饲料转化率。这类药物在动物体内半衰期长，消除缓慢，可残留于肌肉、肝和肺等可食组织。目前在畜禽养殖中非法使用较广泛的β-激动剂主要有克伦特罗（俗称瘦肉精）、沙丁胺醇等。人食用克伦特罗后会出现头痛、头晕、心悸、心律失常、呼吸困难、肌肉震颤和疼痛等中毒症状。\n<br>",
"sx_all":"1",
"sx_wrong":"0"
},
{
"sx_id":"1593",
"sx_type":"10",
"sx_title":"动物性食品污染与控制",
"sx_subject":"不具有游离作用的是（2013真题上160）",
"sx_answera":"破伤风毒素",
"sx_answerb":"肉毒毒素 ",
"sx_answerc":"抗毒素 ",
"sx_answerd":"内毒素",
"sx_answere":"外毒素",
"sx_answer":"D",
"sx_analyze":"细菌毒素是病原菌在代谢过程中合成的对机体有毒害作用的物质，分为内毒素和外毒素。外毒素是革兰氏阳性菌和少数革兰氏阴性菌在代谢过程中分泌到菌体外的一类蛋白质，例如破伤风毒素、肉毒毒素。它们被细菌分泌出去后有游离作用；内毒素是革兰氏阴性菌细胞壁中的脂多糖，菌体死亡或裂解后才能释放出来，所以不具有游离作用。\n<br>抗毒素是由类毒素（由外毒素经甲醛处理后脱去毒性而保留抗原性）刺激机体产生并具有中和游离外毒素作用的抗体，所以具有游离作用。",
"sx_all":"1",
"sx_wrong":"0"
},
{
"sx_id":"1594",
"sx_type":"10",
"sx_title":"动物性食品污染与控制",
"sx_subject":"通过食用猪肉传播的人畜共患寄生虫病是（2013真题上161）",
"sx_answera":"绦虫病 ",
"sx_answerb":"棘球蚴病 ",
"sx_answerc":"旋毛虫病   ",
"sx_answerd":"肝片吸虫病  ",
"sx_answere":"日本血吸虫病",
"sx_answer":"C",
"sx_analyze":"我们认为此题存在争议。我们认为出题人考察的点是《兽医公共卫生》中的“鉴于食源性寄生虫病对人类健康的危害，我国规定，在生猪屠宰中，应当检验猪囊尾蚴、旋毛虫。”\n<br>但是，猪囊尾蚴和猪带绦虫是同一种寄生虫的不同发育时期，人食用猪肉时食入的是猪囊尾蚴，然后在人体内发育为猪带绦虫。我们认为猪囊尾蚴/猪带绦虫是可以通过食用猪肉传播的人兽共患寄生虫病，而出题人可能认为这两者有明确区别。\n<br>旋毛虫病是由旋毛虫寄生于人、猪、犬、猫等引起的一种人兽共患寄生虫病。旋毛虫的幼虫与成虫寄生于同一宿主，宿主先为终末宿主后为中间宿主，宿主因摄食了含有包囊幼虫的动物肌肉而受感染，所以人可通过使用猪肉感染旋毛虫病。\n<br>应试时我们建议选择不存在争议的旋毛虫。",
"sx_all":"1",
"sx_wrong":"0"
},
{
"sx_id":"1595",
"sx_type":"10",
"sx_title":"场地消毒及生物安全处理",
"sx_subject":"某牛场遭受洪灾后，有一头牛出现体温升高至42℃，全身抽搐，可视黏膜发绀，5小时后死亡，口腔、鼻孔等流血且凝固不全。对该病死牛正确的生物安全处理方法是（2010真题上194）",
"sx_answera":"盐腌  ",
"sx_answerb":"化制 ",
"sx_answerc":"焚毁  ",
"sx_answerd":"高温",
"sx_answere":"药物消毒",
"sx_answer":"C",
"sx_analyze":"炭疽的流行病学：主要传染源是患病动物，其排泄物、分泌物及尸体中的病原体一旦形成芽孢，可在土壤中长期存活而成为长久疫源地，可随时传播给易感动物，难以根除。在夏季多雨、洪水泛滥、吸血昆虫多时常见。\n<br>体温高达42℃，全身抽搐、呼吸困难、可视黏膜发绀。随即体温下降，昏迷、虚脱而死。死后可见血液凝固不良，口腔、鼻孔、肛门、阴门流血，尸僵不全。\n<br>发生炭疽时应立即上报疫情，划定疫区，封锁发病场所，将死亡动物尸体依法焚毁。\n<br>",
"sx_all":"1",
"sx_wrong":"0"
},
{
"sx_id":"1596",
"sx_type":"10",
"sx_title":"场地消毒及生物安全处理",
"sx_subject":"现行国家标准规定，水疱病病猪应进行（2012真题上164）&nbsp;",
"sx_answera":"高温处理 ",
"sx_answerb":"冷冻处理 ",
"sx_answerc":"盐腌处理 ",
"sx_answerd":"销毁处理 ",
"sx_answere":"产酸处理",
"sx_answer":"D",
"sx_analyze":"销毁适用对象：确认为口蹄疫、猪水疱病、猪瘟、非洲猪瘟、非洲马瘟、牛瘟、牛传染性胸膜肺炎、牛海绵状脑病、痒病、绵羊梅迪/维斯那病、蓝舌病、小反刍兽疫、绵羊痘和山羊痘、山羊关节炎脑炎、高致病性禽流感、鸡新城疫、炭疽、鼻疽、狂犬病、羊快疫、羊肠毒血症、肉毒梭菌中毒症、羊猝狙、马传染性贫血病、猪密螺旋体痢疾、猪囊尾蚴、急性猪丹毒、钧端螺旋体病(已黄染肉尸)、布鲁氏菌病、结核病、鸭瘟、兔病毒性出血症、野兔热的染疫动物以及其他严重危害人畜健康的病害动物及其产品；病死、毒死或不明死因动物的尸体；经检验对人畜有毒有害的、需销毁的病害动物和病害动物产品；从动物体割除下来的病变部分；人工接种病原微生物或进行药物试验的病害动物和病害动物产品；国家规定的其他应该销毁的动物和动物产品。",
"sx_all":"1",
"sx_wrong":"0"
}
]
}