{
"RECORDS":[
{
"sx_id":"1307",
"sx_type":"11",
"sx_title":"临诊基本方法",
"sx_subject":"浅触诊主要用于检查（2012真题下1）&nbsp;&nbsp;",
"sx_answera":"肾脏大小",
"sx_answerb":"体表温度   ",
"sx_answerc":"肠内容物  ",
"sx_answerd":"腹腔肿块 ",
"sx_answere":"肝脏边缘",
"sx_answer":"B",
"sx_analyze":"浅部触诊法：以一手轻放于被检查的部位，适当加压或不加按压而轻柔地进行滑动触摸，主要检查体表温度和湿度，弹性及硬度，敏感性，心脏搏动，肌肉紧张性，关节、软组织及浅部的动脉、静脉、神经等。",
"sx_all":"1",
"sx_wrong":"0"
},
{
"sx_id":"1310",
"sx_type":"11",
"sx_title":"整体及一般状态检查",
"sx_subject":"犬的正常体温范围是（2009真题下3）&nbsp;",
"sx_answera":"36.5-38.0℃  ",
"sx_answerb":"36.5-38.5℃ ",
"sx_answerc":"37.0-38.0℃  ",
"sx_answerd":"37.5-39.0℃ ",
"sx_answere":"38.5-39.0℃ ",
"sx_answer":"D",
"sx_analyze":"犬的正常体温是37.5?39℃.",
"sx_all":"1",
"sx_wrong":"0"
},
{
"sx_id":"1314",
"sx_type":"11",
"sx_title":"整体及一般状态检查",
"sx_subject":"检查浅表淋巴结活动性的基本方法是（2010真题下1）",
"sx_answera":"视诊  ",
"sx_answerb":"触诊  ",
"sx_answerc":"叩诊   ",
"sx_answerd":"听诊 ",
"sx_answere":"嗅诊",
"sx_answer":"B",
"sx_analyze":"浅表淋巴结的检查主要用触诊和视诊的方法，必要时配合穿刺检查法，也可通过X线或CT检查。视诊主要检查其大小、结构、形状、表面状态，触诊主要检查其硬度、温度、敏感度及活动性等。",
"sx_all":"1",
"sx_wrong":"0"
},
{
"sx_id":"1316",
"sx_type":"11",
"sx_title":"整体及一般状态检查",
"sx_subject":"犬猫可视黏膜检查的主要部位是（2010真题下118）",
"sx_answera":"眼结膜   ",
"sx_answerb":"鼻腔黏膜   ",
"sx_answerc":"口腔黏膜 ",
"sx_answerd":"直肠黏膜  ",
"sx_answere":"阴道黏膜 ",
"sx_answer":"A",
"sx_analyze":"可视黏膜包括眼结膜、鼻黏膜、口黏膜、外阴部及阴道黏膜等。临床检查主要是检查眼结膜，必要时还应与其他可视结膜进行对照。",
"sx_all":"1",
"sx_wrong":"0"
},
{
"sx_id":"1318",
"sx_type":"11",
"sx_title":"整体及一般状态检查",
"sx_subject":"测量犬猫体温的主要部位是（2010真题下124）&nbsp;",
"sx_answera":"皮肤  ",
"sx_answerb":"口腔",
"sx_answerc":"腋下   ",
"sx_answerd":"耳根 ",
"sx_answere":"直肠 ",
"sx_answer":"E",
"sx_analyze":"临诊测量哺乳动物体温均以直肠温度为标准，小动物可测量腋下和股内侧温度，禽类通常测其翼下温度。",
"sx_all":"1",
"sx_wrong":"0"
},
{
"sx_id":"1319",
"sx_type":"11",
"sx_title":"整体及一般状态检查",
"sx_subject":"检查浅表淋巴结活动性的基本方法是（2012真题下2）&nbsp;&nbsp;",
"sx_answera":"视诊",
"sx_answerb":"触诊 ",
"sx_answerc":"叩诊  ",
"sx_answerd":"听诊 ",
"sx_answere":"嗅诊",
"sx_answer":"B",
"sx_analyze":"浅表淋巴结的检查主要用触诊和视诊的方法。必要时配合穿刺检查法，也可通过X线或CT检查。视诊主要检查其大小、结构、形状和表面状态；触诊主要检查其硬度、温度、敏感度及活动性等。",
"sx_all":"1",
"sx_wrong":"0"
},
{
"sx_id":"1320",
"sx_type":"11",
"sx_title":"整体及一般状态检查",
"sx_subject":"健康犬的脉搏变化范围是（2012真题下111）",
"sx_answera":"30-80次/分  ",
"sx_answerb":"40-90次/分 ",
"sx_answerc":"50-100次/分 ",
"sx_answerd":"60-110次/分",
"sx_answere":"70-120次/分",
"sx_answer":"E",
"sx_analyze":"健康犬的脉搏频率为70-120次/分钟",
"sx_all":"1",
"sx_wrong":"0"
},
{
"sx_id":"1321",
"sx_type":"11",
"sx_title":"整体及一般状态检查",
"sx_subject":"最能直接反映动物精神状态的是（2013真题下111）",
"sx_answera":"姿态  ",
"sx_answerb":"饮水量",
"sx_answerc":"采食量  ",
"sx_answerd":"对环境的适应性",
"sx_answere":"对外界刺激的反应能力",
"sx_answer":"E",
"sx_analyze":"动物的精神状态可根据动物对外界刺激的反应能力及行为表现而判定。",
"sx_all":"1",
"sx_wrong":"0"
},
{
"sx_id":"1322",
"sx_type":"11",
"sx_title":"整体及一般状态检查",
"sx_subject":"临床检查牛脉搏最常用（2013真题下112）",
"sx_answera":"股动脉  ",
"sx_answerb":"臂动脉  ",
"sx_answerc":"尾动脉   ",
"sx_answerd":"指动脉",
"sx_answere":"颌外动脉",
"sx_answer":"C",
"sx_analyze":"脉搏检查，马通常检查颌外动脉，牛检查尾动脉，小动物检查股动脉或肱动脉。",
"sx_all":"1",
"sx_wrong":"0"
},
{
"sx_id":"1323",
"sx_type":"11",
"sx_title":"整体及一般状态检查",
"sx_subject":"检查家禽呼吸频率的最常用的方法是（2013真题下113）",
"sx_answera":"观察头部  ",
"sx_answerb":"观察胸廓运动",
"sx_answerc":"观察肛下羽毛  ",
"sx_answerd":"用手背触感呼出气流",
"sx_answere":"用手掌触感胸廓运动",
"sx_answer":"C",
"sx_analyze":"检查家禽呼吸频率的最常用的方法是观察肛门部羽毛的抽动来计算。",
"sx_all":"1",
"sx_wrong":"0"
},
{
"sx_id":"1325",
"sx_type":"11",
"sx_title":"心血管系统检查",
"sx_subject":"牛心律不齐提示（2009真题下4）&nbsp;",
"sx_answera":"胸壁肥厚 ",
"sx_answerb":"渗出性胸膜炎 ",
"sx_answerc":"心肌炎症引起的传导障碍   ",
"sx_answerd":"左右房室瓣关闭时间不一致 ",
"sx_answere":"主动脉与肺动脉根部血压差异大 ",
"sx_answer":"C",
"sx_analyze":"心率不齐是指每次心音的间隔时间不等，且强度不一。心律不齐多为心肌的兴奋性改变或其传导机能障碍的结果。",
"sx_all":"1",
"sx_wrong":"0"
},
{
"sx_id":"1327",
"sx_type":"11",
"sx_title":"心血管系统检查",
"sx_subject":"属于心脏收缩期的非器质性杂音是（2010真题下2）",
"sx_answera":"贫血性杂音",
"sx_answerb":"心包摩擦音",
"sx_answerc":"心包拍水音 ",
"sx_answerd":"连续性杂音",
"sx_answere":"心肺性杂音",
"sx_answer":"A",
"sx_analyze":"心脏杂音是指心音以外持续时间较长的附加声音。心脏杂音按发生部位分为心内杂音和心外杂音（心包摩擦音、心包拍水音、心肺性杂音）；心内杂音按发生原因分为器质性杂音（缩期杂音、张期杂音、连续性杂音）和非器质性杂音（相对闭锁不全性杂音、贫血性杂音）。\n\n\n         \n\n\n\n ",
"sx_all":"1",
"sx_wrong":"0"
},
{
"sx_id":"1329",
"sx_type":"11",
"sx_title":"心血管系统检查",
"sx_subject":"牛心脏检查的首选方法是（2010真题下108）&nbsp;",
"sx_answera":"视诊   ",
"sx_answerb":"听诊    ",
"sx_answerc":"触诊     ",
"sx_answerd":"叩诊     ",
"sx_answere":"问诊",
"sx_answer":"B",
"sx_analyze":"视诊、触诊、叩诊和听诊是兽医临诊上心脏检查的基本方法，其中触诊和听诊最常用。心脏检查在临床上具有重要的意义。可用视、触诊的方法检查心搏动；用叩诊的方法判定心脏浊音区；并应着重用听诊的方法，诊查心音，判断心音的频率、强度、性质和节律的改变以及有否心杂音。",
"sx_all":"1",
"sx_wrong":"0"
},
{
"sx_id":"1331",
"sx_type":"11",
"sx_title":"心血管系统检查",
"sx_subject":"叩诊时，引起心浊音区缩小的疾病是（2012真题下3）",
"sx_answera":"心包积液    ",
"sx_answerb":"心扩张",
"sx_answerc":"心肥大 ",
"sx_answerd":"肺气肿  ",
"sx_answere":"肺炎",
"sx_answer":"D",
"sx_analyze":"绝对浊音区缩小见于肺泡气肿及气胸，相对浊音区缩小见于肺萎陷和覆盖心脏的肺叶部分发生实变。",
"sx_all":"1",
"sx_wrong":"0"
},
{
"sx_id":"1334",
"sx_type":"11",
"sx_title":"心血管系统检查",
"sx_subject":"牛三尖瓣口的最佳听诊区在（2012真题下112）",
"sx_answera":"左侧第3肋间 ",
"sx_answerb":"右侧第3肋间 ",
"sx_answerc":"左侧第4肋间     ",
"sx_answerd":"右侧第4肋间 ",
"sx_answere":"左侧第5肋间",
"sx_answer":"B",
"sx_analyze":"心音的最强听取点即听诊心音最清楚的部位。牛三尖瓣口的最佳听诊区在右侧第三肋间，胸廓下1/3的中央水平线上。",
"sx_all":"1",
"sx_wrong":"0"
},
{
"sx_id":"1337",
"sx_type":"11",
"sx_title":"胸壁及呼吸系统检查",
"sx_subject":"健康牛肺叩诊区后界线应经过肩关节水平线与（2009真题下1）",
"sx_answera":"第7肋间的交叉点  ",
"sx_answerb":"第8肋间的交叉点",
"sx_answerc":"第9肋间的交叉点  ",
"sx_answerd":"第10肋间的交叉点 ",
"sx_answere":"第11肋间的交叉点 ",
"sx_answer":"B",
"sx_analyze":"健康牛肺叩诊区为三角形，上界为与脊柱平行的直线，距背中线10cm左右，前界为自肩胛骨后角沿肘肌向下划S曲线，止于第4肋间，后下界为自背界的第12肋骨开始，向下、向前经髋结节线与第11肋间交叉，经肩关节线与第8肋间的交叉点，止于第4肋间的曲线。",
"sx_all":"1",
"sx_wrong":"0"
},
{
"sx_id":"1339",
"sx_type":"11",
"sx_title":"胸壁及呼吸系统检查",
"sx_subject":"肺脏听诊时，开始部位在肺听诊区的（2009真题下2）&nbsp;",
"sx_answera":"上 1/3 ",
"sx_answerb":"中 1/3   ",
"sx_answerc":"下 1/3 ",
"sx_answerd":"前 1/3    ",
"sx_answere":"后 1/3",
"sx_answer":"B",
"sx_analyze":"肺听诊区和叩诊区基本一致。听诊时先从中1/3开始，由前向后逐渐听取，其次上1/3，最后听诊下1/3。每个部位听2-3次呼吸音，再变换位置，直至听完全肺。",
"sx_all":"1",
"sx_wrong":"0"
},
{
"sx_id":"1351",
"sx_type":"11",
"sx_title":"胸壁及呼吸系统检查",
"sx_subject":"某猪场育肥猪突然出现咳嗽、X线检查肺部无明显异常，叩击胸壁出现频繁咳嗽并躲闪，胸腔穿刺放出少许含有大量纤维蛋白的黄色液体。发病猪的呼吸类型应是（2009真题下136）&nbsp;",
"sx_answera":"腹式呼吸   ",
"sx_answerb":"胸式呼吸",
"sx_answerc":"胸腹式呼吸  ",
"sx_answerd":"先腹式呼吸后胸式呼吸",
"sx_answere":"先胸式呼吸后腹式呼吸 ",
"sx_answer":"A",
"sx_analyze":"根据出现咳嗽，X线检查肺部无异常，叩击胸壁出现频繁咳嗽并躲闪，胸腔穿刺放出少量含有大量纤维蛋白的黄色液体等症状，可初步判定病猪发生胸膜炎，故无法进行胸腹式呼吸。只进行腹式呼吸。",
"sx_all":"1",
"sx_wrong":"0"
},
{
"sx_id":"1353",
"sx_type":"11",
"sx_title":"胸壁及呼吸系统检查",
"sx_subject":"患牛，稽留热，胸部叩诊有广泛的浊音区。精神沉郁，食欲废绝，心率加快，呼吸困难。其呼吸困难的类型属于（2009真题下144）&nbsp;",
"sx_answera":"肺源性",
"sx_answerb":"心源性 ",
"sx_answerc":"血源性  ",
"sx_answerd":"中毒性  ",
"sx_answere":"中枢性 ",
"sx_answer":"A",
"sx_analyze":"根据患牛出现稽留热、胸部叩诊有广泛的浊音区，心率加快等临床症状，表明患牛发生肺部炎症，因此其呼吸困难属于肺源性。",
"sx_all":"1",
"sx_wrong":"0"
},
{
"sx_id":"1359",
"sx_type":"11",
"sx_title":"胸壁及呼吸系统检查",
"sx_subject":"属于犬生理性肺呼吸音是（2010真题下3）",
"sx_answera":"?音   ",
"sx_answerb":"捻发音 ",
"sx_answerc":"空瓮音 ",
"sx_answerd":"混合呼吸音  ",
"sx_answere":"齿轮呼吸音",
"sx_answer":"D",
"sx_analyze":"生理性呼吸音：动物呼吸时，气流进出细支气管和肺泡时发生摩擦，引起漩涡运动而产生声音，经过肺组织和胸壁，在体表所听到的声音，即为肺呼吸音。在正常肺部可听到两种不同性质的声音，即肺泡呼吸音和支气管呼吸音。混合呼吸音，即支气管呼吸音与肺泡呼吸音的混合音。",
"sx_all":"1",
"sx_wrong":"0"
},
{
"sx_id":"1360",
"sx_type":"11",
"sx_title":"胸壁及呼吸系统检查",
"sx_subject":"毕欧特氏呼吸的特点是（2012真题下4）&nbsp;",
"sx_answera":"间断性呼气或吸气  ",
"sx_answerb":"呼气和吸气都费力，时间延长 ",
"sx_answerc":"深大呼吸与暂停交替出现  ",
"sx_answerd":"呼吸深大而慢，但无暂停 ",
"sx_answere":"由浅而深再至浅，经暂停后复始",
"sx_answer":"C",
"sx_analyze":"毕欧特氏呼吸：特征为数次连续的、深度大致相等的深呼吸和呼吸暂停交替出现，即周而复始的间停呼吸，又称为间停式呼吸。表明呼吸中枢的敏感性极度降低，是病情危险的标志，提示预后不良。",
"sx_all":"1",
"sx_wrong":"0"
},
{
"sx_id":"1379",
"sx_type":"11",
"sx_title":"腹腔及消化系统检查",
"sx_subject":"犬腹痛时典型的表现是（2009真题下7）&nbsp;",
"sx_answera":"昏睡   ",
"sx_answerb":"晕厥 ",
"sx_answerc":"嚎叫   ",
"sx_answerd":"弓背姿势     ",
"sx_answere":"前肢刨地 ",
"sx_answer":"D",
"sx_analyze":"动物腹痛时，会采用减轻腹压等方式缓解疼痛。例如弓背（祈祷姿势），避免触碰、趴卧在冰凉的地面上等。犬腹痛表现为弓背姿势，精神沉郁，不愿活动。",
"sx_all":"1",
"sx_wrong":"0"
},
{
"sx_id":"1385",
"sx_type":"11",
"sx_title":"腹腔及消化系统检查",
"sx_subject":"黄牛，3岁，饲料以麦秸为主。采食减少，口腔有大量唾液流出，口角外附有泡沫样粘液，粪便、尿液和体温正常。最可能的诊断是（2009真题下74）",
"sx_answera":"咽炎 ",
"sx_answerb":"口炎    ",
"sx_answerc":"胃炎    ",
"sx_answerd":"肠炎 ",
"sx_answere":"食道梗阻 ",
"sx_answer":"B",
"sx_analyze":"口炎是口腔黏膜炎症的统称。病因包括非传染性病因（粗糙或尖锐饲料、刺激性药物等）和传染性病因（口蹄疫等）。主要表现泡沫样流涎，采食、咀嚼困难。&nbsp;",
"sx_all":"1",
"sx_wrong":"0"
},
{
"sx_id":"1400",
"sx_type":"11",
"sx_title":"腹腔及消化系统检查",
"sx_subject":"牛，近日采食量减少，反刍和嗳气也减少，体温减38.7℃，听诊瘤胃蠕动音明显减弱，触诊瘤胃内容物松动，实验室检查瘤胃液pH5.8,纤毛虫数量减少。该病最可能诊断为&nbsp;",
"sx_answera":"前胃迟缓",
"sx_answerb":"瘤胃酸中毒  ",
"sx_answerc":"瘤胃积食 ",
"sx_answerd":"瓣胃阻塞 ",
"sx_answere":"瘤胃鼓气",
"sx_answer":"A",
"sx_analyze":"前胃弛缓是由各种病因导致前胃神经兴奋性降低，肌肉收缩力减弱，瘤胃内容物运转缓慢，微生物区系失调，产生大量发酵和腐败的物质的一种疾病。急性前胃弛缓时，瘤胃内容物pH可下降至6.5-5.5，纤毛虫活性降低，数量减少，甚至消失。",
"sx_all":"1",
"sx_wrong":"0"
},
{
"sx_id":"1401",
"sx_type":"11",
"sx_title":"腹腔及消化系统检查",
"sx_subject":"黄牛，采食过程中被惊吓，突然躁动不安，伸颈，空嚼吞咽，大量流涎，咳嗽，呼吸困难。\n该病可能为",
"sx_answera":"口炎    ",
"sx_answerb":"咽炎 ",
"sx_answerc":"唾液腺炎     ",
"sx_answerd":"食道阻塞     ",
"sx_answere":"肠胃臌气",
"sx_answer":"D",
"sx_analyze":"发生食管阻塞时，病畜采食中止，突然起病；口腔和鼻腔大量流涎；低头伸颈，徘徊不安或晃头缩脖，做吞咽动作。食管阻塞的诊断，可以依据食管探查和X射线检查。",
"sx_all":"1",
"sx_wrong":"0"
},
{
"sx_id":"1402",
"sx_type":"11",
"sx_title":"腹腔及消化系统检查",
"sx_subject":"黄牛，采食过程中被惊吓，突然躁动不安，伸颈，空嚼吞咽，大量流涎，咳嗽，呼吸困难\n进一步诊断本病的检查方法是",
"sx_answera":"瘤胃穿刺",
"sx_answerb":"瘤胃叩诊",
"sx_answerc":"胸部叩诊 ",
"sx_answerd":"口腔视诊",
"sx_answere":"胃管探诊",
"sx_answer":"E",
"sx_analyze":"发生食管阻塞时，病畜采食中止，突然起病；口腔和鼻腔大量流涎；低头伸颈，徘徊不安或晃头缩脖，做吞咽动作。食管阻塞的诊断，可以依据食管探查和X射线检查。",
"sx_all":"1",
"sx_wrong":"0"
},
{
"sx_id":"1403",
"sx_type":"11",
"sx_title":"生殖系统检查",
"sx_subject":"牛胎衣不下时最常用的检查方法是（2010真题下13）",
"sx_answera":"B超检查",
"sx_answerb":"X线检查",
"sx_answerc":"阴道检查",
"sx_answerd":"直肠检查",
"sx_answere":"血液生化检查",
"sx_answer":"C",
"sx_analyze":"母牛产后胎衣不下时，从阴道排出污红色恶臭液体，阴门外常吊挂部分的胎衣，常用阴道检查来诊断。",
"sx_all":"1",
"sx_wrong":"0"
},
{
"sx_id":"1404",
"sx_type":"11",
"sx_title":"腹腔及消化系统检查",
"sx_subject":"黄牛，采食过程中被惊吓，突然躁动不安，伸颈，空嚼吞咽，大量流涎，咳嗽，呼吸困难。\n进一步诊断本病的检查方法是",
"sx_answera":"X线检查   ",
"sx_answerb":"B超检查   ",
"sx_answerc":"心电图检查   ",
"sx_answerd":"血常规检查  ",
"sx_answere":"金属检查仪检查",
"sx_answer":"A",
"sx_analyze":"发生食管阻塞时，病畜采食中止，突然起病；口腔和鼻腔大量流涎；低头伸颈，徘徊不安或晃头缩脖，做吞咽动作。食管阻塞的诊断，可以依据食管探查和X射线检查。",
"sx_all":"1",
"sx_wrong":"0"
},
{
"sx_id":"1405",
"sx_type":"11",
"sx_title":"生殖系统检查",
"sx_subject":"对母牛进行阴道检查时，发现阴道呈螺旋状褶皱。该病的诊断是（2012真题下61）",
"sx_answera":"阴道炎",
"sx_answerb":"胎衣不下 ",
"sx_answerc":"子宫捻转",
"sx_answerd":"子宫脱出",
"sx_answere":"子宫颈炎",
"sx_answer":"C",
"sx_analyze":"子宫扭转：腹痛明显，阴道黏膜充血呈紫红色，阴道壁紧张，其特点是越向前越变狭窄，且在前端呈较大的明显的螺旋状皱褶，皱褶的方向标志着子宫扭转的方向。",
"sx_all":"1",
"sx_wrong":"0"
},
{
"sx_id":"1406",
"sx_type":"11",
"sx_title":"腹腔及消化系统检查",
"sx_subject":"犬脾脏肿大常用的临床检查方法是（2013真题下114）",
"sx_answera":"叩诊结合听诊   ",
"sx_answerb":"脾脏穿刺 ",
"sx_answerc":"体外触诊",
"sx_answerd":"直肠检查",
"sx_answere":"叩诊",
"sx_answer":"C",
"sx_analyze":"犬脾脏检查：临诊上主要采用外部触诊。使犬右侧卧，左手托右腹部，右手在左肋下向深部压迫，借以触知脾脏大小、形状、硬度和疼痛反应。",
"sx_all":"1",
"sx_wrong":"0"
},
{
"sx_id":"1407",
"sx_type":"11",
"sx_title":"生殖系统检查",
"sx_subject":"对母牛进行阴道检查时，发现子宫颈外口充血肿胀，子宫颈外褶凸出，有黏脓性恶臭分泌物。该病的诊断是（2012真题下62）",
"sx_answera":"阴道炎 ",
"sx_answerb":"胎衣不下   ",
"sx_answerc":"子宫捻转 ",
"sx_answerd":"子宫脱出 ",
"sx_answere":"子宫颈炎",
"sx_answer":"E",
"sx_analyze":"子宫颈发炎时其外口通常充血肿胀，子宫颈外褶凸出，有黏脓性恶臭分泌物。\n<br>",
"sx_all":"1",
"sx_wrong":"0"
},
{
"sx_id":"1408",
"sx_type":"11",
"sx_title":"神经系统及运动机能检查",
"sx_subject":"多发性神经炎时出现痒感的原因是（2009真题下13）&nbsp;\n<br>",
"sx_answera":"浅感觉过敏",
"sx_answerb":"浅感觉减退",
"sx_answerc":"浅感觉异常  ",
"sx_answerd":"深感觉异常",
"sx_answere":"特殊感觉异常 ",
"sx_answer":"C",
"sx_analyze":"浅感觉的常见病理变化：感觉过敏，轻微刺激即可引起强烈反应；感觉性减退及缺失，对刺激的感觉能力降低甚至完全缺失；感觉异常，不受外界刺激影响而自发产生的异常感觉，如痒感、蚁行感、烧灼感等。",
"sx_all":"1",
"sx_wrong":"0"
},
{
"sx_id":"1409",
"sx_type":"11",
"sx_title":"泌尿系统检查",
"sx_subject":"可引起犬少尿的疾病是（2010真题下6）",
"sx_answera":"尿崩症 ",
"sx_answerb":"糖尿病   ",
"sx_answerc":"急性肾炎  ",
"sx_answerd":"慢性肾炎",
"sx_answere":"子宫蓄脓",
"sx_answer":"C",
"sx_analyze":"少尿和无尿可分为：1）肾前性，即功能性肾衰竭，多见于严重脱水或电解质紊乱、外周血管衰竭、充血性心力衰竭等；2）肾原性，即器质性肾衰竭，多因肾小球和肾小管严重损害，如急性肾炎；3）肾后性，即梗阻性肾衰竭，见于肾盂或输尿管阻塞如肾结石、输尿管结石、膀胱结石等。",
"sx_all":"1",
"sx_wrong":"0"
},
{
"sx_id":"1410",
"sx_type":"11",
"sx_title":"神经系统及运动机能检查",
"sx_subject":"犬，3月龄，购回1&nbsp;月余，对主人的呼唤无反应，饮、食欲正常。该犬首先需要检查的脑神经是（2010真题下74）",
"sx_answera":"听神经 ",
"sx_answerb":"视神经",
"sx_answerc":"三叉神经  ",
"sx_answerd":"舌咽神经",
"sx_answere":"动眼神经",
"sx_answer":"A",
"sx_analyze":"健康动物听到声音后，其头向声音发出方向回顾，同时外耳亦做运动，以获得外界的声音。根据题干中病犬的临床表现，表明是听觉障碍，所以应进行听力检查。\n<br>",
"sx_all":"1",
"sx_wrong":"0"
},
{
"sx_id":"1411",
"sx_type":"11",
"sx_title":"神经系统及运动机能检查",
"sx_subject":"犬，3月龄，购回1&nbsp;月余，对主人的呼唤无反应，饮、食欲正常。该犬首先需要检查的脑神经是（2010真题下74）",
"sx_answera":"听神经 ",
"sx_answerb":"视神经",
"sx_answerc":"三叉神经  ",
"sx_answerd":"舌咽神经",
"sx_answere":"动眼神经",
"sx_answer":"A",
"sx_analyze":"健康动物听到声音后，其头向声音发出方向回顾，同时外耳亦做运动，以获得外界的声音。根据题干中病犬的临床表现，表明是听觉障碍，所以应进行听力检查。\n<br>",
"sx_all":"1",
"sx_wrong":"0"
},
{
"sx_id":"1412",
"sx_type":"11",
"sx_title":"神经系统及运动机能检查",
"sx_subject":"犬，3月龄，购回1&nbsp;月余，对主人的呼唤无反应，饮、食欲正常。该犬首先需要检查的脑神经是（2010真题下74）",
"sx_answera":"听神经 ",
"sx_answerb":"视神经",
"sx_answerc":"三叉神经  ",
"sx_answerd":"舌咽神经",
"sx_answere":"动眼神经",
"sx_answer":"A",
"sx_analyze":"健康动物听到声音后，其头向声音发出方向回顾，同时外耳亦做运动，以获得外界的声音。根据题干中病犬的临床表现，表明是听觉障碍，所以应进行听力检查。\n<br>",
"sx_all":"1",
"sx_wrong":"0"
},
{
"sx_id":"1413",
"sx_type":"11",
"sx_title":"泌尿系统检查",
"sx_subject":"北京犬，8岁，近期排尿习惯改变，排尿困难，尿少而频，色红，触诊检查膀胱有疼痛反应，X线检查未见膀胱结石阴影，该红尿病例最可能的红尿性质是",
"sx_answera":"血尿  ",
"sx_answerb":"卟啉尿     ",
"sx_answerc":"肌红蛋白尿  ",
"sx_answerd":"血红蛋白尿   ",
"sx_answere":"药物性红尿",
"sx_answer":"A",
"sx_analyze":"红尿指尿液呈红色、红棕色或黑棕色的一种病理现象，根据原因不同分为血尿、血红蛋白尿、肌红蛋白尿、卟啉尿和药物性红尿等。根据病症，可初步判断病畜膀胱有出血性病变，因此选血尿。",
"sx_all":"1",
"sx_wrong":"0"
},
{
"sx_id":"1414",
"sx_type":"11",
"sx_title":"神经系统及运动机能检查",
"sx_subject":"鸡维生素B1缺乏时会出现观星状姿势。这种症状属于（2012真题下113）",
"sx_answera":"脊髓性失调",
"sx_answerb":"前庭性失调 ",
"sx_answerc":"小脑性失调 ",
"sx_answerd":"大脑性失调 ",
"sx_answere":"延脑性失调",
"sx_answer":"B",
"sx_analyze":"鸡维生素B1缺乏时，表现为多发性神经炎，主要显现进行性肌麻痹，特征性症状是由于颈前肌肉麻痹导致头颈后仰而造成的“观星姿势”。该病主要病变在前庭部分，所以是前庭性失调。",
"sx_all":"1",
"sx_wrong":"0"
},
{
"sx_id":"1415",
"sx_type":"11",
"sx_title":"神经系统及运动机能检查",
"sx_subject":"肢体作主动运动时肌肉最大的收缩力是（2013真题下2）",
"sx_answera":"肌力  ",
"sx_answerb":"肌张力 ",
"sx_answerc":"肌弹力",
"sx_answerd":"肌阻力 ",
"sx_answere":"肌体积",
"sx_answer":"A",
"sx_analyze":"肌力：肢体做主动运动时肌肉最大的收缩力。",
"sx_all":"1",
"sx_wrong":"0"
},
{
"sx_id":"1416",
"sx_type":"11",
"sx_title":"泌尿系统检查",
"sx_subject":"经产奶牛，3天前食欲下降，体温38.5℃，呼吸28次/分钟，脉搏85次/分钟，结膜苍白、黄染，排尿次数增加，但每次排尿量相对减少，尿液呈暗红色，该红尿病例最可能的红尿性质是",
"sx_answera":"血尿",
"sx_answerb":"卟啉尿  ",
"sx_answerc":"肌红蛋白尿     ",
"sx_answerd":"血红蛋白尿",
"sx_answere":"药物性红尿",
"sx_answer":"D",
"sx_analyze":"根据牛黏膜苍白、黄染，提示该牛贫血且有溶血，尿液呈暗红色，应为血红蛋白尿。",
"sx_all":"1",
"sx_wrong":"0"
},
{
"sx_id":"1417",
"sx_type":"11",
"sx_title":"泌尿系统检查",
"sx_subject":"马，长期休闲，饲喂富含碳水化合物饲料。剧烈运动后，突然出现运动障碍；股四头肌和臀肌强直，硬如木板。发病后3天来就诊。\n<br>其尿液的颜色可能是",
"sx_answera":"红色  ",
"sx_answerb":"白色 ",
"sx_answerc":"绿色",
"sx_answerd":"黄色 ",
"sx_answere":"无色",
"sx_answer":"A",
"sx_analyze":"分析题目可得知该马长期休闲后剧烈运动，肌肉僵直，锁定名词“马的肌红蛋白尿”。所以尿液颜色为红色；",
"sx_all":"1",
"sx_wrong":"0"
},
{
"sx_id":"1418",
"sx_type":"11",
"sx_title":"血液的一般检查",
"sx_subject":"动物交叉配血试验相合是指（2010真题下4）",
"sx_answera":"主侧凝集、次侧不定",
"sx_answerb":"次侧凝集，主侧不定",
"sx_answerc":"主侧凝集、次侧凝集 ",
"sx_answerd":"主侧不凝集、次侧凝集",
"sx_answere":"主侧不凝集、次侧不凝集",
"sx_answer":"E",
"sx_analyze":"配血试验：检测受血者与供血者血液是否相合及避免溶血性输血反应。由于配血试验主要是检查受血者血清中有无破坏献血者红细胞的抗体，所以把患病动物的血清与献血者红细胞相配一管称为主侧；把献血者血清与受血者红细胞相配的一管称为次侧，两者合称交叉配血。主、次侧都无红细胞凝集现象，表示相合，可以输血。\n<br>",
"sx_all":"1",
"sx_wrong":"0"
},
{
"sx_id":"1419",
"sx_type":"11",
"sx_title":"泌尿系统检查",
"sx_subject":"马，长期休闲，饲喂富含碳水化合物饲料。剧烈运动后，突然出现运动障碍；股四头肌和臀肌强直，硬如木板。发病后3天来就诊。\n<br>尿液的性质可能是",
"sx_answera":"糖尿",
"sx_answerb":"药尿 ",
"sx_answerc":"卟啉尿",
"sx_answerd":"血红蛋白尿 ",
"sx_answere":"肌红蛋白尿",
"sx_answer":"E",
"sx_analyze":"尿液是红色的原因是含有肌红蛋白",
"sx_all":"1",
"sx_wrong":"0"
},
{
"sx_id":"1420",
"sx_type":"11",
"sx_title":"血液的一般检查",
"sx_subject":"过度型中性粒细胞是指（2012真题下5）&nbsp;",
"sx_answera":"原粒细胞 ",
"sx_answerb":"中幼粒细胞 ",
"sx_answerc":"杆状核粒细胞   ",
"sx_answerd":"3叶核粒细胞 ",
"sx_answere":"5叶核粒细胞",
"sx_answer":"C",
"sx_analyze":"外周血中中性粒细胞核象是指粒细胞的成熟程度，分为未成熟中性粒细胞（原粒细胞、早幼粒细胞、中幼粒细胞、晚幼粒细胞），过渡型（杆状核粒细胞），中性分叶核粒细胞。",
"sx_all":"1",
"sx_wrong":"0"
},
{
"sx_id":"1421",
"sx_type":"11",
"sx_title":"血液的一般检查",
"sx_subject":"次侧交叉配血试验时，与供血者血清配合的是受血者的（2013真题下3）",
"sx_answera":"红细胞 ",
"sx_answerb":"白细胞 ",
"sx_answerc":"血小板   ",
"sx_answerd":"血浆  ",
"sx_answere":"全血",
"sx_answer":"A",
"sx_analyze":"配血试验是检测受血者与供血者血液是否相合及避免溶血性输血反应必不可少的检测项目。由于配血试验主要是检查受血者血清中有无破坏献血者红细胞的抗体，所以把患病动物的血清与献血者红细胞相配一管称为主侧；把献血者血清与受血者红细胞相配的一管称为次侧，两者合称交叉配血。",
"sx_all":"1",
"sx_wrong":"0"
},
{
"sx_id":"1422",
"sx_type":"11",
"sx_title":"泌尿系统检查",
"sx_subject":"马，长期休闲，饲喂富含碳水化合物饲料。剧烈运动后，突然出现运动障碍；股四头肌和臀肌强直，硬如木板。发病后3天来就诊。\n<br>镜检尿液发现",
"sx_answera":"无异常成分  ",
"sx_answerb":"有大量管型  ",
"sx_answerc":"有大量血小板   ",
"sx_answerd":"有大量白细胞",
"sx_answere":"有大量红细胞",
"sx_answer":"A",
"sx_analyze":"肌红蛋白尿是尿液中含有肌肉中的肌红蛋白导致，并非泌尿系统的器质性病变，所以没有管型和炎性细胞，也没有红细胞。因此镜检尿液无异常。",
"sx_all":"1",
"sx_wrong":"0"
},
{
"sx_id":"1423",
"sx_type":"11",
"sx_title":"血液的一般检查",
"sx_subject":"犬，3岁，2天前精神沉郁，被毛粗乱，食欲下降，可视黏膜苍白，体温38℃，为确诊该病的类型，应进一步检查（2013真题下）（2013真题下75）",
"sx_answera":"红细胞数、白细胞数、血小板数   ",
"sx_answerb":"淋巴细胞数、红细胞数、单核细胞数",
"sx_answerc":"单核细胞数、淋巴细胞数、血红蛋白含量 ",
"sx_answerd":"血小板数、红细胞数、红细胞数比容",
"sx_answere":"红细胞数比容、红细胞数、血红蛋白含量",
"sx_answer":"A",
"sx_analyze":"先对机体做一个整体判断检查，检查血常规。血常规包括三个部分：红细胞系、白细胞系及血小板系。",
"sx_all":"1",
"sx_wrong":"0"
},
{
"sx_id":"1424",
"sx_type":"11",
"sx_title":"泌尿系统检查",
"sx_subject":"可引起血尿的疾病是（2013真题下10）",
"sx_answera":"纤维病",
"sx_answerb":"牛磷酸盐血病  ",
"sx_answerc":"犬巴贝斯虫病",
"sx_answerd":"犬膀胱炎",
"sx_answere":"牛滴虫病",
"sx_answer":"D",
"sx_analyze":"急性膀胱炎的主要症状有尿少而频、血尿、浑浊恶臭尿、排尿困难、尿失禁。触诊膀胱，有疼痛的收缩反应。",
"sx_all":"1",
"sx_wrong":"0"
},
{
"sx_id":"1425",
"sx_type":"11",
"sx_title":"血液的一般检查",
"sx_subject":"犬，2岁，咳嗽，流鼻液，弛张热，听诊有湿?音，血液检查见嗜酸性细粒胞增多。则病因可能是（2013真题下76）",
"sx_answera":"寄生虫感染   ",
"sx_answerb":"寒冷空气刺激    ",
"sx_answerc":"细菌感染  ",
"sx_answerd":"病毒感染 ",
"sx_answere":"阳光照射",
"sx_answer":"A",
"sx_analyze":"嗜酸性粒细胞增多常见于：免疫介导性疾病和过敏性疾病；寄生虫病如肝片吸虫病、球虫病、蛔虫病等；某些皮肤病如曲霉菌、湿疹等；某些恶性肿瘤如纤维肉瘤、淋巴瘤等。\n<br>",
"sx_all":"1",
"sx_wrong":"0"
},
{
"sx_id":"1426",
"sx_type":"11",
"sx_title":"血液的一般检查",
"sx_subject":"犬，黏膜苍白，轻度黄染，精神沉郁，食欲减退，偶有低热，轻度消瘦，易疲劳，红细胞数减少。\n<br>血常规检查，还可能出现（2013真题下176）",
"sx_answera":"血沉减慢，红细胞比容升高 ",
"sx_answerb":"血沉加快，红细胞比容升高",
"sx_answerc":"血沉正常，红细胞比容正常   ",
"sx_answerd":"血沉加快，红细胞比容降低",
"sx_answere":"血沉减慢，红细胞比容降低",
"sx_answer":"E",
"sx_analyze":"贫血：指单位体积外周血液中的血红蛋白浓度、红细胞数和（或）红细胞比容低于正常值的综合征。溶血性贫血主要表现为皮肤和可视粘膜苍白、黄染，易疲劳。血沉：指红细胞在一定条件下沉降的速率。严重贫血和纤维蛋白原含量显著缺乏时血沉可减慢。配血试验，如果主、次侧都无红细胞凝集现象，表示相合，适宜输血。",
"sx_all":"1",
"sx_wrong":"0"
},
{
"sx_id":"1427",
"sx_type":"11",
"sx_title":"血液的一般检查",
"sx_subject":"犬，黏膜苍白，轻度黄染，精神沉郁，食欲减退，偶有低热，轻度消瘦，易疲劳，红细胞数减少。\n<br>如果对该犬实施输血治疗，下列配血试验结果适宜输血的是（2013真题下177）",
"sx_answera":"主、次两侧红细胞均凝集",
"sx_answerb":"主、次两侧红细胞均不凝集",
"sx_answerc":"主侧红细胞凝集、次侧红细胞溶血",
"sx_answerd":"主侧红细胞凝集、次侧红细胞不凝集",
"sx_answere":"主侧红细胞不凝集、次侧红细胞凝集",
"sx_answer":"B",
"sx_analyze":"贫血：指单位体积外周血液中的血红蛋白浓度、红细胞数和（或）红细胞比容低于正常值的综合征。溶血性贫血主要表现为皮肤和可视粘膜苍白、黄染，易疲劳。血沉：指红细胞在一定条件下沉降的速率。严重贫血和纤维蛋白原含量显著缺乏时血沉可减慢。配血试验，如果主、次侧都无红细胞凝集现象，表示相合，适宜输血。",
"sx_all":"1",
"sx_wrong":"0"
},
{
"sx_id":"1428",
"sx_type":"11",
"sx_title":"血液的一般检查",
"sx_subject":"犬，黏膜苍白，轻度黄染，精神沉郁，食欲减退，偶有低热，轻度消瘦，易疲劳，红细胞数减少。\n<br>实施输血治疗前，判断配血是否适合的最佳时间是在配血后（2013真题下178）",
"sx_answera":"2-3min ",
"sx_answerb":"5-10min ",
"sx_answerc":"20-30min  ",
"sx_answerd":"50-60min ",
"sx_answere":"80-100min",
"sx_answer":"C",
"sx_analyze":"贫血：指单位体积外周血液中的血红蛋白浓度、红细胞数和（或）红细胞比容低于正常值的综合征。溶血性贫血主要表现为皮肤和可视粘膜苍白、黄染，易疲劳。血沉：指红细胞在一定条件下沉降的速率。严重贫血和纤维蛋白原含量显著缺乏时血沉可减慢。配血试验，如果主、次侧都无红细胞凝集现象，表示相合，适宜输血。",
"sx_all":"1",
"sx_wrong":"0"
},
{
"sx_id":"1429",
"sx_type":"11",
"sx_title":"血液的一般检查",
"sx_subject":"犬，黏膜苍白，轻度黄染，精神沉郁，食欲减退，偶有低热，轻度消瘦，易疲劳，红细胞数减少。\n<br>实施输血治疗前，判断配血是否适合的最佳时间是在配血后（2013真题下178）",
"sx_answera":"2-3min ",
"sx_answerb":"5-10min ",
"sx_answerc":"20-30min  ",
"sx_answerd":"50-60min ",
"sx_answere":"80-100min",
"sx_answer":"C",
"sx_analyze":"贫血：指单位体积外周血液中的血红蛋白浓度、红细胞数和（或）红细胞比容低于正常值的综合征。溶血性贫血主要表现为皮肤和可视粘膜苍白、黄染，易疲劳。血沉：指红细胞在一定条件下沉降的速率。严重贫血和纤维蛋白原含量显著缺乏时血沉可减慢。配血试验，如果主、次侧都无红细胞凝集现象，表示相合，适宜输血。",
"sx_all":"1",
"sx_wrong":"0"
},
{
"sx_id":"1430",
"sx_type":"11",
"sx_title":"兽医临诊常用生化检验",
"sx_subject":"母犬，2岁，4天前因细小病毒性肠炎，3天内连续输血3次，就诊时发现黏膜轻度黄染。最佳检测项目是（2009真题下61）",
"sx_answera":"血常规    ",
"sx_answerb":"血清淀粉酶",
"sx_answerc":"血清胆固醇   ",
"sx_answerd":"血清尿素氮",
"sx_answere":"丙氨酸氨基转移酶",
"sx_answer":"A",
"sx_analyze":"多次输血会增过敏、溶血等不良反应的风险。该犬3天内连续输血，很可能出现溶血，而粘膜轻度黄染也提示溶血的发生。溶血时，血常规会提示红细胞总数减少、红细胞压机降低、血红蛋白含量不减少。",
"sx_all":"1",
"sx_wrong":"0"
},
{
"sx_id":"1431",
"sx_type":"11",
"sx_title":"兽医临诊常用生化检验",
"sx_subject":"公犬，12岁。近期粪便稀软，臭味大且色泽变淡，精神不佳，采食减少，不愿运动，黏膜轻度黄染。最佳检测项目是（2009真题下62）&nbsp;\n<br>",
"sx_answera":"血常规 ",
"sx_answerb":"血清淀粉酶",
"sx_answerc":"血清胆固醇  ",
"sx_answerd":"血清尿素氮",
"sx_answere":"丙氨酸氨基转移酶 ",
"sx_answer":"E",
"sx_analyze":"粪便颜色变淡，说明粪胆素减少，同时出现黄疸，间接胆红素转变为直接胆红素的量减少，发生肝性黄疸或阻塞性黄疸。因此要检查肝功能。而丙氨酸氨基转移酶是犬、猫肝细胞损伤特异酶。",
"sx_all":"1",
"sx_wrong":"0"
},
{
"sx_id":"1432",
"sx_type":"11",
"sx_title":"兽医临诊常用生化检验",
"sx_subject":"属于心肌损害的生化检验指标为（2010真题下5）",
"sx_answera":"肌酸激酶 ",
"sx_answerb":"胆碱酯酶",
"sx_answerc":"碱性磷酸酶?",
"sx_answerd":"γ-谷氨酰转移酶",
"sx_answere":"丙氨酸氨基转移酶",
"sx_answer":"A",
"sx_analyze":"心肌损害指标：肌酸激酶，天门冬氨酸氨基转移酶、乳酸脱氢酶。",
"sx_all":"1",
"sx_wrong":"0"
},
{
"sx_id":"1433",
"sx_type":"11",
"sx_title":"兽医临诊常用生化检验",
"sx_subject":"黄疸的生化检验指标是（2010真题下10）",
"sx_answera":"总胆红素  ",
"sx_answerb":"血清白蛋白",
"sx_answerc":"碱性磷酸酶",
"sx_answerd":"谷氨酸氨基转移酶",
"sx_answere":"门冬氨酸氨基转移酶",
"sx_answer":"A",
"sx_analyze":"黄疸是由于血清胆红素含量升高所致皮肤、黏膜发黄的一种临诊症状。临诊上主要应检查眼结膜和巩膜，在确定黄疸的基础上根据各类黄疸的临诊特征、结合血液生化（总胆红素）、尿液检查等确定黄疸的病因和性质。所以黄疸的生化检验指标是总胆红素。\n<br>",
"sx_all":"1",
"sx_wrong":"0"
},
{
"sx_id":"1434",
"sx_type":"11",
"sx_title":"兽医临诊常用生化检验",
"sx_subject":"犬,食欲降低，粪便稀软、恶臭，尿色黄，触诊肝区疼痛，叩诊肝浊音区扩大，实验室检查首选项目是",
"sx_answera":"肌酸激酶 ",
"sx_answerb":"白细胞计数   ",
"sx_answerc":"红细胞计数 ",
"sx_answerd":"血液淀粉酶 ",
"sx_answere":"丙氨酸氨基转移酶",
"sx_answer":"E",
"sx_analyze":"在犬和猫中，丙氨酸氨基转移酶是肝细胞损伤特异性酶，正常犬和猫血浆丙氨酸氨基转移酶活性低于100U/L,在急性肝炎中可升高到5000U/L。根据病犬尿色黄，皮肤及结膜黄染，触诊肝区疼痛，叩诊肝浊音区扩大等临床表现特征，怀疑该犬发生肝脏疾病。因此实验室检查首选项目是丙氨酸氨基转移酶。",
"sx_all":"1",
"sx_wrong":"0"
},
{
"sx_id":"1435",
"sx_type":"11",
"sx_title":"兽医临诊常用生化检验",
"sx_subject":"犬，突然发病，食欲不振，反复呕吐，粪便中有少量未消化食物，色黄；触诊其腹部异常敏感，体温40.2℃，实验室检查首选项目是",
"sx_answera":"肌酸激酶  ",
"sx_answerb":"白细胞计数  ",
"sx_answerc":"红细胞计数 ",
"sx_answerd":"血液淀粉酶 ",
"sx_answere":"丙氨酸氨基转移酶",
"sx_answer":"D",
"sx_analyze":"α-淀粉酶与食物中纤维和糖原分解为麦芽糖有关，主要存在于胰腺中，临床上主要用于诊断急性坏死性胰腺炎。根据病犬食欲不振，反复呕吐，粪便中有少量未消化食物，色黄；触诊其腹部异常敏感等临床表现特征，怀疑该病犬发生胰腺疾病。因此实验室检查首选项目为血液淀粉酶。",
"sx_all":"1",
"sx_wrong":"0"
},
{
"sx_id":"1436",
"sx_type":"11",
"sx_title":"兽医临诊常用生化检验",
"sx_subject":"猪低钾血症时，血浆钾浓度（mmol/L）是（2010真题下105）&nbsp;\n<br>",
"sx_answera":"1-3 ",
"sx_answerb":"4-5 ",
"sx_answerc":"6-7   ",
"sx_answerd":"8-9  ",
"sx_answere":"≥10 ",
"sx_answer":"A",
"sx_analyze":"血清钾正常浓度为3.3-5.5&nbsp;mmol/L，浓度低于3.5&nbsp;mmol/L被认为是有诊断意义的，浓度低于3.0&nbsp;mmol/L可诊断为低钾血症。",
"sx_all":"1",
"sx_wrong":"0"
},
{
"sx_id":"1437",
"sx_type":"11",
"sx_title":"兽医临诊常用生化检验",
"sx_subject":"犬，食欲降低，粪便稀软、恶臭，尿色黄，皮肤及结膜黄染，触诊肝区疼痛，叩诊肝浊音区扩大，实验室检查首选项目是（2010真题下133）&nbsp;&nbsp;",
"sx_answera":"肌酸激酶  ",
"sx_answerb":"白细胞计数",
"sx_answerc":"红细胞计数  ",
"sx_answerd":"血液淀粉酶",
"sx_answere":"丙氨酸氨基转移酶 ",
"sx_answer":"E",
"sx_analyze":"急性肝炎表现消化不良，粪便臭味大而色泽浅淡。可视粘膜黄染（肝性黄疸），肝浊音区扩大，触诊疼痛。丙氨酸氨基转移酶（ALT）在犬猫中是肝细胞损伤特异酶，在急性疾病（急性肝炎、类固醇肝病）中可急剧升高。",
"sx_all":"1",
"sx_wrong":"0"
},
{
"sx_id":"1438",
"sx_type":"11",
"sx_title":"兽医临诊常用生化检验",
"sx_subject":"动物血管内严重溶血时最易导致（2012真题下6）&nbsp;",
"sx_answera":"高胆红素血症  ",
"sx_answerb":"血小板凝集 ",
"sx_answerc":"高蛋白血症    ",
"sx_answerd":"高脂血症 ",
"sx_answere":"高钠血症",
"sx_answer":"A",
"sx_analyze":"胆红素是红细胞代谢分解的副产物，经肝脏代谢。严重溶血时，超过机体排泄胆红素的能力时会出现高胆红素血症（黄疸）。",
"sx_all":"1",
"sx_wrong":"0"
},
{
"sx_id":"1439",
"sx_type":"11",
"sx_title":"兽医临诊常用生化检验",
"sx_subject":"犬，4周龄，未免疫，体温&nbsp;40℃，呻吟，可视黏膜发绀，心杂音，心跳加快，心电图检查出现冠状T波。血液生化检查，活性升高的酶是（2012真题下74）",
"sx_answera":"脂肪酶  ",
"sx_answerb":"碱性磷酸酶 ",
"sx_answerc":"胆碱酯酶  ",
"sx_answerd":"肌酸激酶 ",
"sx_answere":"γ-谷氨酰转移酶",
"sx_answer":"D",
"sx_analyze":"该犬的各项检查显示心脏异常，生化检查心肌特异性酶是肌酸激酶。\n<br>",
"sx_all":"1",
"sx_wrong":"0"
},
{
"sx_id":"1440",
"sx_type":"11",
"sx_title":"兽医临诊常用生化检验",
"sx_subject":"维持血容量恒定的最关键的阳离子是（2013真题下4）",
"sx_answera":"K+",
"sx_answerb":"Na+ ",
"sx_answerc":"Ca2+   ",
"sx_answerd":"Mg2+ ",
"sx_answere":"Ca2+",
"sx_answer":"B",
"sx_analyze":"血液是由血浆和血细胞构成的，血浆是细胞外液，其中的主要阳离子是钠离子，是维持渗透压的重要离子。",
"sx_all":"1",
"sx_wrong":"0"
},
{
"sx_id":"1441",
"sx_type":"11",
"sx_title":"兽医临诊常用生化检验",
"sx_subject":"猫肠梗阻，灌肠和静脉注射5%葡萄糖盐水治疗后症状缓解，每天灌服糖水，营养餐和呋塞咪。一周后，该猫无力，头向患侧屈曲，心电图T波异常，Q-T间期延长和U波增高。可能伴随的是（2013真题下133）",
"sx_answera":"高钾血症  ",
"sx_answerb":"低钾血症 ",
"sx_answerc":"高钠血症",
"sx_answerd":"低钠血症  ",
"sx_answere":"低钙血症",
"sx_answer":"B",
"sx_analyze":"呋塞米为利尿药，长期大量用药易导致低钾血症。",
"sx_all":"1",
"sx_wrong":"0"
},
{
"sx_id":"1442",
"sx_type":"11",
"sx_title":"兽医临诊常用生化检验",
"sx_subject":"京巴犬，尿道结石，排尿困难，血钾7.1mmol/&nbsp;L,血钠149mmol/L，血钙2.5mmol/&nbsp;L，心电图QRS波群加宽，P-R间期延长,可能伴随的电解质紊乱是（2013真题下134）",
"sx_answera":"高钾血症  ",
"sx_answerb":"低钾血症   ",
"sx_answerc":"高钠血症",
"sx_answerd":"低钠血症",
"sx_answere":"低钙血症",
"sx_answer":"A",
"sx_analyze":"动物血清钾正常浓度为3.3-5.5mmol/L，血清钠的正常浓度为135-155mmol/L，血清钙的正常浓度为2-3mmol/L。明显的高钾血症，大多是由于肾脏排泄钾的能力丧失造成的，本题为排尿困难，易导致高钾血症。",
"sx_all":"1",
"sx_wrong":"0"
},
{
"sx_id":"1443",
"sx_type":"11",
"sx_title":"排泄物、分泌物及其他体液检查",
"sx_subject":"健康草食动物尿液常呈（2012真题下7）",
"sx_answera":"强碱性",
"sx_answerb":"弱碱性  ",
"sx_answerc":"强酸性  ",
"sx_answerd":"弱酸性 ",
"sx_answere":"中性",
"sx_answer":"B",
"sx_analyze":"健康动物尿液的PH取决于饮食，草食性动物尿液呈弱碱性，肉食性动物尿液呈弱酸性。",
"sx_all":"1",
"sx_wrong":"0"
},
{
"sx_id":"1444",
"sx_type":"11",
"sx_title":"排泄物、分泌物及其他体液检查",
"sx_subject":"鉴别血尿和血红蛋白尿的主要方法是（2013真题下1）",
"sx_answera":"潜血检查 ",
"sx_answerb":"尿胆原检查",
"sx_answerc":"胆红素检查",
"sx_answerd":"尿酮体检查",
"sx_answere":"尿沉渣检查",
"sx_answer":"E",
"sx_analyze":"尿沉渣的显微镜检查：血尿离心沉淀后因红细胞沉淀而使上清液透明，镜检每个高倍视野有3个以上的红细胞；血红蛋白尿离心沉淀后上清液仍未红色，镜检时不见红细胞或偶见红细胞碎屑。",
"sx_all":"1",
"sx_wrong":"0"
},
{
"sx_id":"1445",
"sx_type":"11",
"sx_title":"X光检查",
"sx_subject":"2岁德国牧羊犬，雄性，35Kg，突发厌食，间或呕吐，呕吐物为少量黄色黏稠液体；大便稀少。作胃肠炎治疗3天未见好转，未见大便；食欲废绝，饮水少许。&nbsp;\n<br>如做腹部侧位X线摄影检查，采用8mAs，100cm焦片距的前提下，其最佳管电压应为（2009真题下190）&nbsp;\n<br>&nbsp;\n<br>",
"sx_answera":"40千伏 ",
"sx_answerb":"60千伏 ",
"sx_answerc":"80千伏 ",
"sx_answerd":"100千伏  ",
"sx_answere":"120千伏",
"sx_answer":"B",
"sx_analyze":"临床应用中投照电压的算法是体厚(cm)×2&nbsp;+&nbsp;25cm&nbsp;,2岁、35kg的德国牧羊犬的腹部厚度约为15-20cm,因此电压为（15-20）×2&nbsp;+&nbsp;25&nbsp;=&nbsp;55-65，所以选择60千伏。",
"sx_all":"1",
"sx_wrong":"0"
},
{
"sx_id":"1446",
"sx_type":"11",
"sx_title":"X光检查",
"sx_subject":"2岁德国牧羊犬，雄性，35Kg，突发厌食，间或呕吐，呕吐物为少量黄色黏稠液体；大便稀少。作胃肠炎治疗3天未见好转，未见大便；食欲废绝，饮水少许。&nbsp;\n<br>如果X线平片检查仅显示腹腔内部分肠管积气积液，肠腔直径扩大，其判断及下一步诊疗措施是（2009真题下191）&nbsp;\n<br>&nbsp;",
"sx_answera":"有梗阻，保守治疗 ",
"sx_answerb":"无梗阻，保守治疗",
"sx_answerc":"不确定，保守治疗",
"sx_answerd":"有梗阻，手术治疗 ",
"sx_answere":"不确定，X线造影后待诊治",
"sx_answer":"D",
"sx_analyze":"X线平片检查显示腹腔内部部分肠管积气积液，肠腔直径扩大，表明为完全性肠梗阻，一般要进行手术治疗。",
"sx_all":"1",
"sx_wrong":"0"
},
{
"sx_id":"1447",
"sx_type":"11",
"sx_title":"X光检查",
"sx_subject":"2岁德国牧羊犬，雄性，35Kg，突发厌食，间或呕吐，呕吐物为少量黄色黏稠液体；大便稀少。作胃肠炎治疗3天未见好转，未见大便；食欲废绝，饮水少许。&nbsp;\n<br>如果X线平片检查发现腹腔下1/3、脐部后上方有一直径约5cm的不规则密影，诊断应是（2009真题下192）&nbsp;\n<br>&nbsp;\n<br>",
"sx_answera":"胃内低密度异物   ",
"sx_answerb":"胃内高密度异物",
"sx_answerc":"小肠内低密度异物  ",
"sx_answerd":"小肠内高密度异物",
"sx_answere":"结肠内低密度异物",
"sx_answer":"D",
"sx_analyze":"由于X线检查发现腹腔下1/3、脐部后上方有一直径约5cm的不规则密影，表明异物密度高于所在器官的密度。",
"sx_all":"1",
"sx_wrong":"0"
},
{
"sx_id":"1448",
"sx_type":"11",
"sx_title":"X光检查",
"sx_subject":"支气管肺炎的X线影征是（2010真题下7）",
"sx_answera":"黑色阴影",
"sx_answerb":"密度均匀的阴影",
"sx_answerc":"大小不一的云絮状阴影 ",
"sx_answerd":"边缘整齐的大块状阴影",
"sx_answere":"整个肺野出现高密度阴影",
"sx_answer":"C",
"sx_analyze":"支气管肺炎又称卡他性肺炎，病理学特征为肺泡内充满了由上皮细胞、血浆和白细胞组成的卡他性渗出物。X线影征是在透亮的肺野中可见多发的密度不均匀、边缘模糊不清、大小不一的点状、片状或云絮状渗出性阴影。",
"sx_all":"1",
"sx_wrong":"0"
},
{
"sx_id":"1449",
"sx_type":"11",
"sx_title":"X光检查",
"sx_subject":"犬，骨折3月后复诊，X线检查显示原骨折线增宽，骨断端光滑，骨髓腔闭合，骨密度增高，提示该骨折（2010真题下75）",
"sx_answera":"愈合 ",
"sx_answerb":"不愈合 ",
"sx_answerc":"二次骨折  ",
"sx_answerd":"愈合延迟    ",
"sx_answere":"骨质增生",
"sx_answer":"B",
"sx_analyze":"骨折不愈合：X&nbsp;线检查显示原骨折线增宽，骨断端光滑，骨髓腔闭合，骨密度增高硬化，可形成假关节。",
"sx_all":"1",
"sx_wrong":"0"
},
{
"sx_id":"1450",
"sx_type":"11",
"sx_title":"X光检查",
"sx_subject":"支气管肺炎的X线影征是（2012真题下8）&nbsp;",
"sx_answera":"黑色阴影  ",
"sx_answerb":"密度均匀的阴影 ",
"sx_answerc":"大小不一的云絮状阴影  ",
"sx_answerd":"边缘整齐的大块状阴影",
"sx_answere":"整个肺视野出现高密度阴影",
"sx_answer":"C",
"sx_analyze":"支气管肺炎又称卡他性肺炎。X线摄影检查显示，在透亮的肺野中可见多发的密度不均匀、边缘模糊不清、大小不一的点状、片状或云絮状渗出性阴影。\n<br>",
"sx_all":"1",
"sx_wrong":"0"
},
{
"sx_id":"1451",
"sx_type":"11",
"sx_title":"X光检查",
"sx_subject":"金毛犬，4&nbsp;岁，消瘦，反复呕吐，大便先干后稀。腹部平片未见异常，钡餐造影&nbsp;2&nbsp;小时后仅有少量进入空肠，X线正位片胃影左侧可见高中密度间隔条形影、右侧为欠均匀的高密度影。此病最可能是（2012真题下75）",
"sx_answera":"胃内金属异物 ",
"sx_answerb":"布片阻塞胃喷门 ",
"sx_answerc":"石头阻塞胃幽门 ",
"sx_answerd":"骨头阻塞十二指肠",
"sx_answere":"塑料袋阻塞胃幽门",
"sx_answer":"E",
"sx_analyze":"钡餐造影2小时后仅有少量进入空肠，说明在空肠之前的消化道发生了阻塞，且平片未见异常，说明是低密度异物。胃影左侧判断是在幽门处，右侧为贲门部。“胃影左侧可见高密度间隔条形影”说明此处有条状异物影响了钡餐的均匀分布。“右侧为欠均匀的高密度影”说明是钡餐稽留的位置。所以答案选E。",
"sx_all":"1",
"sx_wrong":"0"
},
{
"sx_id":"1452",
"sx_type":"11",
"sx_title":"X光检查",
"sx_subject":"在X线片上开始显示犬胎儿颅骨和脊柱时，提示其妊娠至少达到了（2012真题下114）",
"sx_answera":"11天",
"sx_answerb":"21天 ",
"sx_answerc":"31天",
"sx_answerd":"41天",
"sx_answere":"51天 ",
"sx_answer":"D",
"sx_analyze":"一旦胎儿骨骼开始骨化，X线即可提供妊娠依据。犬妊娠41-45d后，胎儿的脊椎骨、肋骨、颅骨和四肢骨开始骨化，方可显示在X线照片上。",
"sx_all":"1",
"sx_wrong":"0"
},
{
"sx_id":"1453",
"sx_type":"11",
"sx_title":"X光检查",
"sx_subject":"影响X线穿透力的摄影技术条件是（2013真题下5）",
"sx_answera":"千伏 ",
"sx_answerb":"毫安 ",
"sx_answerc":"焦片距  ",
"sx_answerd":"物片距 ",
"sx_answere":"曝光时间",
"sx_answer":"A",
"sx_analyze":"X线的穿透作用：X线有很强的穿透性，其穿透能力与X线的波长、被穿透物质的密度和厚度有关。X线管电压（千伏kV）越高，则X线波长越短，穿透力就越大。",
"sx_all":"1",
"sx_wrong":"0"
},
{
"sx_id":"1454",
"sx_type":"11",
"sx_title":"超声检查",
"sx_subject":"用B超检查健康动物的脾脏，扫查位置应在（2009真题下6）\n<br>",
"sx_answera":"左侧8-10肋间  ",
"sx_answerb":"左侧10-12肋间",
"sx_answerc":"左侧12-14肋间 ",
"sx_answerd":"右侧8-10肋间 ",
"sx_answere":"右侧10-12肋间 ",
"sx_answer":"B",
"sx_analyze":"脾脏超声检查的部位：犬、牛为左侧第11、12肋间，山羊为左侧第8-12肋间，马为左侧第8-17肋间。",
"sx_all":"1",
"sx_wrong":"0"
},
{
"sx_id":"1455",
"sx_type":"11",
"sx_title":"超声检查",
"sx_subject":"以波幅变化反映回波情况的超声诊断类型属于（2010真题下8）",
"sx_answera":"A 型 ",
"sx_answerb":"B 型 ",
"sx_answerc":"D 型 ",
"sx_answerd":"F 型 ",
"sx_answere":"M 型",
"sx_answer":"A",
"sx_analyze":"A型超声波诊断：振幅调制型，以波幅变化反映回波情况。纵坐标表示波幅的高度即回声的强度，横坐标表示回声的往返时间即超声所探测的距离或深度。",
"sx_all":"1",
"sx_wrong":"0"
},
{
"sx_id":"1456",
"sx_type":"11",
"sx_title":"超声检查",
"sx_subject":"犬肝胆超声检查部位在（2010真题下12）",
"sx_answera":"左侧第8～9 肋间",
"sx_answerb":"右侧第10～12 肋间",
"sx_answerc":"左侧第10～12 肋间??",
"sx_answerd":"右侧第12～13 肋间",
"sx_answere":"左侧第12～13 肋间",
"sx_answer":"B",
"sx_analyze":"犬肝胆超声检查的部位在右侧第10-12肋间或剑突后方。",
"sx_all":"1",
"sx_wrong":"0"
},
{
"sx_id":"1457",
"sx_type":"11",
"sx_title":"超声检查",
"sx_subject":"对动物做肝脏B超探查时，出现局限性液性暗区，其中有散在的光点或小光团，提示（2012真题下9）&nbsp;",
"sx_answera":"肝结节  ",
"sx_answerb":"肝硬化  ",
"sx_answerc":"肝肿瘤 ",
"sx_answerd":"肝脓肿",
"sx_answere":"肝坏死",
"sx_answer":"D",
"sx_analyze":"肝脓肿：由于脓肿是液体，无回声，故在B超声像图上呈现液性暗区；加大增益后，由于脓汁中存在细小的脓性凝块或脓球，声像图上可见细小的回声光点，大的凝块可产生絮状光斑。由于肝脓肿在各个阶段的病理变化不一样，脓肿组织结构和脓肿中内容物也不相同，液性暗区情况也不会一样，故在液性暗区内可出现散在光点或小光团。",
"sx_all":"1",
"sx_wrong":"0"
},
{
"sx_id":"1458",
"sx_type":"11",
"sx_title":"超声检查",
"sx_subject":"犬后腹部超声检查显示横切面双叶形、纵切面卵圆形。实质呈中等强度的均质回声，间杂小回声光点，这个器官是（2012真题下115）",
"sx_answera":"前列腺  ",
"sx_answerb":"肾上腺 ",
"sx_answerc":"淋巴结 ",
"sx_answerd":"卵巢",
"sx_answere":"胰腺",
"sx_answer":"A",
"sx_analyze":"前列腺：超声检查显示横切面双叶形、纵切面卵圆形。包膜周边回声清晰光滑，实质呈中等强度的均质回声，间杂小回声光点。",
"sx_all":"1",
"sx_wrong":"0"
},
{
"sx_id":"1459",
"sx_type":"11",
"sx_title":"超声检查",
"sx_subject":"A型超声诊断仪主要利用的超声物理特性是（2013真题下6）",
"sx_answera":"衍射",
"sx_answerb":"反射 ",
"sx_answerc":"折射 ",
"sx_answerd":"绕射",
"sx_answere":"直射",
"sx_answer":"B",
"sx_analyze":"A型超声波诊断：振幅调制型，以波幅变化反映回波情况。纵坐标表示波幅的高度即回声的强度，横坐标表示回声的往返时间即超声所探测的距离或深度。利用的是超声的反射特性。",
"sx_all":"1",
"sx_wrong":"0"
},
{
"sx_id":"1460",
"sx_type":"11",
"sx_title":"心电图检查",
"sx_subject":"犬心电图检查见QRS综合波和T波完全消失，代之以形状、大小、间隔各异的扑动波。最可能的心律失常心电图诊断是（2009真题下120）&nbsp;\n<br>",
"sx_answera":"心室扑动 ",
"sx_answerb":"室性逸搏",
"sx_answerc":"心房扑动  ",
"sx_answerd":"窦性心动过速",
"sx_answere":"阵发性心动过速 ",
"sx_answer":"A",
"sx_analyze":"心室扑动的心电图特征为快速而规则的室性异位心律，但不能辨认QRS波及ST段和T波。心室颤动心电图特征为QRS波群与T波完全消失，代之以形态大小不等、频率不规则的颤动波。心室扑动为心室颤动的前奏，故此题最适合选A。",
"sx_all":"1",
"sx_wrong":"0"
},
{
"sx_id":"1461",
"sx_type":"11",
"sx_title":"心电图检查",
"sx_subject":"心电图中的P波反映（2010真题下9）",
"sx_answera":"房室结激动",
"sx_answerb":"心房肌去极化",
"sx_answerc":"心房肌复极化?",
"sx_answerd":"心室肌去极化",
"sx_answere":"心室肌复极化",
"sx_answer":"B",
"sx_analyze":"心电图P波代表心房肌去极化过程的电位变化，QRS波代表心室肌去极化过程的电位变化。T波反映心室肌复极化过程的电位变化。&nbsp;\n<br>",
"sx_all":"1",
"sx_wrong":"0"
},
{
"sx_id":"1462",
"sx_type":"11",
"sx_title":"心电图检查",
"sx_subject":"北京犬，8岁，10千克，不愿活动，呼吸困难，黏膜发绀。心电图Ⅱ导联显示：P波0.08s，P&nbsp;波呈双峰或有切迹。心电图诊断提示（2010真题下161）&nbsp;",
"sx_answera":"左心房肥大  ",
"sx_answerb":"右心房肥大",
"sx_answerc":"左心室肥大   ",
"sx_answerd":"右心室肥大",
"sx_answere":"左右心房肥大 ",
"sx_answer":"A",
"sx_analyze":"左心房肥大：P波的时限延长（犬的大于0.05s，猫的大于0.04S，即可判定为左心房肥大），P&nbsp;波呈双峰或有切迹，或呈现二尖瓣型P波。",
"sx_all":"1",
"sx_wrong":"0"
},
{
"sx_id":"1463",
"sx_type":"11",
"sx_title":"心电图检查",
"sx_subject":"心电图中的T波反映（2012真题下10）&nbsp;",
"sx_answera":"心房肌去极化   ",
"sx_answerb":"心房肌复极化 ",
"sx_answerc":"心室肌去极化   ",
"sx_answerd":"心室肌复极化 ",
"sx_answere":"窦房结激动",
"sx_answer":"D",
"sx_analyze":"心电图P波代表心房肌去极化过程的电位变化，QRS波代表心室肌去极化过程的电位变化。T波反映心室肌复极过程的电位变化。",
"sx_all":"1",
"sx_wrong":"0"
},
{
"sx_id":"1464",
"sx_type":"11",
"sx_title":"心电图检查",
"sx_subject":"在心电向量环中，心室肌除极化是（2013真题下7）",
"sx_answera":"P-Q  ",
"sx_answerb":"S-T  ",
"sx_answerc":"T ",
"sx_answerd":"Q-T ",
"sx_answere":"QRS",
"sx_answer":"E",
"sx_analyze":"将心脏激动各个瞬间心电向量的箭头顶点按激动时间的顺序连接成一曲线，构成心电向量环。心房肌除极化构成P环，心室肌除极化构成QRS环，心室肌复极化构成T环。\n<br>",
"sx_all":"1",
"sx_wrong":"0"
},
{
"sx_id":"1465",
"sx_type":"11",
"sx_title":"兽医医疗文书",
"sx_subject":"属于兽医处方中处置方法的是（2009真题下9）&nbsp;\n<br>",
"sx_answera":"术后监护 ",
"sx_answerb":"生化检查",
"sx_answerc":"动物保定方法   ",
"sx_answerd":"外科处理和手术",
"sx_answere":"麻醉与手术期监护 ",
"sx_answer":"D",
"sx_analyze":"兽医处方中的处置方法包括外科处理和手术、特殊治疗方法、药物及药物组方、使用方法等。",
"sx_all":"1",
"sx_wrong":"0"
},
{
"sx_id":"1466",
"sx_type":"11",
"sx_title":"兽医医疗文书",
"sx_subject":"有注册的执业兽医师和执业助理兽医师在诊疗活动中为患病动物开具的作为患病动物处治凭证的医疗文书是（2012真题下11）",
"sx_answera":"医嘱",
"sx_answerb":"处方 ",
"sx_answerc":"诊断建议书",
"sx_answerd":"病情通知书",
"sx_answere":"病危通知书",
"sx_answer":"B",
"sx_analyze":"处方：兽医针对动物疾病所开具的医疗文书，它具有法律效力。",
"sx_all":"1",
"sx_wrong":"0"
},
{
"sx_id":"1467",
"sx_type":"11",
"sx_title":"症状与症候",
"sx_subject":"患畜昏迷时，对外界刺激的表现是（2009真题下5）&nbsp;\n<br>",
"sx_answera":"全无反应 ",
"sx_answerb":"轻微反应  ",
"sx_answerc":"迟钝反应 ",
"sx_answerd":"短暂反应 ",
"sx_answere":"意识部分丧失 ",
"sx_answer":"A",
"sx_analyze":"意识障碍分为精神兴奋及精神抑制两种。精神抑制，包括精神沉郁（轻度）、昏睡（中度）、昏迷（高度）；昏迷时动物意识完全丧失，对外界刺激无任何反应，仅保留自主神经活动，心律不齐，呼吸不规则。",
"sx_all":"1",
"sx_wrong":"0"
},
{
"sx_id":"1468",
"sx_type":"11",
"sx_title":"症状与症候",
"sx_subject":"分清症状的主次后，按主要症状提出一个具体疾病，与所提出的疾病理论上进行对照印证，属于（2009真题下8）&nbsp;\n<br>",
"sx_answera":"治疗性诊断",
"sx_answerb":"验证性诊断",
"sx_answerc":"鉴别诊断 ",
"sx_answerd":"论证诊断",
"sx_answere":"印象诊断",
"sx_answer":"D",
"sx_analyze":"临床诊断法一般分两种：\n<br>（1）论证诊断法：收集的症状中，分出主症和次症，按照主要症状设想出一种疾病，验证是否矛盾；\n<br>（2）鉴别诊断法（排除法）：根据症状提出多个可能的疾病，逐步缩小鉴别的范围，直至确定。",
"sx_all":"1",
"sx_wrong":"0"
},
{
"sx_id":"1469",
"sx_type":"11",
"sx_title":"症状与症候",
"sx_subject":"血液中还原血红蛋白增高时，可视黏膜颜色为（2013真题下9）",
"sx_answera":"红色",
"sx_answerb":"黄色  ",
"sx_answerc":"蓝紫色 ",
"sx_answerd":"苍白色 ",
"sx_answere":"黄白色",
"sx_answer":"C",
"sx_analyze":"发绀：指皮肤和黏膜呈蓝紫色的现象，主要是由于血液中还原血红蛋白增多，或在血液中形成异常血红蛋白衍生物而使皮肤、黏膜呈青紫色，故也称紫绀。\n<br>",
"sx_all":"1",
"sx_wrong":"0"
},
{
"sx_id":"1470",
"sx_type":"11",
"sx_title":"症状与症候",
"sx_subject":"脑脊髓膜上运动神经元病引起的是（2013真题下11）",
"sx_answera":"偏瘫  ",
"sx_answerb":"驰张性瘫痪",
"sx_answerc":"中枢性瘫痪",
"sx_answerd":"痉挛性瘫痪",
"sx_answere":"短暂性瘫痪",
"sx_answer":"C",
"sx_analyze":"神经中枢性疾病引起中枢性瘫痪。",
"sx_all":"1",
"sx_wrong":"0"
},
{
"sx_id":"1471",
"sx_type":"11",
"sx_title":"保定技术",
"sx_subject":"采用一条绳倒牛法保定牛时，胸环应经过（2009真题下10）\n<br>",
"sx_answera":"颈部",
"sx_answerb":"肩关节 ",
"sx_answerc":"髋结节前 ",
"sx_answerd":"肩胛骨后角  ",
"sx_answere":"肩胛骨前角 ",
"sx_answer":"D",
"sx_analyze":"倒牛法：选一长绳，一端拴在牛的角根或做一死套放在颈基部，绳的另一端向后牵引，在肩胛骨后角以半结做一胸环；再在髋结节前做一相同的绳环，围缠后腹部，绳的游离端向后牵引，并沉稳用力。同时牵引者向前拉牛，要坚持2-3min，牛极少挣扎，之后平稳地卧倒。",
"sx_all":"1",
"sx_wrong":"0"
},
{
"sx_id":"1472",
"sx_type":"11",
"sx_title":"治疗技术",
"sx_subject":"治疗牛急性瘤胃鼓气时，瘤胃穿刺放气的正确做法是于（2009真题下11）&nbsp;\n<br>",
"sx_answera":"左肷部刺入瘤胃腔  ",
"sx_answerb":"右肷部刺入瘤胃腔",
"sx_answerc":"右腹壁中1/3刺入瘤胃腔 ",
"sx_answerd":"左腹壁下1/3刺入瘤胃腔 ",
"sx_answere":"左腹壁中1/3处刺入瘤胃腔 ",
"sx_answer":"A",
"sx_analyze":"瘤胃穿刺：用于瘤胃放气时，取腹部最高点或左肷部上缘；用于瘤胃液采集或给药时，取左肷部三角区下缘。",
"sx_all":"1",
"sx_wrong":"0"
},
{
"sx_id":"1473",
"sx_type":"11",
"sx_title":"治疗技术",
"sx_subject":"不得用于皮下注射的药物是（2009真题下12）&nbsp;",
"sx_answera":"疫苗",
"sx_answerb":"血清 ",
"sx_answerc":"伊维菌素",
"sx_answerd":"0.9％氯化钠",
"sx_answere":"10％氯化钙 ",
"sx_answer":"E",
"sx_analyze":"氯化钙是强刺激性药物，注入皮下会引起蜂窝织炎。",
"sx_all":"1",
"sx_wrong":"0"
},
{
"sx_id":"1474",
"sx_type":"11",
"sx_title":"治疗技术",
"sx_subject":"犬静脉穿刺最常用的血管是（2010真题下11）",
"sx_answera":"耳静脉 ",
"sx_answerb":"前腔静脉 ",
"sx_answerc":"后腔静脉 ",
"sx_answerd":"桡外侧静脉 ",
"sx_answere":"尾静脉",
"sx_answer":"D",
"sx_analyze":"静脉穿刺适用于采血、静脉推注和静脉滴注，常用部位包括耳静脉、颈静脉、隐静脉、桡外侧静脉。犬常用的是桡外侧静脉。",
"sx_all":"1",
"sx_wrong":"0"
},
{
"sx_id":"1475",
"sx_type":"11",
"sx_title":"治疗技术",
"sx_subject":"兽医临床上牛瓣胃穿刺的正确部位是（2012真题下13）&nbsp;",
"sx_answera":"左侧第7肋间",
"sx_answerb":"左侧第8肋间 ",
"sx_answerc":"右侧第6肋间 ",
"sx_answerd":"右侧第7肋间 ",
"sx_answere":"右侧第8肋间 ",
"sx_answer":"E",
"sx_analyze":"瓣胃穿刺：瓣胃位于腹右侧7-10肋间，穿刺取右侧第8肋间后缘或第9肋间前缘。",
"sx_all":"1",
"sx_wrong":"0"
},
{
"sx_id":"1476",
"sx_type":"11",
"sx_title":"治疗技术",
"sx_subject":"腹腔穿刺不用于（2013真题下13）",
"sx_answera":"腹腔积水 ",
"sx_answerb":"治疗腹膜炎",
"sx_answerc":"治疗肠便秘 ",
"sx_answerd":"腹腔注射  ",
"sx_answere":"诊断肠套叠",
"sx_answer":"C",
"sx_analyze":"腹腔穿刺用于诊断肠变位（包括肠套叠）、胃肠破裂、内脏出血等；治疗腹膜炎；小动物的腹腔麻醉。腹腔穿刺也可用于腹腔注射、抽取腹水、缓解腹压等。不用于治疗肠便秘。",
"sx_all":"1",
"sx_wrong":"0"
},
{
"sx_id":"1597",
"sx_type":"11",
"sx_title":"兽医临诊常用生化检验",
"sx_subject":"犬，突然发病，食欲不振，反复呕吐，粪便中有少量未消化食物，色黄；触诊其腹部异常敏感，体温40.2℃，实验室检查首选项目是（2010真题下134）&nbsp;\n<br>",
"sx_answera":"肌酸激酶  ",
"sx_answerb":"白细胞计数",
"sx_answerc":"红细胞计数 ",
"sx_answerd":"血液淀粉酶",
"sx_answere":"丙氨酸氨基转移酶 ",
"sx_answer":"D",
"sx_analyze":"急性胰腺炎的症状：突然发作的急剧上腹痛，向后背放射，恶心、呕吐、发烧、血压降低，血、尿淀粉酶升高为特点。急性胰腺炎坏死出血型病情危重，很快发生休克、腹膜炎，部分患畜猝死。\n<br>血液淀粉酶：主要存在于胰腺，与食物中纤维和糖原分解为麦芽糖有关，临诊上主要用于诊断急性坏死性胰腺炎。该疾病中淀粉酶从细胞中漏出并开始消化自己的组织，有急性腹痛和呕吐的症状，可能会被误认为是小肠内有异物，如不能确定就应检查淀粉酶和脂肪酶。",
"sx_all":"1",
"sx_wrong":"0"
},
{
"sx_id":"1598",
"sx_type":"11",
"sx_title":"兽医临诊常用生化检验",
"sx_subject":"北京犬，已免疫，发病2天，精神沉郁，食欲不振，粪臭、色淡。眼结膜黄染，肝浊音区扩大，触诊疼痛。腹部X线检查显示肝区明显超出最后肋。\n<br>血液检查首选（2010真题下187）&nbsp;&nbsp;&nbsp;",
"sx_answera":"血常规检查 ",
"sx_answerb":"肾功能检查",
"sx_answerc":"肝功能检查  ",
"sx_answerd":"心肌损害指标",
"sx_answere":"胰脏损害指标 ",
"sx_answer":"C",
"sx_analyze":"肝炎是以肝细胞变性、坏死和肝组织炎性病变为病理特征的一组肝脏疾病。急性肝炎表现为消化不良，粪便臭味大而色泽浅淡；可视黏膜黄染，肝浊音区扩大，触诊疼痛。\n<br>肝功能检查指标包括：蛋白质及其代谢产物，胆红素及其代谢产物，胆汁酸，胆固醇，血清酶（碱性磷酸酶、γ-谷氨酰转移酶、丙氨酸氨基转移酶、天门冬氨酸氨基转移酶）\n<br>血清胆固醇：过多的胆固醇会排泄在胆汁中，由于肝胆系统与胆固醇的排泄有关，所以患有肝衰的动物的血浆胆固醇浓度会升高。\n<br>肌酐是由肾排泄的一种氮的代谢产物，为肾功能指标，与肝功能无关。\n<br>肌酸激酶为肌肉损害检查指标，与肝功能无关。",
"sx_all":"1",
"sx_wrong":"0"
},
{
"sx_id":"1599",
"sx_type":"11",
"sx_title":"兽医临诊常用生化检验",
"sx_subject":"北京犬，已免疫，发病2天，精神沉郁，食欲不振，粪臭、色淡。眼结膜黄染，肝浊音区扩大，触诊疼痛。腹部X线检查显示肝区明显超出最后肋。&nbsp;\n<br>血液生化检查，无诊断意义的指标是（2010真题下188）&nbsp;&nbsp;",
"sx_answera":"肌酐 ",
"sx_answerb":"总蛋白 ",
"sx_answerc":"胆红素 ",
"sx_answerd":"胆汁酸 ",
"sx_answere":"胆固醇 ",
"sx_answer":"A",
"sx_analyze":"肝炎是以肝细胞变性、坏死和肝组织炎性病变为病理特征的一组肝脏疾病。急性肝炎表现为消化不良，粪便臭味大而色泽浅淡；可视黏膜黄染，肝浊音区扩大，触诊疼痛。\n<br>肝功能检查指标包括：蛋白质及其代谢产物，胆红素及其代谢产物，胆汁酸，胆固醇，血清酶（碱性磷酸酶、γ-谷氨酰转移酶、丙氨酸氨基转移酶、天门冬氨酸氨基转移酶）\n<br>血清胆固醇：过多的胆固醇会排泄在胆汁中，由于肝胆系统与胆固醇的排泄有关，所以患有肝衰的动物的血浆胆固醇浓度会升高。\n<br>肌酐是由肾排泄的一种氮的代谢产物，为肾功能指标，与肝功能无关。\n<br>肌酸激酶为肌肉损害检查指标，与肝功能无关。",
"sx_all":"1",
"sx_wrong":"0"
},
{
"sx_id":"1600",
"sx_type":"11",
"sx_title":"兽医临诊常用生化检验",
"sx_subject":"北京犬，已免疫，发病2天，精神沉郁，食欲不振，粪臭、色淡。眼结膜黄染，肝浊音区扩大，触诊疼痛。腹部X线检查显示肝区明显超出最后肋。\n<br>血清酶检查，无诊断意义的指标是（2010真题下189）&nbsp;&nbsp;&nbsp;",
"sx_answera":"肌酸激酶    ",
"sx_answerb":"碱性磷酸酶",
"sx_answerc":"γ-谷氨酰转移酶",
"sx_answerd":"丙氨酸氨基转移酶",
"sx_answere":"天门冬氨酸氨基转移酶 ",
"sx_answer":"A",
"sx_analyze":"肝炎是以肝细胞变性、坏死和肝组织炎性病变为病理特征的一组肝脏疾病。急性肝炎表现为消化不良，粪便臭味大而色泽浅淡；可视黏膜黄染，肝浊音区扩大，触诊疼痛。\n<br>肝功能检查指标包括：蛋白质及其代谢产物，胆红素及其代谢产物，胆汁酸，胆固醇，血清酶（碱性磷酸酶、γ-谷氨酰转移酶、丙氨酸氨基转移酶、天门冬氨酸氨基转移酶）\n<br>血清胆固醇：过多的胆固醇会排泄在胆汁中，由于肝胆系统与胆固醇的排泄有关，所以患有肝衰的动物的血浆胆固醇浓度会升高。\n<br>肌酐是由肾排泄的一种氮的代谢产物，为肾功能指标，与肝功能无关。\n<br>肌酸激酶为肌肉损害检查指标，与肝功能无关。",
"sx_all":"1",
"sx_wrong":"0"
},
{
"sx_id":"1601",
"sx_type":"11",
"sx_title":"症状与症候",
"sx_subject":"血液中还原血红蛋白减少时，动物可视黏膜常表现为（2012真题下12）",
"sx_answera":"红色 ",
"sx_answerb":"紫色 ",
"sx_answerc":"黄色 ",
"sx_answerd":"黄白色",
"sx_answere":"苍白色",
"sx_answer":"A",
"sx_analyze":"还原血红蛋白是旧称，现在多叫脱氧血红蛋白，指的是没有携带氧的血红蛋白。还原血红蛋白减少，说明氧合血红蛋白增多，导致动物可视黏膜呈鲜红色。典型的例子是氢氰酸中毒时，氰离子（CN-）与氧化型细胞色素酶的三价铁（Fe3+）牢固地集合，使其难以被细胞色素还原为还原型细胞色素酶，结果是阻止了组织细胞对氧的吸收作用，使得动脉血液和静脉血液氧含量几乎相同，因而颜色都呈鲜红色。所以氢氰酸中毒症状之一就是黏膜呈鲜红色。\n<br>发绀：指皮肤和黏膜呈蓝紫色的现象，主要是由于血液中还原血红蛋白增多，或在血液中形成异常血红蛋白衍生物而使皮肤、黏膜呈青紫色，故也称紫绀。\n<br>最常考的、临床中也较常见的是发绀，所以我们认为本题可能是题干有误，真题题干可能是“血液中还原血红蛋白增多时，动物可视黏膜常表现为”。大家只要掌握好这个知识点就不怕不怕啦！\n<br>",
"sx_all":"1",
"sx_wrong":"0"
},
{
"sx_id":"1602",
"sx_type":"11",
"sx_title":"症状与症候",
"sx_subject":"萨摩耶犬，3月龄，2日前突发呕吐、不食、少饮。昨日上午开始大便稀薄、下午便血。昨晚至今日上午呕吐7次，腹泻6次。体温&nbsp;38.9℃。血液检查：白细胞数11.8×109/L,红细胞8.6×1012/L，血红蛋白浓度179g/L，血小板241×109/L，二氧化碳结合力20mmol/L。\n<br>血常规检查还发现，该犬红细胞比容增至61.3%，其原因最可能是（2012真题下176）",
"sx_answera":"脾血进入血液循环 ",
"sx_answerb":"红细胞产生增加 ",
"sx_answerc":"出血",
"sx_answerd":"水肿 ",
"sx_answere":"脱水",
"sx_answer":"E",
"sx_analyze":"脱水是机体摄入水分不足和/或丢失过多，导致循环血量减少和组织脱水的综合病理过程，多由腹泻、呕吐、流涎、多尿等引起。犬的正常红细胞比容为42％，红细胞比容增多见于各种原因所致的血液浓缩，如大量呕吐、腹泻、失水、大面积烧伤等。",
"sx_all":"1",
"sx_wrong":"0"
},
{
"sx_id":"1603",
"sx_type":"11",
"sx_title":"症状与症候",
"sx_subject":"萨摩耶犬，3月龄，2日前突发呕吐、不食、少饮。昨日上午开始大便稀薄、下午便血。昨晚至今日上午呕吐7次，腹泻6次。体温&nbsp;38.9℃。血液检查：白细胞数11.8×109/L,红细胞8.6×1012/L，血红蛋白浓度179g/L，血小板241×109/L，二氧化碳结合力20mmol/L。\n<br>矫正该犬水、电解质、酸碱平衡絮乱，静脉输液最适宜的液体组方是（2012真题下177）",
"sx_answera":"10%葡萄糖，5%葡萄糖 ",
"sx_answerb":"5%葡萄糖，5%碳酸氢钠 ",
"sx_answerc":"10%葡萄糖，5%碳酸氢钠     ",
"sx_answerd":"5%葡萄糖, 5%葡萄糖氯化钠 ",
"sx_answere":"5%葡萄糖氯化钠，复方氯化钠 ",
"sx_answer":"B",
"sx_analyze":"病犬的二氧化碳结合力为20mmol/L,表示有轻微酸中毒。因此补液时，除需补充等渗溶液外，还应补充碳酸氢钠以纠正酸中毒。这里要多解释一下这个二氧化碳结合力，它是指血浆中以HCO3-形式存在的CO2的量。数值越高表示碱性越强，越低则酸性强，23-18时表示有轻微酸中毒。",
"sx_all":"1",
"sx_wrong":"0"
},
{
"sx_id":"1604",
"sx_type":"11",
"sx_title":"症状与症候",
"sx_subject":"萨摩耶犬，3月龄，2日前突发呕吐、不食、少饮。昨日上午开始大便稀薄、下午便血。昨晚至今日上午呕吐7次，腹泻6次。体温&nbsp;38.9℃。血液检查：白细胞数11.8×109/L,红细胞8.6×1012/L，血红蛋白浓度179g/L，血小板241×109/L，二氧化碳结合力20mmol/L。\n<br>判断体液平衡恢复的最佳血常规指标是（2012真题下178）",
"sx_answera":"红细胞比容    ",
"sx_answerb":"白细胞总数 ",
"sx_answerc":"红细胞总数  ",
"sx_answerd":"血小板总数",
"sx_answere":"血红蛋白浓度",
"sx_answer":"A",
"sx_analyze":"红细胞比容指抗凝全血经离心沉淀后，测得下沉的红细胞在全血中所占容积的百分比值。根据其值变化来帮助诊断贫血及其程度或测知血浆容量是否丢失。",
"sx_all":"1",
"sx_wrong":"0"
},
{
"sx_id":"1605",
"sx_type":"11",
"sx_title":"保定技术",
"sx_subject":"12．双抽筋倒马法倒马时，跗关节的绳套应移到后肢的（2013真题下12）",
"sx_answera":"腓部",
"sx_answerb":"跗部 ",
"sx_answerc":"系部 ",
"sx_answerd":"冠部 ",
"sx_answere":"蹄部",
"sx_answer":"C",
"sx_analyze":"双抽筋倒马法：将长绳双折在中间做一双套结，形成一长、一短的两个绳套，每个套各穿上一直径为10cm的铁环。将绳套用木棒固定在马的颈基部，放在倒卧的对侧。由两名助手各执一游离端，向后牵引，通过两前肢间和两后肢间，分别从两后肢跗关节上方，由内向外反折向前，与前绳做一交叉。两游离端分别穿入前面放置的金属环内，再反折向后拉紧。把跗关节的绳套移到系部后，两助手向后牵引两游离端。与此同时，牵马的助手向前拉马，马在运步过程中，拉绳的助手迅速收紧绳索，最后马由于身体失衡而倒卧在地。",
"sx_all":"1",
"sx_wrong":"0"
},
{
"sx_id":"1606",
"sx_type":"11",
"sx_title":"治疗技术",
"sx_subject":"当动物脱水量为6%-8%，每千克体重需要补液（2013真题下8）",
"sx_answera":"10-20ml ",
"sx_answerb":"20-25ml  ",
"sx_answerc":"30-50ml ",
"sx_answerd":"50-60ml ",
"sx_answere":"80-120ml",
"sx_answer":"C",
"sx_analyze":"体重减轻%&nbsp;&nbsp;&nbsp;需补液mL&nbsp;&nbsp;&nbsp;&nbsp;血细胞压积%\n<br>4-6\t&nbsp;&nbsp;&nbsp;&nbsp;20-25\t&nbsp;&nbsp;40-45\n<br>6-8\t&nbsp;&nbsp;&nbsp;&nbsp;30-50\t&nbsp;&nbsp;&nbsp;50\n<br>8-10\t&nbsp;&nbsp;&nbsp;&nbsp;50-80\t&nbsp;&nbsp;&nbsp;55\n<br>10-12\t&nbsp;&nbsp;&nbsp;&nbsp;80-120\t&nbsp;&nbsp;&nbsp;60",
"sx_all":"1",
"sx_wrong":"0"
}
]
}