{
"RECORDS":[
{
"sx_id":"338",
"sx_type":"14",
"sx_title":"动物生殖激素",
"sx_subject":"催产素可治疗的动物产科疾病是（2009真题下42）",
"sx_answera":"产后缺钙 ",
"sx_answerb":"胎衣不下",
"sx_answerc":"产后瘫痪 ",
"sx_answerd":"隐性乳腺炎",
"sx_answere":"雄性动物不育 ",
"sx_answer":"B",
"sx_analyze":"催产素可在治疗持久黄体、黄体囊肿、产后子宫出血、胎衣不下、子宫积脓、产后子宫复旧、死胎排出、放乳不良等方面配合其他药物使用。",
"sx_all":"1",
"sx_wrong":"0"
},
{
"sx_id":"339",
"sx_type":"14",
"sx_title":"动物生殖激素",
"sx_subject":"通过测定母畜血浆、乳汁或尿液中孕酮的含量，有助于判断（2009真题下43）&nbsp;",
"sx_answera":"垂体机能状态 ",
"sx_answerb":"卵泡的大小和数量",
"sx_answerc":"母畜的繁殖机能状态",
"sx_answerd":"下丘脑内分泌机能状态",
"sx_answere":"于宫内膜细胞的发育状态 ",
"sx_answer":"C",
"sx_analyze":"黄体形成、维持和消失具有规律性，相应地形成了规律的孕酮分泌型。通过测定血浆、乳汁、尿液、唾液中孕酮的水平，结合卵巢的直肠检查，就可判断母畜的繁殖状态。",
"sx_all":"1",
"sx_wrong":"0"
},
{
"sx_id":"340",
"sx_type":"14",
"sx_title":"动物生殖激素",
"sx_subject":"牛超数排卵时能显著促进卵泡发育的激素是（2010真题下42）",
"sx_answera":"雌二醇",
"sx_answerb":"前列腺素",
"sx_answerc":"促黄体素",
"sx_answerd":"人绒毛膜促性腺激素",
"sx_answere":"马绒毛膜促性腺激素",
"sx_answer":"E",
"sx_analyze":"胎盘产生的促性腺激素也称绒毛膜促性腺激素，主要有2种：马绒毛膜促性腺激素主要类似促卵泡素（FSH）的作用，促进卵泡发育；人绒毛膜促性腺激素主要类似促黄体素（LH）的作用，促进超数排卵。",
"sx_all":"1",
"sx_wrong":"0"
},
{
"sx_id":"341",
"sx_type":"14",
"sx_title":"动物生殖激素",
"sx_subject":"性腺激素主要包括（2012真题下42）",
"sx_answera":"GnRH、LH、FSH  ",
"sx_answerb":"OT、松弛素、PGs  ",
"sx_answerc":"孕酮、雌激素、雄激素",
"sx_answerd":"eCG、hCG、GnRH ",
"sx_answere":"OT、PGs、LH",
"sx_answer":"C",
"sx_analyze":"性腺激素即卵巢和睾丸产生的激素。卵巢产生的主要是雌激素、孕酮和松弛素；睾丸产生的主要是雄激素。",
"sx_all":"1",
"sx_wrong":"0"
},
{
"sx_id":"342",
"sx_type":"14",
"sx_title":"动物生殖激素",
"sx_subject":"促进乳汁从乳腺腺泡进入乳池的激素是（2013真题下42）",
"sx_answera":"催产素",
"sx_answerb":"松弛素 ",
"sx_answerc":"促黄体素  ",
"sx_answerd":"促卵泡素",
"sx_answere":"马绒毛膜促性腺激素",
"sx_answer":"A",
"sx_analyze":"催产素对排乳的刺激作用表现在两个方面，一是引起乳腺腺泡的肌上皮的收缩，升高乳腺内压，使乳汁由腺泡排出，并使小导管扩张和缩短，乳汁经由小导管流入大导管和乳池；二是使乳腺大导管、乳腺乳池和乳头乳池外周平滑肌松弛，有利于排乳。",
"sx_all":"1",
"sx_wrong":"0"
},
{
"sx_id":"343",
"sx_type":"14",
"sx_title":"发情与配种",
"sx_subject":"母马发情持续的时间为（2009真题下44）&nbsp;",
"sx_answera":"5-10天 ",
"sx_answerb":"11-15天 ",
"sx_answerc":"16-20天",
"sx_answerd":"21-25天",
"sx_answere":"26-30天 ",
"sx_answer":"A",
"sx_analyze":"马是季节性多次发情动物，发情周期平均为21（16-25）天，发情期约为7（5-10）天。",
"sx_all":"1",
"sx_wrong":"0"
},
{
"sx_id":"344",
"sx_type":"14",
"sx_title":"发情与配种",
"sx_subject":"一断奶母猪出现阴唇肿胀、阴门粘膜充血、阴道内流出透明粘液。最应做的检查是（2009真题下140）",
"sx_answera":"B超检查",
"sx_answerb":"阴道检查",
"sx_answerc":"血常规检查 ",
"sx_answerd":"静立反射检查",
"sx_answere":"孕激素水平检查 ",
"sx_answer":"D",
"sx_analyze":"根据题干中母猪的表现，表明母猪出现发情现象。约有50%的发情母猪表现“静立反射”，所以可利用静立反射检查母猪的发情情况。",
"sx_all":"1",
"sx_wrong":"0"
},
{
"sx_id":"345",
"sx_type":"14",
"sx_title":"发情与配种",
"sx_subject":"奶牛，早上开始发情，表现明显，阴户红肿，黏液清亮、牵缕性强，第1次配种的最适宜时间是",
"sx_answera":"当天晚上 ",
"sx_answerb":"第2天上午",
"sx_answerc":"第2天下午",
"sx_answerd":"第2天晚上",
"sx_answere":"第3天上午",
"sx_answer":"A",
"sx_analyze":"奶牛的最适输精时间是发情开始后9h至发情终止。通常在发情现象出现数小时和发情结束时两次配种（间隔约12小时）可以获得很高的受胎率。",
"sx_all":"1",
"sx_wrong":"0"
},
{
"sx_id":"346",
"sx_type":"14",
"sx_title":"发情与配种",
"sx_subject":"母猪，下午开始发情，表现外阴红肿，阴道粘膜充血，黏液透明清晰，发情过程正常，第1次配种的最适宜时间是",
"sx_answera":"当天晚上",
"sx_answerb":"第2天上午",
"sx_answerc":"第2天下午       ",
"sx_answerd":"第2天晚上",
"sx_answere":"第3天上午",
"sx_answer":"B",
"sx_analyze":"猪的最适输精时间为发情开始后15-30小时。",
"sx_all":"1",
"sx_wrong":"0"
},
{
"sx_id":"347",
"sx_type":"14",
"sx_title":"发情与配种",
"sx_subject":"母马初情期的卵巢变化是（2010真题下125）",
"sx_answera":"不排卵",
"sx_answerb":"有黄体",
"sx_answerc":"无卵泡发育",
"sx_answerd":"有卵泡发育",
"sx_answere":"卵巢质地变硬",
"sx_answer":"D",
"sx_analyze":"初情期是指母畜开始出现发情现象或排卵的时期。马驹出生6-9月龄时卵巢上有卵泡发育，12月龄时营养良好的小马达到初情期。",
"sx_all":"1",
"sx_wrong":"0"
},
{
"sx_id":"348",
"sx_type":"14",
"sx_title":"发情与配种",
"sx_subject":"属于季节性发情的动物是（2012真题下43）",
"sx_answera":"奶牛",
"sx_answerb":"黄牛 ",
"sx_answerc":"绵羊",
"sx_answerd":"猪",
"sx_answere":"兔",
"sx_answer":"C",
"sx_analyze":"羊、马、猫是季节性多次发情，犬是季节性单次或双次发情。",
"sx_all":"1",
"sx_wrong":"0"
},
{
"sx_id":"349",
"sx_type":"14",
"sx_title":"发情与配种",
"sx_subject":"称为成熟卵泡的是（2013真题下43）",
"sx_answera":"原始卵泡    ",
"sx_answerb":"初级卵泡",
"sx_answerc":"次级卵泡",
"sx_answerd":"三级卵泡",
"sx_answere":"格拉夫氏卵泡",
"sx_answer":"E",
"sx_analyze":"根据卵泡生长阶段不同，可将它们划分为原始卵泡、初级卵泡、次级卵泡、三级卵泡和格拉夫氏卵泡。格拉夫氏卵泡又称为成熟卵泡。",
"sx_all":"1",
"sx_wrong":"0"
},
{
"sx_id":"350",
"sx_type":"14",
"sx_title":"发情与配种",
"sx_subject":"与卵子激活有关的最主要离子是（2013真题下44）",
"sx_answera":"Na+",
"sx_answerb":"K+",
"sx_answerc":"Ca2+ ",
"sx_answerd":"Mg2+",
"sx_answere":"Zn2+ ",
"sx_answer":"C",
"sx_analyze":"细胞质内游离钙离子浓度的升高是卵子激活的主要事件。",
"sx_all":"1",
"sx_wrong":"0"
},
{
"sx_id":"351",
"sx_type":"14",
"sx_title":"发情与配种",
"sx_subject":"某牛，早上出现发情，外阴红肿，黏液清亮，牵缕性强，第一次输精的最适宜时间是",
"sx_answera":"当天下午",
"sx_answerb":"第二天上午",
"sx_answerc":"第二天下午　",
"sx_answerd":"第二天晚上",
"sx_answere":"第三天上午",
"sx_answer":"A",
"sx_analyze":"奶牛的最适输精时间是发情开始后9h至发情终止。通常在发情现象出现数小时和发情结束时两次配种（间隔约12小时）可以获得很高的受胎率。",
"sx_all":"1",
"sx_wrong":"0"
},
{
"sx_id":"352",
"sx_type":"14",
"sx_title":"发情与配种",
"sx_subject":"某猪，下午出现发情，外阴红肿，阴道黏膜充血，黏液透明清晰，发情过程正常，第一次配种的最适宜的时间是",
"sx_answera":"当天下午　",
"sx_answerb":"第二天上午",
"sx_answerc":"第二天下午　",
"sx_answerd":"第二天晚上",
"sx_answere":"第三天上午",
"sx_answer":"B",
"sx_analyze":"猪的最适输精时间为发情开始后15-30小时。",
"sx_all":"1",
"sx_wrong":"0"
},
{
"sx_id":"353",
"sx_type":"14",
"sx_title":"受精",
"sx_subject":"卵子受精时，阻止多精子入卵有关的机制是（2010真题下43）",
"sx_answera":"顶体反应    ",
"sx_answerb":"卵子激活",
"sx_answerc":"精子获能",
"sx_answerd":"卵质膜反应",
"sx_answere":"精卵膜融合",
"sx_answer":"D",
"sx_analyze":"阻止多精入卵的有两种机制：透明带反应和卵质膜反应。",
"sx_all":"1",
"sx_wrong":"0"
},
{
"sx_id":"354",
"sx_type":"14",
"sx_title":"受精",
"sx_subject":"45.&nbsp;受精结束和胚胎开始发育的标志是（2010真题下45）",
"sx_answera":"原核发育 ",
"sx_answerb":"透明带反应 ",
"sx_answerc":"卵质膜反应 ",
"sx_answerd":"气质颗粒膜形成",
"sx_answere":"染色体第一次有丝分裂形成纺锤体",
"sx_answer":"E",
"sx_analyze":"染色质混合后，第一次有丝分裂纺锤体的形成标志着受精结束和胚胎发育的开始。",
"sx_all":"1",
"sx_wrong":"0"
},
{
"sx_id":"355",
"sx_type":"14",
"sx_title":"妊娠",
"sx_subject":"属于弥散型胎盘的动物是（2009真题下45）&nbsp;",
"sx_answera":"马  ",
"sx_answerb":"牛",
"sx_answerc":"羊       ",
"sx_answerd":"犬      ",
"sx_answere":"猴 ",
"sx_answer":"A",
"sx_analyze":"胎盘的类型主要有以下四种：上皮绒毛膜胎盘（弥散型）&nbsp;猪、马；结缔绒毛膜胎盘（子叶型）牛、羊；内皮绒毛膜胎盘（环状）&nbsp;犬、猫；血绒毛膜胎盘（盘状）&nbsp;灵长类、兔。",
"sx_all":"1",
"sx_wrong":"0"
},
{
"sx_id":"356",
"sx_type":"14",
"sx_title":"妊娠",
"sx_subject":"羊的妊娠期平均为&nbsp;（2009真题下46）",
"sx_answera":"110天 ",
"sx_answerb":"130天  ",
"sx_answerc":"150天",
"sx_answerd":"170天",
"sx_answere":"190天",
"sx_answer":"C",
"sx_analyze":"主要动物的平均妊娠期：\n<br>奶牛：282；猪：114；羊：150；马：340；犬：62；猫：58\n<br>",
"sx_all":"1",
"sx_wrong":"0"
},
{
"sx_id":"357",
"sx_type":"14",
"sx_title":"妊娠",
"sx_subject":"牛妊娠期卵巢的特征性变化是（2010真题下44）",
"sx_answera":"体积变小 ",
"sx_answerb":"质地变硬 ",
"sx_answerc":"质地变软   ",
"sx_answerd":"有卵泡发育",
"sx_answere":"有黄体存在",
"sx_answer":"E",
"sx_analyze":"牛的整个妊娠期都有黄体存在，妊娠黄体同周期性黄体没有显著区别。",
"sx_all":"1",
"sx_wrong":"0"
},
{
"sx_id":"358",
"sx_type":"14",
"sx_title":"妊娠",
"sx_subject":"妊娠中后期，由胎盘产生的孕酮发挥维持妊娠作用的动物是（2012真题下122）",
"sx_answera":"马 ",
"sx_answerb":"奶牛",
"sx_answerc":"黄牛    ",
"sx_answerd":"绵羊    ",
"sx_answere":"山羊",
"sx_answer":"A",
"sx_analyze":"马属动物的妊娠黄体不足以提供维持怀孕所需的孕酮，因此，在妊娠的维持中胎盘产生的孕酮发挥重要作用。",
"sx_all":"1",
"sx_wrong":"0"
},
{
"sx_id":"359",
"sx_type":"14",
"sx_title":"妊娠",
"sx_subject":"猫的妊娠平均是（2012真题下123）",
"sx_answera":"45天    ",
"sx_answerb":"58天 ",
"sx_answerc":"62天    ",
"sx_answerd":"75天 ",
"sx_answere":"90天",
"sx_answer":"B",
"sx_analyze":"主要动物的平均妊娠期：奶牛282天；猪114天；羊150天；马340天；犬62天；猫58天。",
"sx_all":"1",
"sx_wrong":"0"
},
{
"sx_id":"360",
"sx_type":"14",
"sx_title":"妊娠",
"sx_subject":"孕体分泌的雌激素因子在识别过程中发挥的作用是（2013真题下45）",
"sx_answera":"阻止PGF2α的合成 ",
"sx_answerb":"促进PGF2α的合成",
"sx_answerc":"促进雌激素的分泌",
"sx_answerd":"维持并促进腺体分泌孕激素",
"sx_answere":"抑制雌激素的分泌",
"sx_answer":"A",
"sx_analyze":"猪的胚泡能够产生雌激素，使母体产生妊娠识别。雌激素发生局部作用，使子宫内膜合成前列腺激素减少，同时也阻止分泌至子宫腔内的前列腺激素释入子宫静脉，以致不能进入全身血循环和卵巢，黄体就不会受到影响而退化。",
"sx_all":"1",
"sx_wrong":"0"
},
{
"sx_id":"361",
"sx_type":"14",
"sx_title":"妊娠",
"sx_subject":"犬于配种后第3天终止妊娠，可肌肉注射（2013真题下123）",
"sx_answera":"人绒毛膜促性腺激素 ",
"sx_answerb":"雌激素",
"sx_answerc":"马绒毛膜促性腺激素 ",
"sx_answerd":"促黄体素",
"sx_answere":"促卵泡素",
"sx_answer":"B",
"sx_analyze":"母犬配种受精后合子经过4d才到达子宫腔，在此期间给予雌激素制剂造成输卵管和子宫环境的改变，可影响合子在输卵管的输送和阻碍其在子宫的着床，最终被子宫内膜吸收而达到终止妊娠的目的。",
"sx_all":"1",
"sx_wrong":"0"
},
{
"sx_id":"362",
"sx_type":"14",
"sx_title":"分娩",
"sx_subject":"提示奶牛将于数小时至&nbsp;1天内分娩的特征征兆是（2009真题下47）&nbsp;",
"sx_answera":"漏乳 ",
"sx_answerb":"乳房膨胀 ",
"sx_answerc":"精神不安",
"sx_answerd":"阴唇松弛    ",
"sx_answere":"子宫颈松软 ",
"sx_answer":"A",
"sx_analyze":"有的奶牛有漏乳现象，乳汁成滴或成股流出，漏乳开始后数小时至1天即分娩。",
"sx_all":"1",
"sx_wrong":"0"
},
{
"sx_id":"364",
"sx_type":"14",
"sx_title":"分娩",
"sx_subject":"分娩中发生阵缩的肌肉是（2009真题下48）&nbsp;",
"sx_answera":"膈肌  ",
"sx_answerb":"腹肌",
"sx_answerc":"子宫肌 ",
"sx_answerd":"肋间肌 ",
"sx_answere":"臀中肌 ",
"sx_answer":"C",
"sx_analyze":"产力是指将胎儿从子宫中排出的力量，由子宫肌及腹肌有节律的收缩共同构成。子宫肌的收缩称为阵缩，是分娩过程中的主要动力。腹壁肌和膈肌的收缩称为努责，它在分娩中与子宫收缩协同，对胎儿的产出也起着十分重要的作用。",
"sx_all":"1",
"sx_wrong":"0"
},
{
"sx_id":"366",
"sx_type":"14",
"sx_title":"分娩",
"sx_subject":"奶牛产后恶露排出时间异常的是（2010真题下110）",
"sx_answera":"3-5 天",
"sx_answerb":"6-7 天 ",
"sx_answerc":"8-9 天 ",
"sx_answerd":"10-12 天 ",
"sx_answere":"20天以上 ",
"sx_answer":"E",
"sx_analyze":"母牛分娩后，恶露排出时间为10-12天，如果超过3周仍有分泌物排出，则视为病态。",
"sx_all":"1",
"sx_wrong":"0"
},
{
"sx_id":"368",
"sx_type":"14",
"sx_title":"分娩",
"sx_subject":"经产奶牛，妊娠已280天。外阴部出现肿胀，尾根两侧臀部塌陷，乳房肿胀，乳汁呈滴状流出。该牛可能发生的是（2012真题下44）&nbsp;",
"sx_answera":"临产征兆 ",
"sx_answerb":"早产征兆",
"sx_answerc":"胎儿浸溶征兆",
"sx_answerd":"慢性乳腺炎",
"sx_answere":"发情",
"sx_answer":"A",
"sx_analyze":"奶牛的妊娠期为280天左右，分娩前数小时至1天可能会有漏乳现象，乳汁呈滴状或线状流出。",
"sx_all":"1",
"sx_wrong":"0"
},
{
"sx_id":"369",
"sx_type":"14",
"sx_title":"分娩",
"sx_subject":"对奶牛启动分娩起决定作用的是（2013真题下46）",
"sx_answera":"胎儿的丘脑下部?垂体?肾上腺轴系",
"sx_answerb":"母体的丘脑下部?垂体?肾上腺轴系",
"sx_answerc":"胎盘产生的雌激素 ",
"sx_answerd":"胎盘产生的孕激素",
"sx_answere":"神经垂体释放的催产素",
"sx_answer":"A",
"sx_analyze":"在羊及牛，胎儿的下丘脑?垂体?肾上腺轴系对于发动分娩起着决定性的作用。",
"sx_all":"1",
"sx_wrong":"0"
},
{
"sx_id":"370",
"sx_type":"14",
"sx_title":"分娩",
"sx_subject":"牛分娩时正常的胎位，胎向是（2013真题下47）",
"sx_answera":"上位、纵向",
"sx_answerb":"下位、纵向",
"sx_answerc":"侧位、纵向",
"sx_answerd":"上位、横向",
"sx_answere":"下位、横向",
"sx_answer":"A",
"sx_analyze":"胎向即胎儿的方向，纵向是胎儿的纵轴与母体的纵轴互相平行，这是正常的胎向。胎位即胎儿的位置，上位是胎儿伏卧在子宫内，背部在上，靠近母体的背部。这是正常的胎位。",
"sx_all":"1",
"sx_wrong":"0"
},
{
"sx_id":"371",
"sx_type":"14",
"sx_title":"分娩",
"sx_subject":"影响分娩过程的因素不包括（2013真题下48）",
"sx_answera":"阵缩与努责 ",
"sx_answerb":"软产道",
"sx_answerc":"硬产道  ",
"sx_answerd":"胎儿与产道的关系",
"sx_answere":"母体促卵泡素的水平",
"sx_answer":"E",
"sx_analyze":"分娩过程是否正常，主要取决于三个因素，即产力（阵缩和努责）、产道（硬产道和软产道）及胎儿与产道的关系。",
"sx_all":"1",
"sx_wrong":"0"
},
{
"sx_id":"387",
"sx_type":"14",
"sx_title":"妊娠期疾病",
"sx_subject":"奶牛，6岁，努责时阴门流出红褐色难闻的粘稠液体，其中偶有小骨片。主诉，配种后已确诊怀孕，但已过预产期半月&nbsp;\n<br>最可能的论断是&nbsp;",
"sx_answera":"阴道脱出 ",
"sx_answerb":"隐性流产",
"sx_answerc":"胎儿浸溶 ",
"sx_answerd":"胎儿干尸化",
"sx_answere":"排出不足月胎儿 ",
"sx_answer":"C",
"sx_analyze":"妊娠中断后，由于黄体退化，子宫颈管开张，微生物侵入子宫，死亡胎儿的软组织分解，变为液体流出，称为胎儿浸溶。若疾病为时已久，阴门流出红褐色难闻的黏稠液体，其中可能带有小的骨片。",
"sx_all":"1",
"sx_wrong":"0"
},
{
"sx_id":"389",
"sx_type":"14",
"sx_title":"妊娠期疾病",
"sx_subject":"奶牛，6岁，努责时阴门流出红褐色难闻的粘稠液体，其中偶有小骨片。主诉，配种后已确诊怀孕，但已过预产期半月&nbsp;\n<br>该病例最可能伴发的其他变化是&nbsp;",
"sx_answera":"慕雄狂",
"sx_answerb":"子宫颈关闭",
"sx_answerc":"卵泡交替发育 ",
"sx_answerd":"卵巢上有黄体存在",
"sx_answere":"阴道及子宫颈粘膜红肿 ",
"sx_answer":"E",
"sx_analyze":"子宫浸溶时，阴道检查可见，子宫颈口开张，在子宫颈管内或阴道中可以摸到胎骨，阴道及子宫颈黏膜红肿。",
"sx_all":"1",
"sx_wrong":"0"
},
{
"sx_id":"391",
"sx_type":"14",
"sx_title":"妊娠期疾病",
"sx_subject":"奶牛，6岁，努责时阴门流出红褐色难闻的粘稠液体，其中偶有小骨片。主诉，配种后已确诊怀孕，但已过预产期半月&nbsp;\n<br>如要进一步确诊，最简单直接的检查方法应是&nbsp;",
"sx_answera":"阴道检查    ",
"sx_answerb":"直肠检查",
"sx_answerc":"细菌学检查 ",
"sx_answerd":"心电图检查",
"sx_answere":"血常规检查",
"sx_answer":"A",
"sx_analyze":"子宫浸溶时，阴道检查可见，子宫颈口开张，在子宫颈管内或阴道中可以摸到胎骨，阴道及子宫颈黏膜红肿。",
"sx_all":"1",
"sx_wrong":"0"
},
{
"sx_id":"392",
"sx_type":"14",
"sx_title":"妊娠期疾病",
"sx_subject":"奶牛，离分娩尚有1月余。近日出现烦躁不安，乳房胀大，临床检查心率90次/分钟，呼吸30次/分钟，阴门内有少量清亮黏液。最适合选用的治疗药物是（2010真题下82）",
"sx_answera":"雌激素 ",
"sx_answerb":"黄体酮",
"sx_answerc":"前列腺素 ",
"sx_answerd":"垂体后叶素",
"sx_answere":"马绒毛膜促性腺激素",
"sx_answer":"B",
"sx_analyze":"当母畜发生流产，排出不足月的胎儿时，临诊表现与正常分娩相似，但不那样明显。往往仅在排出胎儿前2-3天乳腺突然膨大，阴唇稍微肿胀，阴门内有清亮黏液排出，乳头内可挤出清亮液体。有的孕畜出现腹痛、起卧不安、呼吸和脉搏加快。在出现流产征兆时，处理原则为使用抑制子宫收缩药安胎，如肌注黄体酮和给以镇静剂等。",
"sx_all":"1",
"sx_wrong":"0"
},
{
"sx_id":"393",
"sx_type":"14",
"sx_title":"妊娠期疾病",
"sx_subject":"犬阴道增生脱出多发生在&nbsp;（2010真题下122）",
"sx_answera":"发情期",
"sx_answerb":"妊娠期 ",
"sx_answerc":"子宫开口期",
"sx_answerd":"胎儿产出期 ",
"sx_answere":"胎衣排出期 ",
"sx_answer":"A",
"sx_analyze":"犬的阴道增生性脱出多发生于发情前期或发情期，阴道黏膜褶过度水肿、增生，并向后脱垂。",
"sx_all":"1",
"sx_wrong":"0"
},
{
"sx_id":"395",
"sx_type":"14",
"sx_title":"妊娠期疾病",
"sx_subject":"奶牛妊娠后期，体温39.2℃，乳房下半部皮肤发红，指压留痕，热痛不明显。对该牛合理的处理措施是（2010真题下149）",
"sx_answera":"注射氯前列烯醇 ",
"sx_answerb":"乳头内注射抗生素",
"sx_answerc":"减少精料和多汁饲料        ",
"sx_answerd":"在乳房基部注射抗生素",
"sx_answere":"乳房皮下穿刺放液消肿 ",
"sx_answer":"C",
"sx_analyze":"孕畜浮肿即妊娠浮肿，指妊娠末期孕畜腹下、后肢及乳房等处发生水肿。触诊浮肿处其质地如面团，指压留痕，皮温稍低，无被毛部的皮肤紧张而有光泽。\n<br>防治：改善饲养管理，给予富含蛋白质、矿物质及维生素丰富的饲料，限制饮水，减少多汁饲料及食盐。做适当运动，擦拭皮肤，按摩乳房。\n<br>",
"sx_all":"1",
"sx_wrong":"0"
},
{
"sx_id":"402",
"sx_type":"14",
"sx_title":"妊娠期疾病",
"sx_subject":"母猪，妊娠已3个月，突然发现乳房膨大，阴唇肿胀，有清亮分泌物从阴道流出。提示可能发生的疾病是（2012真题下82）",
"sx_answera":"流产  ",
"sx_answerb":"妊娠毒血症",
"sx_answerc":"轻度乳房炎 ",
"sx_answerd":"乳房浮肿",
"sx_answere":"阴道炎",
"sx_answer":"A",
"sx_analyze":"当母畜发生流产，排出不足月的胎儿时，临诊表现与正常分娩相似，但不那样明显。往往仅在排出胎儿前2-3天乳腺突然膨大，阴唇稍微肿胀，阴门内有清亮黏液排出，乳头内可挤出清亮液体。",
"sx_all":"1",
"sx_wrong":"0"
},
{
"sx_id":"404",
"sx_type":"14",
"sx_title":"妊娠期疾病",
"sx_subject":"奶牛，离预产期尚有数日。发现整个乳房体积增大，乳房皮肤发红、有光泽，无热无痛，指压留痕。该奶牛最可能发生的疾病是（2012真题下165）",
"sx_answera":"乳房浮肿 ",
"sx_answerb":"乳房血肿 ",
"sx_answerc":"乳房气肿",
"sx_answerd":"乳房坏疽 ",
"sx_answere":"急性乳房炎",
"sx_answer":"A",
"sx_analyze":"孕畜浮肿是指妊娠末期孕畜腹下、后肢以及乳房等处发生水肿。水肿常从腹下及乳房开始出现。触诊浮肿处其质地如面团，指压留痕，皮温稍低，无被毛部（比如乳房）的皮肤紧张而有光泽。通常无全身症状。",
"sx_all":"1",
"sx_wrong":"0"
},
{
"sx_id":"406",
"sx_type":"14",
"sx_title":"妊娠期疾病",
"sx_subject":"奶牛，已妊娠7个月。近期发现精神沉郁，弓背，努责，阴门流出红褐色难闻黏稠液体。阴道检查发现子宫颈口开张，阴道及子宫颈黏膜红肿。\n<br>该牛最可能发生的疾病是",
"sx_answera":"胎儿干尸化",
"sx_answerb":"胎儿浸溶",
"sx_answerc":"子宫积脓",
"sx_answerd":"子宫内膜炎  ",
"sx_answere":"胎盘脱落",
"sx_answer":"B",
"sx_analyze":"发生胎儿浸溶时，母畜阴门流出红褐色难闻的黏稠液体，其中可能带有小骨片。阴道检查，子宫颈口开张，在子宫颈管内或阴道中可以摸到胎骨，阴道及子宫颈黏膜红肿。",
"sx_all":"1",
"sx_wrong":"0"
},
{
"sx_id":"409",
"sx_type":"14",
"sx_title":"妊娠期疾病",
"sx_subject":"奶牛，已妊娠7个月。近期发现精神沉郁，弓背，努责，阴门流出红褐色难闻黏稠液体。阴道检查发现子宫颈口开张，阴道及子宫颈黏膜红肿。\n<br>进行直肠检查，卵巢上可能",
"sx_answera":"既有妊娠黄体存在，又有卵泡发育",
"sx_answerb":"有妊娠黄体存在，无卵泡发育",
"sx_answerc":"无妊娠黄体存在，有卵泡发育       ",
"sx_answerd":"无妊娠黄体存在，无卵泡发育 ",
"sx_answere":"有囊肿黄体",
"sx_answer":"C",
"sx_analyze":"胎儿浸溶：妊娠中断后，由于黄体退化，子宫颈管开张，微生物侵入子宫，死亡胎儿的软组织分解，变为液体流出，而骨骼则留在子宫内。此时黄体退化是确定的，至于在检查的这一刻黄体是否已经完全消失应该没有办法确定，所以我们认为此题的选项中的描述不够准确，但相对来说，选C更加合适。",
"sx_all":"1",
"sx_wrong":"0"
},
{
"sx_id":"411",
"sx_type":"14",
"sx_title":"妊娠期疾病",
"sx_subject":"奶牛，已妊娠7个月。近期发现精神沉郁，弓背，努责，阴门流出红褐色难闻黏稠液体。阴道检查发现子宫颈口开张，阴道及子宫颈黏膜红肿。\n<br>最理想的处理方法是",
"sx_answera":"剖腹产  ",
"sx_answerb":"注射黄体酮 ",
"sx_answerc":"通过产道取出胎儿 ",
"sx_answerd":"注射前列腺素 ",
"sx_answere":"注射催产素",
"sx_answer":"C",
"sx_analyze":"胎儿浸溶时，若软组织已基本液化，必须尽力将胎骨逐块取净。分离骨骼有困难时，可先将其破坏后再取出。最后用消毒液或5％-10％盐水抗生素冲洗子宫，再应用子宫收缩药促使液体排出。所以对牛胎儿浸溶应采取的措施是通过产道取出胎儿。",
"sx_all":"1",
"sx_wrong":"0"
},
{
"sx_id":"413",
"sx_type":"14",
"sx_title":"妊娠期疾病",
"sx_subject":"奶牛，正常妊娠至8个月时，腹部不再继续增大，超出预产期45天仍无分娩预兆。阴道检查子宫颈口关闭，临床上无明显症状。\n<br>该牛最可能发生的是",
"sx_answera":"胎儿干尸化  ",
"sx_answerb":"子宫破裂 ",
"sx_answerc":"胎儿气肿 ",
"sx_answerd":"胎儿浸溶",
"sx_answere":"子宫捻转",
"sx_answer":"A",
"sx_analyze":"胎儿死亡后长期停留于子宫内，称为延期流产。依据子宫颈是否开放，可分为胎儿干尸化和胎儿浸溶两种。\n<br>确诊：直肠检查，子宫呈圆球状，子宫的大小远小于其妊娠月份应有的体积。\n<br>治疗：对于发生胎儿干尸化的病畜，首先可使用前列腺素制剂，继之或同时应用雌激素，溶解黄体并促使子宫颈口开张。\n<br>",
"sx_all":"1",
"sx_wrong":"0"
},
{
"sx_id":"415",
"sx_type":"14",
"sx_title":"妊娠期疾病",
"sx_subject":"奶牛，正常妊娠至8个月时，腹部不再继续增大，超出预产期45天仍无分娩预兆。阴道检查子宫颈口关闭，临床上无明显症状。\n<br>确诊该病需要进行",
"sx_answera":"血常规检查",
"sx_answerb":"血液生化检查 ",
"sx_answerc":"直肠检查  ",
"sx_answerd":"阴道检查   ",
"sx_answere":"孕酮检查",
"sx_answer":"C",
"sx_analyze":"胎儿死亡后长期停留于子宫内，称为延期流产。依据子宫颈是否开放，可分为胎儿干尸化和胎儿浸溶两种。\n<br>确诊：直肠检查，子宫呈圆球状，子宫的大小远小于其妊娠月份应有的体积。\n<br>治疗：对于发生胎儿干尸化的病畜，首先可使用前列腺素制剂，继之或同时应用雌激素，溶解黄体并促使子宫颈口开张。\n<br>",
"sx_all":"1",
"sx_wrong":"0"
},
{
"sx_id":"417",
"sx_type":"14",
"sx_title":"妊娠期疾病",
"sx_subject":"奶牛，正常妊娠至8个月时，腹部不再继续增大，超出预产期45天仍无分娩预兆。阴道检查子宫颈口关闭，临床上无明显症状。\n<br>治疗该病时，首先应注射",
"sx_answera":"黄体酮与催产素",
"sx_answerb":"前列腺素与黄体酮",
"sx_answerc":"黄体酮与钙剂 ",
"sx_answerd":"前列腺素与雌激素",
"sx_answere":"催产素与雌激素",
"sx_answer":"D",
"sx_analyze":"胎儿死亡后长期停留于子宫内，称为延期流产。依据子宫颈是否开放，可分为胎儿干尸化和胎儿浸溶两种。\n<br>确诊：直肠检查，子宫呈圆球状，子宫的大小远小于其妊娠月份应有的体积。\n<br>治疗：对于发生胎儿干尸化的病畜，首先可使用前列腺素制剂，继之或同时应用雌激素，溶解黄体并促使子宫颈口开张。\n<br>",
"sx_all":"1",
"sx_wrong":"0"
},
{
"sx_id":"420",
"sx_type":"14",
"sx_title":"妊娠期疾病",
"sx_subject":"奶牛，距预产期10天，步态强拘，食欲减退，腹部至前胸和后肢皮下水肿，质地如面团，指压留痕，精神、体温未见异常。\n<br>该牛最可能发生的是",
"sx_answera":"肾功能不全",
"sx_answerb":"腹壁蜂窝织炎",
"sx_answerc":"孕畜浮肿",
"sx_answerd":"心功能衰竭",
"sx_answere":"食盐中毒",
"sx_answer":"C",
"sx_analyze":"孕畜浮肿：即妊娠浮肿，指妊娠末期孕畜腹下、后肢及乳房等处发生水肿。\n<br>症状：触诊浮肿处其质地如面团，指压留痕，皮温稍低，无被毛部的皮肤紧张而有光泽。通常无全身症状。\n<br>",
"sx_all":"1",
"sx_wrong":"0"
},
{
"sx_id":"421",
"sx_type":"14",
"sx_title":"妊娠期疾病",
"sx_subject":"奶牛，距预产期10天，步态强拘，食欲减退，腹部至前胸和后肢皮下水肿，质地如面团，指压留痕，精神、体温未见异常。\n<br>与该病发生无直接关系的因素是",
"sx_answera":"腹内压增高  ",
"sx_answerb":"饲料蛋白质不足",
"sx_answerc":"机体衰弱，运动不足      ",
"sx_answerd":"雌激素，醛固酮等分泌较多",
"sx_answere":"钠盐、钾盐摄入不足",
"sx_answer":"E",
"sx_analyze":"病因：\n<br>（1）妊娠末期，腹内压增高。因而腹下、乳房的静脉血流滞缓，血液中的水分渗出增多\n<br>（2）饲料蛋白不足，血浆蛋白胶体渗透压降低，导致组织间隙水分增多。\n<br>（3）若孕畜运动不足，则容易发生水肿。\n<br>（4）妊娠期间体内抗利尿激素、醛固酮等的分泌增多,会导致组织内的钠增加和水潴留。\n<br>",
"sx_all":"1",
"sx_wrong":"0"
},
{
"sx_id":"422",
"sx_type":"14",
"sx_title":"妊娠期疾病",
"sx_subject":"奶牛，距预产期10天，步态强拘，食欲减退，腹部至前胸和后肢皮下水肿，质地如面团，指压留痕，精神、体温未见异常。",
"sx_answera":"给予富含蛋白质的饲料 ",
"sx_answerb":"减少饲料中蛋白质的用量",
"sx_answerc":"增加青绿饲料",
"sx_answerd":"补充盐分",
"sx_answere":"限制运动",
"sx_answer":"A",
"sx_analyze":"防治：改善饲养管理，给予富含蛋白质、矿物质及维生素丰富的易消化饲料，限制饮水，减少多汁饲料及食盐，做适当运动，擦拭皮肤，按摩乳房。浮肿轻者不必用药，严重的可用强心、利尿剂",
"sx_all":"1",
"sx_wrong":"0"
},
{
"sx_id":"423",
"sx_type":"14",
"sx_title":"分娩期疾病",
"sx_subject":"引起猪继发性子宫迟缓的主要原因是（2009真题下49）",
"sx_answera":"体质虚弱",
"sx_answerb":"胎水过多",
"sx_answerc":"身体肥胖  ",
"sx_answerd":"子宫肌疲劳",
"sx_answere":"催产素分泌不足 ",
"sx_answer":"D",
"sx_analyze":"继发性子宫弛缓指开始时子宫阵缩正常，以后由于排出胎儿受阻或子宫肌疲劳等导致的子宫收缩力变弱或弛缓。",
"sx_all":"1",
"sx_wrong":"0"
},
{
"sx_id":"424",
"sx_type":"14",
"sx_title":"分娩期疾病",
"sx_subject":"治疗牛临产时发生子宫捻转不宜采用的方法是（2009真题下110）&nbsp;",
"sx_answera":"翻转母体  ",
"sx_answerb":"剖腹矫正",
"sx_answerc":"产道内矫正  ",
"sx_answerd":"直肠内矫正",
"sx_answere":"牵引术矫正 ",
"sx_answer":"E",
"sx_analyze":"临产时发生的捻转，应将子宫转正后拉出胎儿。对捻转程度小的，可选用产道内或直肠内矫正；对捻转程度较大且产道极度狭窄、手难以伸入产道抓住胎儿的情况，常选用翻转母体、剖腹矫正或剖腹产的方法。所以不宜采用的是牵引术矫正。",
"sx_all":"1",
"sx_wrong":"0"
},
{
"sx_id":"425",
"sx_type":"14",
"sx_title":"分娩期疾病",
"sx_subject":"奶牛难产做产科检查时，发现进入产道的胎儿背部与母体背部不一致是属于（2010真题下111）&nbsp;",
"sx_answera":"胎儿过大 ",
"sx_answerb":"胎向异常  ",
"sx_answerc":"胎位异常 ",
"sx_answerd":"胎势异常 ",
"sx_answere":"产道异常 ",
"sx_answer":"C",
"sx_analyze":"胎位即胎儿的位置，上位是胎儿伏卧在子宫内，背部在上，靠近母体的背部，这是正常的胎位。若胎儿的背部与母体的背部不一致称为胎位异常。",
"sx_all":"1",
"sx_wrong":"0"
},
{
"sx_id":"426",
"sx_type":"14",
"sx_title":"分娩期疾病",
"sx_subject":"奶牛剖腹产术侧卧保定合理的切口是（2010真题下112）&nbsp;",
"sx_answera":"左肷部前切口",
"sx_answerb":"右肷部前切口",
"sx_answerc":"左肋弓下斜切口 ",
"sx_answerd":"右肋弓下斜切口",
"sx_answere":"平行左乳静脉白线旁切口",
"sx_answer":"E",
"sx_analyze":"牛的剖腹产手术，右侧卧保定，在左乳静脉的左侧5-8厘米处，自乳房基部前缘向前做一长35-45厘米的平行乳静脉的切口。",
"sx_all":"1",
"sx_wrong":"0"
},
{
"sx_id":"427",
"sx_type":"14",
"sx_title":"分娩期疾病",
"sx_subject":"奶牛剖腹产手术，子宫壁切口的缝合方法是（2012真题下45）",
"sx_answera":"浆膜肌层连续内翻缝合  ",
"sx_answerb":"浆膜肌层间断外翻缝合",
"sx_answerc":"子宫壁全层连续内翻缝合 ",
"sx_answerd":"子宫壁全层间断内翻缝合 ",
"sx_answere":"全层水平纽扣缝合",
"sx_answer":"A",
"sx_analyze":"牛剖腹产手术，取出胎儿后，尽可能把胎衣完全剥离取出。用剪刀剪除切口周围妨碍缝合的胎衣，用可吸收缝线连续内翻缝合子宫壁浆膜肌层。",
"sx_all":"1",
"sx_wrong":"0"
},
{
"sx_id":"428",
"sx_type":"14",
"sx_title":"分娩期疾病",
"sx_subject":"奶牛分娩，持续努责1.5小时仍未产出胎儿。检查发现胎膜已经破裂，一前蹄露出阴门外，口鼻位于阴道内，另一前肢碗关节屈曲，抵于耻骨前缘，胎儿尚活。处理该难产的首选方法是（2012真题下83）",
"sx_answera":"直接矫正屈曲的腕关节 ",
"sx_answerb":"将头部推回子宫腔，矫正屈曲的腕关节 ",
"sx_answerc":"将露出的前肢推回子宫腔，矫正屈曲的腕关节 ",
"sx_answerd":"推回屈曲的肢体，向外牵拉头部和露出的前肢 ",
"sx_answere":"截除屈曲的腕关节，再向外牵拉头和露出的前肢",
"sx_answer":"B",
"sx_analyze":"发生腕关节屈曲时，可用产科梃顶在胎儿胸部与异常前腿肩端之间向前推，将胎儿推回子宫。然后，用手钩住蹄尖尽量向上抬，摆正前肢。",
"sx_all":"1",
"sx_wrong":"0"
},
{
"sx_id":"429",
"sx_type":"14",
"sx_title":"分娩期疾病",
"sx_subject":"奶牛正常分娩时，胎儿的胎位是（2012真题下124）",
"sx_answera":"上位  ",
"sx_answerb":"侧位   ",
"sx_answerc":"下位  ",
"sx_answerd":"正生   ",
"sx_answere":"倒生",
"sx_answer":"A",
"sx_analyze":"胎向即胎儿的方向，纵向是胎儿的纵轴与母体的纵轴互相平行，这是正常的胎向。胎位即胎儿的位置，上位是胎儿伏卧在子宫内，背部在上，靠近母体的背部。这是正常的胎位。",
"sx_all":"1",
"sx_wrong":"0"
},
{
"sx_id":"430",
"sx_type":"14",
"sx_title":"分娩期疾病",
"sx_subject":"奶牛难产，产道检查胎儿呈正生，判断胎儿是否死亡最常用的方法是（2012真题下126）",
"sx_answera":"观察胎儿瞳孔反应 ",
"sx_answerb":"测定胎儿体温是否下降",
"sx_answerc":"针刺前肢，观察有无疼痛反应 ",
"sx_answerd":"手指伸入胎儿肛门内，检查有无胎粪 ",
"sx_answere":"手指伸入胎儿口腔，检查有无吞咽和舌回缩反应",
"sx_answer":"E",
"sx_analyze":"判断胎儿是否死亡，如果正生，可将手指塞入胎儿口内，观察有无吞咽或吸吮动作；牵拉舌头，观察有无活动；牵拉前肢，感觉有无回缩反应；压迫眼球，观察眼球有无转动。如果为倒生，将手指伸入肛门，感觉是否收缩，或触诊股动脉是否有搏动。",
"sx_all":"1",
"sx_wrong":"0"
},
{
"sx_id":"431",
"sx_type":"14",
"sx_title":"分娩期疾病",
"sx_subject":"经产母猪，分娩时排出4个胎儿停止努责，30分钟后仍无努责迹象。产道检查发现有一胎儿位于盆腔入口处，两蹄部和鼻端位于子宫颈处。该猪最可能发生的疾病是（2012真题下164）",
"sx_answera":"继发性子宫迟缓",
"sx_answerb":"原发性子宫迟缓",
"sx_answerc":"子宫颈狭窄",
"sx_answerd":"骨盆腔狭窄",
"sx_answere":"胎势异常",
"sx_answer":"A",
"sx_analyze":"继发性子宫迟缓在多胎动物可见于前几个胎儿难产的病例，起先子宫及腹壁的收缩正常，但由于长时间不能排出胎儿，最终因过度疲劳，导致阵缩和努责减弱甚至消失。",
"sx_all":"1",
"sx_wrong":"0"
},
{
"sx_id":"432",
"sx_type":"14",
"sx_title":"分娩期疾病",
"sx_subject":"某奶牛分娩，努责1小时，反见胎儿左前蹄露出阴门外，产道检查发现胎儿头颈姿势无异常，右前肢弯曲，右前蹄位于左蹄之后，头颈之下，难产的原因是&nbsp;",
"sx_answera":"肘关节屈曲",
"sx_answerb":"肩关节屈曲  ",
"sx_answerc":"腕关节屈曲 ",
"sx_answerd":"头颈捻转",
"sx_answere":"头颈侧弯",
"sx_answer":"A",
"sx_analyze":"肘关节屈曲时，在阴门处可看到唇部，正常前蹄在前，异常前蹄在后。",
"sx_all":"1",
"sx_wrong":"0"
},
{
"sx_id":"433",
"sx_type":"14",
"sx_title":"分娩期疾病",
"sx_subject":"某山羊分娩，努责半小时，仅见胎儿右前蹄露出阴门外，产道检查发现，胎儿头颈姿势无异常，左前肢向后伸展，位于胎儿躯干之下，难产的原因是&nbsp;",
"sx_answera":"肘关节屈曲",
"sx_answerb":"肩关节屈曲",
"sx_answerc":"腕关节屈曲   ",
"sx_answerd":"头颈捻转",
"sx_answere":"头颈侧弯",
"sx_answer":"B",
"sx_analyze":"肩关节屈曲时，阴门处可看到胎儿唇部，或唇部及一前蹄；产道内可摸到胎头及屈曲的肩关节，前腿自肩端以下位于躯干旁或躯干下。",
"sx_all":"1",
"sx_wrong":"0"
},
{
"sx_id":"434",
"sx_type":"14",
"sx_title":"分娩期疾病",
"sx_subject":"奶牛，分娩时持续强烈努责1小时，反见两前蹄露出阴门外，产道检查发现胎儿头颈左弯。首选的助产方法是（2013真题下82）",
"sx_answera":"矫正术   ",
"sx_answerb":"牵引术",
"sx_answerc":"截肢术 ",
"sx_answerd":"剖腹产术 ",
"sx_answere":"翻转母体",
"sx_answer":"A",
"sx_analyze":"矫正术是指通过推、拉、翻转、矫正或拉直胎儿四肢的方法，把异常胎向、胎位及胎势矫正至正常状态的助产手术。头颈侧弯时应首先进行矫正再进行牵引术。",
"sx_all":"1",
"sx_wrong":"0"
},
{
"sx_id":"435",
"sx_type":"14",
"sx_title":"分娩期疾病",
"sx_subject":"因子宫捻转导致的奶牛难产属于（2013真题下124）",
"sx_answera":"产道性难产",
"sx_answerb":"产力性难产 ",
"sx_answerc":"胎位性难产",
"sx_answerd":"胎向性难产",
"sx_answere":"胎势性难产",
"sx_answer":"A",
"sx_analyze":"产道性难产是指由于母体的软产道及硬产道异常而引起的难产。常见的软产道异常有子宫捻转、子宫颈开张不全等。硬产道异常多是骨盆腔狭窄。\n<br>",
"sx_all":"1",
"sx_wrong":"0"
},
{
"sx_id":"436",
"sx_type":"14",
"sx_title":"产后期疾病",
"sx_subject":"奶牛，2.5岁，产后已经18小时，仍表现弓背和努责，时有污红色带异味液体自阴门流出。治疗原则为（2009真题下82）&nbsp;",
"sx_answera":"增加营养和运动量  ",
"sx_answerb":"剥离胎衣、增加营养",
"sx_answerc":"抗菌消炎和增加运动量  ",
"sx_answerd":"促进子宫收缩和抗菌消炎 ",
"sx_answere":"促进子宫收缩和增加运动量 ",
"sx_answer":"D",
"sx_analyze":"牛发生胎衣不下时，常常表现拱背和努责，胎衣在产后一天内就开始变性分解，从阴道流出污红色恶臭液体，患畜卧下时排出量较多。胎衣不下的治疗原则是：促进子宫收缩，局部和全身抗菌消炎，在条件适合时可剥离胎衣。牛最好到产后72小时进行剥离。",
"sx_all":"1",
"sx_wrong":"0"
},
{
"sx_id":"437",
"sx_type":"14",
"sx_title":"产后期疾病",
"sx_subject":"高产奶牛顺产后出现知觉丧失、不能站立，首先应考虑（2009真题下111）&nbsp;",
"sx_answera":"酮病 ",
"sx_answerb":"产道损伤",
"sx_answerc":"产后截瘫 ",
"sx_answerd":"生产瘫痪",
"sx_answere":"母牛卧地不起综合征 ",
"sx_answer":"D",
"sx_analyze":"奶牛生产瘫痪，是奶牛分娩前后突然发生的一种严重代谢性疾病。其特征是低血钙、全身肌肉无力、知觉丧失及四肢瘫痪。该病多见于饲养良好的高产奶牛，大多在产后3天内发病。分娩前后血钙浓度剧烈降低是本病发生的主要原因。",
"sx_all":"1",
"sx_wrong":"0"
},
{
"sx_id":"438",
"sx_type":"14",
"sx_title":"产后期疾病",
"sx_subject":"牛子宫全脱整复过程中不合理的方法是（2009真题下112）&nbsp;",
"sx_answera":"荐尾间硬膜外麻醉 ",
"sx_answerb":"子宫腔内放置抗生素",
"sx_answerc":"牛体位保持前高后低              ",
"sx_answerd":"皮下或肌肉注射催产素",
"sx_answere":"对脱出子宫进行清洗、消毒、复位",
"sx_answer":"C",
"sx_analyze":"牛子宫脱出整复手术时要将母畜的后躯抬高，用温消毒液将子宫及外阴和尾根区域充分清洗干净，除去其上黏附的污物及坏死组织。然后施行荐尾间硬膜外麻醉。整复后，向子宫内放大剂量抗生素，并注射促进子宫收缩的药物（如催产素）。",
"sx_all":"1",
"sx_wrong":"0"
},
{
"sx_id":"439",
"sx_type":"14",
"sx_title":"产后期疾病",
"sx_subject":"抢救母犬产后低血钙症最有效的药物是（2009真题下125）&nbsp;",
"sx_answera":"钙片 ",
"sx_answerb":"维生素D  ",
"sx_answerc":"维丁胶性钙",
"sx_answerd":"葡萄糖酸钙注射液",
"sx_answere":"甲状旁腺素注射液 ",
"sx_answer":"D",
"sx_analyze":"对于犬产后低血钙，静脉缓慢注射10%的葡萄糖酸钙是十分有效的疗法。一般在滴注钙的一半量后大部分病犬的症状可得到缓解，输入全量钙后症状即可消除。",
"sx_all":"1",
"sx_wrong":"0"
},
{
"sx_id":"440",
"sx_type":"14",
"sx_title":"产后期疾病",
"sx_subject":"与其他动物相比，牛胎衣不下发生率较高的主要原因是（2010真题下46）",
"sx_answera":"肥胖",
"sx_answerb":"瘦弱",
"sx_answerc":"内分泌紊乱",
"sx_answerd":"饲养管理失宜",
"sx_answere":"胎盘组织构造特点",
"sx_answer":"E",
"sx_analyze":"牛、羊胎盘属于上皮绒毛膜与结缔组织绒毛膜混合型，胎儿胎盘与母体胎盘联系比较紧密，这是胎衣不下多见于牛、羊的主要原因。",
"sx_all":"1",
"sx_wrong":"0"
},
{
"sx_id":"441",
"sx_type":"14",
"sx_title":"产后期疾病",
"sx_subject":"博美犬，分娩后第4&nbsp;天早晨出现震颤，瘫痪，吠叫，呼吸短促，大量流涎。体温42℃，血糖5.5&nbsp;mmol/L，血清钙1.2&nbsp;mmol/L。\n<br>该犬所患疾病是",
"sx_answera":"酮病 ",
"sx_answerb":"低血糖 ",
"sx_answerc":"子宫套叠     ",
"sx_answerd":"胎衣不下",
"sx_answere":"产后癫痫",
"sx_answer":"E",
"sx_analyze":"犬产后低钙血症也称为产后癫痫、产后子痫或产后痉挛，是以低血钙和运动神经异常兴奋而引起的肌肉痉挛为特征的严重代谢性疾病。慢性型表现为后肢乏力，迈步不稳，难以站立，呼吸急促，流涎，肌肉轻微震颤等。\n<br>诊断：血清钙含量在7mg/dL以下，则可确诊为本病。\n<br>",
"sx_all":"1",
"sx_wrong":"0"
},
{
"sx_id":"442",
"sx_type":"14",
"sx_title":"产后期疾病",
"sx_subject":"博美犬，分娩后第4&nbsp;天早晨出现震颤，瘫痪，吠叫，呼吸短促，大量流涎。体温42℃，血糖5.5&nbsp;mmol/L，血清钙1.2&nbsp;mmol/L。\n<br>治疗该犬首选的药物是",
"sx_answera":"氯化钠 ",
"sx_answerb":"氯化钙",
"sx_answerc":"氯化钾 ",
"sx_answerd":"葡萄糖 ",
"sx_answere":"碳酸氢钠",
"sx_answer":"B",
"sx_analyze":"犬产后低钙血症是以低血钙和运动神经异常兴奋而引起的肌肉痉挛为特征的严重代谢性疾病。慢性型表现为后肢乏力，迈步不稳，难以站立，呼吸急促，流涎，肌肉轻微震颤等。\n<br>治疗：治疗原则是尽早补充钙剂，防止钙质流失，对症治疗。静脉缓慢注射10％葡萄糖酸钙十分有效。\n<br>",
"sx_all":"1",
"sx_wrong":"0"
},
{
"sx_id":"443",
"sx_type":"14",
"sx_title":"产后期疾病",
"sx_subject":"博美犬，分娩后第4&nbsp;天早晨出现震颤，瘫痪，吠叫，呼吸短促，大量流涎。体温42℃，血糖5.5&nbsp;mmol/L，血清钙1.2&nbsp;mmol/L。\n<br>该病治疗药物的首选给药途径是",
"sx_answera":"皮内注射",
"sx_answerb":"皮下注射 ",
"sx_answerc":"肌肉注射",
"sx_answerd":"静脉注射  ",
"sx_answere":"腹腔注射",
"sx_answer":"D",
"sx_analyze":"犬产后低钙血症是以低血钙和运动神经异常兴奋而引起的肌肉痉挛为特征的严重代谢性疾病。慢性型表现为后肢乏力，迈步不稳，难以站立，呼吸急促，流涎，肌肉轻微震颤等。\n<br>治疗：静脉缓慢注射10％葡萄糖酸钙十分有效\n<br>",
"sx_all":"1",
"sx_wrong":"0"
},
{
"sx_id":"444",
"sx_type":"14",
"sx_title":"产后期疾病",
"sx_subject":"奶牛，分娩正常，产后当天出现不安、哞叫、兴奋，不久出现四肢肌肉震颤、站立不稳、精神沉郁、感觉丧失，体温37℃。",
"sx_answera":"酮血病   ",
"sx_answerb":"产后截瘫    ",
"sx_answerc":"生产瘫痪     ",
"sx_answerd":"胎衣不下",
"sx_answere":"产后败血症",
"sx_answer":"C",
"sx_analyze":"奶牛生产瘫痪是奶牛分娩前后突然发生的一种代谢性疾病，其特征是低血钙、全身肌肉无力、知觉丧失及四肢瘫痪。典型症状表现为四肢肌肉震颤，站立不稳，惊慌、哞叫、目光凝视等兴奋症状，然后出现意识抑制和知觉丧失，体温下降。",
"sx_all":"1",
"sx_wrong":"0"
},
{
"sx_id":"445",
"sx_type":"14",
"sx_title":"产后期疾病",
"sx_subject":"奶牛，分娩正常，产后当天出现不安、哞叫、兴奋，不久出现四肢肌肉震颤、站立不稳、精神沉郁、感觉丧失，体温37℃。\n<br>发病的主要原因是",
"sx_answera":"低血钾 ",
"sx_answerb":"低血钙  ",
"sx_answerc":"后躯神经受损",
"sx_answerd":"子宫收缩无力 ",
"sx_answere":"产道及子宫感染",
"sx_answer":"B",
"sx_analyze":"分娩前后血钙浓度剧烈降低是本病发生的主要原因。",
"sx_all":"1",
"sx_wrong":"0"
},
{
"sx_id":"446",
"sx_type":"14",
"sx_title":"产后期疾病",
"sx_subject":"奶牛，分娩正常，产后当天出现不安、哞叫、兴奋，不久出现四肢肌肉震颤、站立不稳、精神沉郁、感觉丧失，体温37℃。\n<br>最适宜的治疗原则是",
"sx_answera":"抗菌消炎",
"sx_answerb":"补充钙剂 ",
"sx_answerc":"补充葡萄糖    ",
"sx_answerd":"注射催产素",
"sx_answere":"补充电解质",
"sx_answer":"B",
"sx_analyze":"静脉注射钙剂或乳房送风是治疗生产瘫痪最有效的常用疗法。",
"sx_all":"1",
"sx_wrong":"0"
},
{
"sx_id":"447",
"sx_type":"14",
"sx_title":"产后期疾病",
"sx_subject":"经产奶牛，5岁，顺产一牛犊，产后当日精神、食欲、泌乳未见异常；产后第二天突发食欲废绝，精神萎顿，嗜睡，四肢不能站立，卧地时头弯向左侧胸部。检查发现体温&nbsp;37℃。进一步确诊该疾病的检查方法是",
"sx_answera":"血常规检查",
"sx_answerb":"尿常规检查  ",
"sx_answerc":"血液生化检查",
"sx_answerd":"X射线检查 ",
"sx_answere":"B超检查",
"sx_answer":"C",
"sx_analyze":"奶牛生产瘫痪是奶牛分娩前后突然发生的一种代谢性疾病。其特征是低血钙、全身肌肉无力、知觉丧失及四肢瘫痪。典型症状表现为食欲废绝，泌乳下降，精神沉郁。体温下降也是生产瘫痪的特征之一，但若病牛表现非典型症状，体温一般不低于37℃。血钙降低是生产瘫痪的特征之一，可以利用血液生化检查诊断本病。",
"sx_all":"1",
"sx_wrong":"0"
},
{
"sx_id":"448",
"sx_type":"14",
"sx_title":"产后期疾病",
"sx_subject":"经产奶牛，5岁，顺产一牛犊，产后当日精神、食欲、泌乳未见异常；产后第二天突发食欲废绝，精神萎顿，嗜睡，四肢不能站立，卧地时头弯向左侧胸部。检查发现体温&nbsp;37℃。\n<br>与该病发生最相关的因素是\n<br>",
"sx_answera":"分娩状态",
"sx_answerb":"产犊数   ",
"sx_answerc":"繁殖率  ",
"sx_answerd":"产奶量 ",
"sx_answere":"产犊季节 ",
"sx_answer":"D",
"sx_analyze":"分娩前后大量血钙进入初乳且动用骨钙的能力下降，是引起血钙浓度急剧下降的主要原因。因此，产奶量与产后瘫痪关系密切。",
"sx_all":"1",
"sx_wrong":"0"
},
{
"sx_id":"449",
"sx_type":"14",
"sx_title":"产后期疾病",
"sx_subject":"经产奶牛，5岁，顺产一牛犊，产后当日精神、食欲、泌乳未见异常；产后第二天突发食欲废绝，精神萎顿，嗜睡，四肢不能站立，卧地时头弯向左侧胸部。检查发现体温&nbsp;37℃。防止该病发生的有效方法之一是在怀孕期给予",
"sx_answera":"高钙高磷饲料  ",
"sx_answerb":"低钙高磷饲料 ",
"sx_answerc":"富含钙、铁饲料",
"sx_answerd":"富含磷、镁饲料 ",
"sx_answere":"富含维生素A饲料",
"sx_answer":"B",
"sx_analyze":"在干奶期中，最迟从产前2周开始，给母牛饲喂低钙高磷饲料，减少从日粮中摄取的钙量，是预防生产瘫痪的一种有效方法。",
"sx_all":"1",
"sx_wrong":"0"
},
{
"sx_id":"450",
"sx_type":"14",
"sx_title":"产后期疾病",
"sx_subject":"奶牛产后子宫复旧的时间一般为（2012真题下125）",
"sx_answera":"2-3天   ",
"sx_answerb":"4-7天  ",
"sx_answerc":"8-15天  ",
"sx_answerd":"10-25天",
"sx_answere":"30-45 天",
"sx_answer":"E",
"sx_analyze":"怀孕期中子宫所发生的各种变化，在产后期中要恢复原来的状态，这称为子宫复旧。各种家畜产后子宫复旧的时间：奶牛为30-45天，羊为17-20天，马为12-14天，猪为25-28天。",
"sx_all":"1",
"sx_wrong":"0"
},
{
"sx_id":"451",
"sx_type":"14",
"sx_title":"产后期疾病",
"sx_subject":"与发生牛子宫脱出无关的因素是（2013真题下125）",
"sx_answera":"子宫弛缓 ",
"sx_answerb":"助产时急速拉出胎儿",
"sx_answerc":"胎儿排出后母牛努责强烈",
"sx_answerd":"产后子宫生理性收缩",
"sx_answere":"应用牵引术助产时产道干涩",
"sx_answer":"D",
"sx_analyze":"子宫角的前端全部翻出于阴门之外，称为子宫脱出。病因有：产后强烈努责，外力牵引（难产时产道干燥，子宫紧包胎儿，如果未经很好处理即强力拉出胎儿，常会导致子宫脱出），子宫迟缓。",
"sx_all":"1",
"sx_wrong":"0"
},
{
"sx_id":"452",
"sx_type":"14",
"sx_title":"产后期疾病",
"sx_subject":"母猪，产后2天体温升高，食欲下降，从流出灰褐色液体，内含胎衣碎片，治疗应选择的药物组合是（2013真题下164）",
"sx_answera":"抗生素、雌激素与催产素 ",
"sx_answerb":"人工盐与前列腺素",
"sx_answerc":"抗生素与孕酮  ",
"sx_answerd":"孕酮与催产素",
"sx_answere":"雌二醇与孕酮",
"sx_answer":"A",
"sx_analyze":"猪胎衣不下多为部分不下。患猪表现出不安，体温升高，食欲下降，从阴门流出灰褐色液体，内含胎衣碎片。药物疗法：子宫腔内投入和肌内注射抗生素以防止腐败、延缓溶解，注射雌激素和催产素促进子宫收缩。",
"sx_all":"1",
"sx_wrong":"0"
},
{
"sx_id":"453",
"sx_type":"14",
"sx_title":"母畜不育",
"sx_subject":"经产母牛，表现持续而强烈的发情行为，体重减轻。直肠检查发现卵巢为圆形，有突出于表面的直径约2.5cm的结构，触诊该突起感觉壁薄。2周后复查，症状同前。该牛可能发生的疾病是&nbsp;",
"sx_answera":"卵泡囊肿  ",
"sx_answerb":"黄体囊肿",
"sx_answerc":"卵巢萎缩  ",
"sx_answerd":"卵泡交替发育",
"sx_answere":"卵巢机能不全",
"sx_answer":"A",
"sx_analyze":"卵巢囊肿是指卵巢上有卵泡状结构，其直径超过2.5厘米，存在时间10天以上，同时，卵巢上无正常黄体结构的一种病理状态。按照发生囊肿的组织结构不同，又可分为卵泡囊肿和黄体囊肿两种。卵泡囊肿壁较薄，呈单个或多个存在于一侧或两侧卵巢上。黄体囊肿一般为单个，存在于一侧卵巢上，壁较厚。",
"sx_all":"1",
"sx_wrong":"0"
},
{
"sx_id":"454",
"sx_type":"14",
"sx_title":"母畜不育",
"sx_subject":"母牛，4岁，产后2个多月未见发情。直肠检查发现，一侧卵巢比对侧正常卵巢约大一倍，其表面有一3.0cm的突起，触摸该突起感觉壁厚，子宫未触及怀孕变化。该牛可能发生的疾病是",
"sx_answera":"卵泡囊肿  ",
"sx_answerb":"黄体囊肿",
"sx_answerc":"卵巢萎缩",
"sx_answerd":"卵泡交替发育",
"sx_answere":"卵巢机能不全",
"sx_answer":"B",
"sx_analyze":"卵巢囊肿是指卵巢上有卵泡状结构，其直径超过2.5厘米，存在时间10天以上，同时，卵巢上无正常黄体结构的一种病理状态。按照发生囊肿的组织结构不同，又可分为卵泡囊肿和黄体囊肿两种。卵泡囊肿壁较薄，呈单个或多个存在于一侧或两侧卵巢上。黄体囊肿一般为单个，存在于一侧卵巢上，壁较厚。",
"sx_all":"1",
"sx_wrong":"0"
},
{
"sx_id":"455",
"sx_type":"14",
"sx_title":"母畜不育",
"sx_subject":"犬闭锁型子宫蓄脓的最适治疗方案是",
"sx_answera":"手术疗法",
"sx_answerb":"抗菌疗法",
"sx_answerc":"激素疗法",
"sx_answerd":"输液疗法",
"sx_answere":"营养（维持）疗法 ",
"sx_answer":"A",
"sx_analyze":"闭合型子宫蓄脓的犬，毒素很快被吸收。因此，立即进行卵巢、子宫切除是理想的治疗措施。",
"sx_all":"1",
"sx_wrong":"0"
},
{
"sx_id":"456",
"sx_type":"14",
"sx_title":"母畜不育",
"sx_subject":"促进犬开放型子宫蓄脓脓液排出的最适治疗方案是",
"sx_answera":"手术疗法",
"sx_answerb":"抗菌疗法",
"sx_answerc":"激素疗法  ",
"sx_answerd":"输液疗法",
"sx_answere":"营养（维持）疗法",
"sx_answer":"C",
"sx_analyze":"开放型的子宫蓄脓治疗原则是促进子宫内容物的排出及子宫的恢复，控制感染。使用前列腺素对此病效果较好。",
"sx_all":"1",
"sx_wrong":"0"
},
{
"sx_id":"457",
"sx_type":"14",
"sx_title":"母畜不育",
"sx_subject":"一头成年奶牛，乏情，直肠检查子宫大小与妊娠2个月相似，子宫壁薄，波动极其明显，两侧子宫角容积大小可变动。&nbsp;\n<br>本病初步诊断为&nbsp;",
"sx_answera":"子宫积脓",
"sx_answerb":"子宫积液",
"sx_answerc":"卵巢机能不全",
"sx_answerd":"隐性子宫内膜炎",
"sx_answere":"慢性子宫内膜炎 ",
"sx_answer":"B",
"sx_analyze":"牛子宫积液，直肠检查时，子宫壁通常较薄，触诊子宫有软的波动感，其体积大小与妊娠1.5-2个月的牛相似，或者更大。",
"sx_all":"1",
"sx_wrong":"0"
},
{
"sx_id":"458",
"sx_type":"14",
"sx_title":"母畜不育",
"sx_subject":"一头成年奶牛，乏情，直肠检查子宫大小与妊娠2个月相似，子宫壁薄，波动极其明显，两侧子宫角容积大小可变动。\n<br>与本病无关的是&nbsp;&nbsp;",
"sx_answera":"卵巢囊肿",
"sx_answerb":"卵巢静止",
"sx_answerc":"继发于子宫内膜炎",
"sx_answerd":"子宫内膜囊肿性增生",
"sx_answere":"子宫受雌激素长期刺激 ",
"sx_answer":"B",
"sx_analyze":"子宫积液通常继发于慢性卡他性子宫内膜炎，另外卵巢囊肿、卵巢肿瘤、子宫内膜囊肿性增生及长期受雌激素或孕激素刺激的母畜也可发生本病。",
"sx_all":"1",
"sx_wrong":"0"
},
{
"sx_id":"459",
"sx_type":"14",
"sx_title":"母畜不育",
"sx_subject":"雌性腊肠犬，6岁，一个月来精神沉郁，时有发热，抗生素治疗后，病情好转，停药后复发。现病情加重，阴部流红褐色分泌物，B超探查见双侧子宫角增粗，内有液性暗区。&nbsp;\n<br>该病例错误的治疗方法是&nbsp;",
"sx_answera":"孕酮治疗",
"sx_answerb":"氧氟沙星治疗",
"sx_answerc":"氯前列醇治疗     ",
"sx_answerd":"阿莫西林治疗",
"sx_answere":"卵巢子宫切除术 ",
"sx_answer":"A",
"sx_analyze":"开放型的犬子宫蓄脓，子宫颈管未完全关闭，从阴门不定时流出少量脓性分泌物，呈奶酪样，乳黄色、灰色或红褐色，气味难闻。B超检查，能看到增厚的子宫壁上有一些无回声的囊性暗区。治疗时可采用抗生素控制感染，采用促使子宫收缩的激素（如前列腺素类，而孕酮使子宫颈口闭合，不利于子宫内脓液的排出）促进脓液排出。",
"sx_all":"1",
"sx_wrong":"0"
},
{
"sx_id":"460",
"sx_type":"14",
"sx_title":"母畜不育",
"sx_subject":"雌性腊肠犬，6岁，一个月来精神沉郁，时有发热，抗生素治疗后，病情好转，停药后复发。现病情加重，阴部流红褐色分泌物，B超探查见双侧子宫角增粗，内有液性暗区。&nbsp;\n<br>该病例手术时，如牵引卵巢困难，应先撕断卵巢系膜上的&nbsp;",
"sx_answera":"阔韧带",
"sx_answerb":"圆韧带   ",
"sx_answerc":"悬韧带",
"sx_answerd":"固有韧带 ",
"sx_answere":"悬韧带和固有韧带 ",
"sx_answer":"C",
"sx_analyze":"进行卵巢子宫切除手术时，顺子宫角提起卵巢和输卵管，钝性撕断卵巢悬韧带，将卵巢提至切口处。",
"sx_all":"1",
"sx_wrong":"0"
},
{
"sx_id":"461",
"sx_type":"14",
"sx_title":"母畜不育",
"sx_subject":"雌性腊肠犬，6岁，一个月来精神沉郁，时有发热，抗生素治疗后，病情好转，停药后复发。现病情加重，阴部流红褐色分泌物，B超探查见双侧子宫角增粗，内有液性暗区。&nbsp;\n<br>该病例手术时，必须要结扎&nbsp;",
"sx_answera":"卵巢",
"sx_answerb":"输卵管",
"sx_answerc":"子宫角",
"sx_answerd":"子宫体 ",
"sx_answere":"阴道基部 ",
"sx_answer":"D",
"sx_analyze":"卵巢子宫切除手术时，必须要结扎子宫体、子宫动脉、静脉，以便于切断子宫体，去除子宫和卵巢。",
"sx_all":"1",
"sx_wrong":"0"
},
{
"sx_id":"462",
"sx_type":"14",
"sx_title":"母畜不育",
"sx_subject":"多发子宫蓄脓的动物是（2010真题下47）",
"sx_answera":"猪 ",
"sx_answerb":"马   ",
"sx_answerc":"犬",
"sx_answerd":"兔 ",
"sx_answere":"绵羊",
"sx_answer":"C",
"sx_analyze":"子宫蓄脓是母犬生殖系统的一种常见病，多发于成年犬。",
"sx_all":"1",
"sx_wrong":"0"
},
{
"sx_id":"463",
"sx_type":"14",
"sx_title":"母畜不育",
"sx_subject":"奶牛，6岁，生产第3胎时曾发生胎衣不下，产后发情周期正常，但屡配不孕。自阴门经常排出一些混浊的黏液，卧地时排出量较多。最可能发生的疾病是（2010真题下83）",
"sx_answera":"子宫积液",
"sx_answerb":"子宫积脓",
"sx_answerc":"隐性子宫内膜炎",
"sx_answerd":"慢性脓性子宫内膜炎",
"sx_answere":"慢性卡他性子宫内膜炎",
"sx_answer":"E",
"sx_analyze":"发生慢性卡他性子宫内膜炎时，患畜经常从子宫及阴道排出一些黏稠浑浊的黏液。发情周期正常但屡配不孕。冲洗子宫回流液略浑浊，像清鼻涕或淘米水。",
"sx_all":"1",
"sx_wrong":"0"
},
{
"sx_id":"464",
"sx_type":"14",
"sx_title":"母畜不育",
"sx_subject":"奶牛产后65天内未见明显的发情表现，直肠检查卵巢上有一小的黄体遗迹，但无卵泡发育，卵巢的质地和形状无明显变化。\n<br>该牛可能患有的疾病是&nbsp;",
"sx_answera":"卵泡萎缩 ",
"sx_answerb":"卵巢萎缩  ",
"sx_answerc":"持久黄体",
"sx_answerd":"卵巢机能减退   ",
"sx_answere":"卵巢发育不良",
"sx_answer":"D",
"sx_analyze":"卵巢机能减退是卵巢机能暂时受到扰乱，处于静止状态，而不出现周期性活动。直肠检查，卵巢的形状和质地没有明显的变化，但摸不到卵泡或黄体，有时只可在一侧卵巢上感觉到一个很小的黄体遗迹。",
"sx_all":"1",
"sx_wrong":"0"
},
{
"sx_id":"465",
"sx_type":"14",
"sx_title":"母畜不育",
"sx_subject":"奶牛产后65天内未见明显的发情表现，直肠检查卵巢上有一小的黄体遗迹，但无卵泡发育，卵巢的质地和形状无明显变化。\n<br>治疗该病最适宜药物是&nbsp;",
"sx_answera":"黄体酮",
"sx_answerb":"丙酸睾酮 ",
"sx_answerc":"地塞米松  ",
"sx_answerd":"前列腺素  ",
"sx_answere":"促卵泡素（FSH） ",
"sx_answer":"E",
"sx_analyze":"卵巢机能减退是卵巢机能暂时受到扰乱，处于静止状态，而不出现周期性活动。直肠检查，卵巢的形状和质地没有明显的变化，但摸不到卵泡或黄体，有时只可在一侧卵巢上感觉到一个很小的黄体遗迹。\n<br>治疗：可以使用促使卵巢发育及机能恢复的促性腺激素类药物，如促卵泡素。\n<br>",
"sx_all":"1",
"sx_wrong":"0"
},
{
"sx_id":"466",
"sx_type":"14",
"sx_title":"母畜不育",
"sx_subject":"奶牛产后65天内未见明显的发情表现，直肠检查卵巢上有一小的黄体遗迹，但无卵泡发育，卵巢的质地和形状无明显变化。\n<br>与该病无关的病因是&nbsp;",
"sx_answera":"子宫疾病   ",
"sx_answerb":"急性乳房炎",
"sx_answerc":"气候不适应 ",
"sx_answerd":"饲养管理不当",
"sx_answere":"维生素A缺乏 ",
"sx_answer":"B",
"sx_analyze":"卵巢机能减退病因：卵巢机能减退和萎缩，常常是由于子宫疾病、全身性的严重疾病，以及饲养管理和利用不当所致。另外，气候的变化、维生素A的不足也可能引起本病。",
"sx_all":"1",
"sx_wrong":"0"
},
{
"sx_id":"467",
"sx_type":"14",
"sx_title":"母畜不育",
"sx_subject":"闭锁型犬子宫蓄脓的关键指征不包括（2012真题下46）",
"sx_answera":"腹泻                   ",
"sx_answerb":"呕吐 ",
"sx_answerc":"腹围增大  ",
"sx_answerd":"血液白细胞数升高 ",
"sx_answere":"B超检查子宫影响有暗区",
"sx_answer":"A",
"sx_analyze":"闭合型的子宫蓄脓，子宫颈完全闭合不通，阴门无脓性分泌物排出，腹围较大，呼吸、心跳加快，严重时呼吸困难，腹部皮肤紧张。B超检查，能看到增厚的子宫壁上有一些无回声囊性暗区。该病也可因子宫增大而引起呕吐，但腹泻不是其症状。",
"sx_all":"1",
"sx_wrong":"0"
},
{
"sx_id":"468",
"sx_type":"14",
"sx_title":"母畜不育",
"sx_subject":"奶牛，产后5个月，发情正常。最近发现常从阴道中流出黏液、混浊的液体，发情时更多，但无全身症状；冲洗子宫的回流液略混浊、似淘米水样。该牛最有可能发生的子宫疾病是",
"sx_answera":"隐性子宫内膜炎   ",
"sx_answerb":"慢性卡他性子宫内膜炎 ",
"sx_answerc":"慢性脓性子宫内膜炎  ",
"sx_answerd":"子宫积脓",
"sx_answere":"子宫积液",
"sx_answer":"B",
"sx_analyze":"发生慢性卡他性子宫内膜炎时，患畜从子宫及阴道常排出一些黏稠浑浊的黏液，一般不表现全身症状，有时体温稍微升高，产乳量略微下降。发情周期正常但屡配不孕。冲洗子宫回流液略浑浊，像清鼻涕或淘米水。",
"sx_all":"1",
"sx_wrong":"0"
},
{
"sx_id":"469",
"sx_type":"14",
"sx_title":"母畜不育",
"sx_subject":"奶牛，产后4个月，一直未见发情，从阴道中排出少量异常分泌物，但无全身症状。直肠检查感觉子宫体积明显增大、呈袋状，子宫壁增厚、有柔性的波动感；阴道检查见有大量灰黄色脓液；该牛最有可能发生的子宫疾病是",
"sx_answera":"隐性子宫内膜炎",
"sx_answerb":"慢性卡他性子宫内膜炎 ",
"sx_answerc":"慢性脓性子宫内膜炎 ",
"sx_answerd":"子宫积脓",
"sx_answere":"子宫积液",
"sx_answer":"D",
"sx_analyze":"病牛发生子宫积脓时，一般不表现全身症状，特征症状是乏情，卵巢上存在持久黄体及子宫中积有脓性液体。产后子宫积脓由于子宫颈开放，大多数在躺下或排尿时从子宫排出脓液。阴道检查时也可发现阴道内有脓液。直肠检查发现，子宫壁变厚并有波动感。",
"sx_all":"1",
"sx_wrong":"0"
},
{
"sx_id":"470",
"sx_type":"14",
"sx_title":"母畜不育",
"sx_subject":"奶牛，10岁，饲养管理如常，一年前产犊，产后两个月发情、配种，但未孕，后来一直未见发情。直肠检查发现卵巢小而硬，无卵泡和黄体，子宫角细小。该牛最可能发生的是（2013真题下83）",
"sx_answera":"卵巢先天性发育不全    ",
"sx_answerb":"谬勒氏发育不全",
"sx_answerc":"衰老性不育     ",
"sx_answerd":"管理性不育",
"sx_answere":"营养不育",
"sx_answer":"C",
"sx_analyze":"衰老母畜的卵巢小，其中没有卵泡和黄体。经产母畜的子宫角松弛下垂，子宫内往往滞留分泌物。妊娠次数少的母畜，子宫角则缩小变细。结合临诊表现和年龄，可判断为衰老性不育。",
"sx_all":"1",
"sx_wrong":"0"
},
{
"sx_id":"471",
"sx_type":"14",
"sx_title":"公畜不育",
"sx_subject":"公牛精囊腺炎综合征的常用诊断方法是（2010真题下48）",
"sx_answera":"激素分析",
"sx_answerb":"直肠检查",
"sx_answerc":"血常规检查      ",
"sx_answerd":"尿常规检查",
"sx_answere":"腹壁B超检查",
"sx_answer":"B",
"sx_analyze":"精囊腺炎常用的诊断方法有：直肠检查、精液检查和病原分离培养。",
"sx_all":"1",
"sx_wrong":"0"
},
{
"sx_id":"472",
"sx_type":"14",
"sx_title":"公畜不育",
"sx_subject":"某动物个体的性腺同时具有睾丸和卵巢组织，这种情况属于（2012真题下47）",
"sx_answera":"XXX综合征",
"sx_answerb":"XXY综合征 ",
"sx_answerc":"XX真两性畸形 ",
"sx_answerd":"雄性假两性畸形\t",
"sx_answere":"雌性假两性畸形",
"sx_answer":"C",
"sx_analyze":"XX真两性畸形，腹腔内有卵睾体或独立存在的卵巢或睾丸。",
"sx_all":"1",
"sx_wrong":"0"
},
{
"sx_id":"473",
"sx_type":"14",
"sx_title":"公畜不育",
"sx_subject":"公牛精囊腺炎综合征的常用诊断方法是（2012真题下48）",
"sx_answera":"血常规检查 ",
"sx_answerb":"腹壁B超检查  ",
"sx_answerc":"直肠检查    ",
"sx_answerd":"尿常规检查 ",
"sx_answere":"激素分析",
"sx_answer":"C",
"sx_analyze":"精囊腺炎常用的诊断方法有：直肠检查、精液检查和病原培养。",
"sx_all":"1",
"sx_wrong":"0"
},
{
"sx_id":"474",
"sx_type":"14",
"sx_title":"公畜不育",
"sx_subject":"睾丸炎的治疗措施不包括（2013真题下49）",
"sx_answera":"热敷",
"sx_answerb":"冷敷     ",
"sx_answerc":"封闭   ",
"sx_answerd":"消炎",
"sx_answere":"消肿",
"sx_answer":"C",
"sx_analyze":"急性睾丸炎在早期24小时之内可冷敷，后期可热敷，是炎症渗出物消散。局部涂擦鱼石脂软膏或复方醋酸铅散。全身使用抗生素消炎，局部也可在精索区注射盐酸普鲁卡因青霉素溶液。",
"sx_all":"1",
"sx_wrong":"0"
},
{
"sx_id":"475",
"sx_type":"14",
"sx_title":"新生仔畜疾病",
"sx_subject":"新生仔猪溶血病的典型症状是（2009真题下106）&nbsp;",
"sx_answera":"腹泻",
"sx_answerb":"排尿困难",
"sx_answerc":"神经症状   ",
"sx_answerd":"血红蛋白尿",
"sx_answere":"畏寒、震颤 ",
"sx_answer":"D",
"sx_analyze":"新生仔畜溶血病是新生仔畜红细胞抗原与母体血清抗体不相合而引起的同种免疫溶血反应。仔畜吃食母乳后即发病，表现贫血、黄疸、血红蛋白尿等危重症状。",
"sx_all":"1",
"sx_wrong":"0"
},
{
"sx_id":"476",
"sx_type":"14",
"sx_title":"新生仔畜疾病",
"sx_subject":"142.某猪场，部分4&nbsp;日龄仔猪逐渐出现精神萎顿，食欲废绝，站立不稳，吮乳无力，皮肤冷湿，体温36℃，可视黏膜淡红，脱水。剖检见胃内容物少，肝脏小而硬。同场其他猪舍同龄仔猪无类似症状病例。治疗该病应注射（2010真题下142）&nbsp;",
"sx_answera":"青霉素",
"sx_answerb":"葡萄糖 ",
"sx_answerc":"甘露醇    ",
"sx_answerd":"维生素E ",
"sx_answere":"硫酸亚铁 ",
"sx_answer":"B",
"sx_analyze":"新生仔畜低糖血症：病初食欲消失，全身出现水肿，以后即卧地不起，四肢绵软无力；做游泳状运动，头后仰或扭向一侧。口微张，口角流出少量白沫。有时四肢伸直，并可出现痉挛，体温可降至36℃左右，对外界事物毫无反应，最后再昏迷中死亡。\n<br>治疗：原则是尽快补糖，用10％葡萄糖腹腔注射有良好效果。\n<br>",
"sx_all":"1",
"sx_wrong":"0"
},
{
"sx_id":"477",
"sx_type":"14",
"sx_title":"新生仔畜疾病",
"sx_subject":"新生仔猪低糖血症不会出现的临床症状是（2012真题下49）",
"sx_answera":"体温升高 ",
"sx_answerb":"体温下降  ",
"sx_answerc":"口流白沫 ",
"sx_answerd":"头颈后仰 ",
"sx_answere":"四肢无力",
"sx_answer":"A",
"sx_analyze":"新生仔猪低糖血多在出生后1-2天发病，病初精神萎靡，食欲消失，出现水肿。肌肉紧张度下降，卧地不起，四肢绵软无力，有的四肢做游泳状运动，头后仰或扭向一侧。口微张，口角流少量白沫。有时四肢伸直，出现痉挛。体温可降至36℃左右。对外界刺激无反应。最后，出现惊厥、角弓反张、眼球震颤，在昏迷中死亡。",
"sx_all":"1",
"sx_wrong":"0"
},
{
"sx_id":"478",
"sx_type":"14",
"sx_title":"新生仔畜疾病",
"sx_subject":"以下仔畜中，新生仔畜溶血病多发生于（2013真题下126）",
"sx_answera":"犊牛  ",
"sx_answerb":"羔羊   ",
"sx_answerc":"仔兔 ",
"sx_answerd":"仔猪  ",
"sx_answere":"仔犬",
"sx_answer":"D",
"sx_analyze":"新生仔畜溶血病以驹和仔猪多发，偶见于犊牛、家兔和犬。",
"sx_all":"1",
"sx_wrong":"0"
},
{
"sx_id":"479",
"sx_type":"14",
"sx_title":"乳房疾病",
"sx_subject":"某奶牛，l月前曾发生急性乳腺炎，经治疗已无临床症状，乳汁也无肉眼可见变化，但产奶量一直未恢复，奶汁检测结果体细胞计数55万个/ml。对该牛的诊断是（2009真题下83）",
"sx_answera":"已恢复正常",
"sx_answerb":"有乳腺增生",
"sx_answerc":"有乳腺肿瘤 ",
"sx_answerd":"有慢性乳腺炎",
"sx_answere":"有急性乳腺炎",
"sx_answer":"D",
"sx_analyze":"慢性乳腺炎通常是由于急性乳腺炎没有及时处理或由于持续感染，而使乳腺组织处于持续性发炎的状态。一般局部临诊症状不明显，全身也无异常，但奶产量下降，体细胞明显上升，达50万个/mL。",
"sx_all":"1",
"sx_wrong":"0"
},
{
"sx_id":"480",
"sx_type":"14",
"sx_title":"乳房疾病",
"sx_subject":"奶牛隐性乳房炎的特点是（2010真题下49）",
"sx_answera":"乳房肿胀，乳汁稀薄",
"sx_answerb":"乳房有触痛，乳汁稀薄",
"sx_answerc":"乳房无异常，乳汁含絮状物",
"sx_answerd":"乳房无异常，乳汁含凝乳块",
"sx_answere":"乳房和乳汁无肉眼可见异常",
"sx_answer":"E",
"sx_analyze":"发生隐形乳腺炎时，乳腺和乳汁通常无肉眼可见的变化，但乳汁电导率、体细胞数、pH等理化性质已发生变化，必须采用特殊的理化方法才可检出。",
"sx_all":"1",
"sx_wrong":"0"
},
{
"sx_id":"481",
"sx_type":"14",
"sx_title":"乳房疾病",
"sx_subject":"奶牛，产奶量下降，但乳房和乳汁无肉眼可见的变化，乳房体细胞数为7.5×105/ML&nbsp;，该牛最可能发生的疾病是（2013真题下165）",
"sx_answera":"乳腺组织增生",
"sx_answerb":"乳腺机能减退",
"sx_answerc":"乳房坏疽  ",
"sx_answerd":"隐性乳腺炎",
"sx_answere":"临床型乳腺炎",
"sx_answer":"D",
"sx_analyze":"隐性乳腺炎：乳腺和乳汁通常无肉眼可见的变化，但乳汁电导率、体细胞数、pH等理化性质已发生变化，必须采用特殊的理化方法才可检出。\n<br>诊断：乳汁体细胞计数法，正常情况下乳汁体细胞数为2-20万个体细胞/ml。\n<br>",
"sx_all":"1",
"sx_wrong":"0"
}
]
}