{
"RECORDS":[
{
"sx_id":"142",
"sx_type":"15",
"sx_title":"基础理论",
"sx_subject":"久泻不止、脱肛或子宫阴道脱出的证侯见于（2009真题下50）",
"sx_answera":"脾虚不运 ",
"sx_answerb":"脾不统血 ",
"sx_answerc":"脾胃虚寒 ",
"sx_answerd":"脾气下陷",
"sx_answere":"寒湿困脾 ",
"sx_answer":"D",
"sx_analyze":"脾气下陷多由脾不健运进一步发展而来，主证包括久泻久痢、直肠脱、阴道脱、子宫脱等。",
"sx_all":"1",
"sx_wrong":"0"
},
{
"sx_id":"143",
"sx_type":"15",
"sx_title":"基础理论",
"sx_subject":"阴阳双方存在着相互排斥、相互斗争、相互制约的关系为（2010真题下50）",
"sx_answera":"阴阳互根",
"sx_answerb":"阴阳消长",
"sx_answerc":"阴阳对立",
"sx_answerd":"阴阳转化",
"sx_answere":"阴阳关联",
"sx_answer":"C",
"sx_analyze":"阴阳对立是指阴阳双方存在着相互排斥、相互斗争、相互制约的关系。对立即相反，如动与静、寒与热。对立的双方，通过排斥、斗争以相互制约，使事物达到动态平衡。",
"sx_all":"1",
"sx_wrong":"0"
},
{
"sx_id":"144",
"sx_type":"15",
"sx_title":"基础理论",
"sx_subject":"六淫之中，湿邪的主要性质是（2010真题下51）",
"sx_answera":"阴冷、凝滞    ",
"sx_answerb":"炎热、升散",
"sx_answerc":"重浊、黏滞",
"sx_answerd":"善行、主动",
"sx_answere":"热极、炎上",
"sx_answer":"C",
"sx_analyze":"湿邪：湿为阴邪，易损脾阳；湿性重浊，其性趋下；湿性黏滞，缠绵难退。所以湿邪的主要性质是重浊、黏滞。",
"sx_all":"1",
"sx_wrong":"0"
},
{
"sx_id":"145",
"sx_type":"15",
"sx_title":"基础理论",
"sx_subject":"五脏之中，主藏血的是（2012真题下50）",
"sx_answera":"肝",
"sx_answerb":"肾",
"sx_answerc":"脾",
"sx_answerd":"心 ",
"sx_answere":"肺",
"sx_answer":"A",
"sx_analyze":"肝藏血，主疏泄，主筋，开窍于目",
"sx_all":"1",
"sx_wrong":"0"
},
{
"sx_id":"146",
"sx_type":"15",
"sx_title":"基础理论",
"sx_subject":"起于胸部、行于前肢内侧前缘、止于前肢末端的经脉是（2012真题下51）",
"sx_answera":"太阴肺经 ",
"sx_answerb":"太阴脾经",
"sx_answerc":"阳明大肠经  ",
"sx_answerd":"厥阴肝经",
"sx_answere":"少阴肾经",
"sx_answer":"A",
"sx_analyze":"暂无解析\n<br>",
"sx_all":"1",
"sx_wrong":"0"
},
{
"sx_id":"147",
"sx_type":"15",
"sx_title":"基础理论",
"sx_subject":"五脏之中主藏神的是（2013真题下50）",
"sx_answera":"心  ",
"sx_answerb":"肝 ",
"sx_answerc":"脾",
"sx_answerd":"肺",
"sx_answere":"肾",
"sx_answer":"A",
"sx_analyze":"心藏神，主血脉，主汗，开窍于舌。",
"sx_all":"1",
"sx_wrong":"0"
},
{
"sx_id":"148",
"sx_type":"15",
"sx_title":"基础理论",
"sx_subject":"六淫之中，具有善行数变的特性的邪气是（2013真题下51）",
"sx_answera":"风",
"sx_answerb":"寒",
"sx_answerc":"暑",
"sx_answerd":"湿",
"sx_answere":"燥",
"sx_answer":"A",
"sx_analyze":"风邪，风性善行数变，指风有善动不居的特性，故风邪致病也具有部位游移不定、变化无常的特点。",
"sx_all":"1",
"sx_wrong":"0"
},
{
"sx_id":"149",
"sx_type":"15",
"sx_title":"辨证论治",
"sx_subject":"犬，眼目红肿，羞明流泪，视物不清，粪便干燥，尿浓赤黄，口色鲜红，脉数，对于该病证，给予辨证分型是",
"sx_answera":"肝血虚 ",
"sx_answerb":"肝胆湿热",
"sx_answerc":"肝火上炎",
"sx_answerd":"肝阳化风 ",
"sx_answere":"阴虚生风",
"sx_answer":"C",
"sx_analyze":"肝火上炎多由外感风热或由肝气郁结而化火所致。主证：两目红肿，羞明流泪，睛生翳障，视力障碍，或有鼻衄，粪便干燥，尿浓赤黄，口色鲜红，脉象弦数。",
"sx_all":"1",
"sx_wrong":"0"
},
{
"sx_id":"150",
"sx_type":"15",
"sx_title":"辨证论治",
"sx_subject":"牛，精神沉郁，食欲减退，粪便稀软，尿黄混浊，可视黏膜发黄，鲜明如橘，口色红黄，舌苔黄腻，脉数，对于该病证，给予辨证分型是",
"sx_answera":"肝血虚",
"sx_answerb":"肝胆湿热",
"sx_answerc":"肝火上炎",
"sx_answerd":"肝阳化风",
"sx_answere":"阴虚生风",
"sx_answer":"B",
"sx_analyze":"肝胆湿热：多因感受湿热之邪，或脾胃运化失常，湿邪内生，郁而化热所致。黄疸鲜明如橘色，尿液短赤或黄而浑浊。母畜带下黄臭，外阴瘙痒；公畜睾丸肿胀热痛，阴囊湿疹，舌苔黄腻，脉弦数。",
"sx_all":"1",
"sx_wrong":"0"
},
{
"sx_id":"151",
"sx_type":"15",
"sx_title":"辨证论治",
"sx_subject":"马，耳鼻温热，泄泻，泻粪腥臭，尿液短赤，口津干黏，口渴贪饮，口色红黄，舌苔黄腻，脉象滑数。该病中兽医辨证属于（2010真题下84）",
"sx_answera":"食积大肠 ",
"sx_answerb":"大肠冷泻     ",
"sx_answerc":"大肠湿热",
"sx_answerd":"大肠液亏 ",
"sx_answere":"热结肠道",
"sx_answer":"C",
"sx_analyze":"大肠湿热：发热，腹痛起卧，泻痢腥臭，甚则脓血混杂，口干舌燥，口渴贪饮，尿液短赤，口色红黄，舌苔黄腻或黄干，脉象滑数。",
"sx_all":"1",
"sx_wrong":"0"
},
{
"sx_id":"152",
"sx_type":"15",
"sx_title":"辨证论治",
"sx_subject":"马，耳鼻温热，泄泻，泻粪腥臭，尿短赤，口津干黏，口渴贪饮，口色红黄，舌苔黄腻，脉象滑数。该病可辩证为（2012真题下84）",
"sx_answera":"食积大肠",
"sx_answerb":"大肠冷泻    ",
"sx_answerc":"大肠湿热 ",
"sx_answerd":"大肠液亏",
"sx_answere":"寒湿困脾 ",
"sx_answer":"C",
"sx_analyze":"大肠湿热：外感暑湿，或感染疫疠之气，或喂霉败秽浊的或有毒的草料，以致湿热或疫毒蕴结，下注于肠，损伤气血而发病。见于急性胃肠炎、菌痢等的病程中。主证有发热，腹痛起卧，泻痢腥臭，甚则脓血混杂，口干舌燥，口渴贪饮，尿液短赤，口色红黄，舌苔黄腻或黄干，脉象滑数。",
"sx_all":"1",
"sx_wrong":"0"
},
{
"sx_id":"153",
"sx_type":"15",
"sx_title":"辨证论治",
"sx_subject":"公牛，形寒肢冷，后肢水肿，尿清粪溏，阳痿不举，口色淡，脉沉无力。治疗首选的方剂是（2012真题下85）",
"sx_answera":"八正散",
"sx_answerb":"秦艽散",
"sx_answerc":"肾气丸",
"sx_answerd":"六味地黄丸",
"sx_answere":"麻黄汤",
"sx_answer":"C",
"sx_analyze":"肾气丸：熟地、山药、山茱萸、茯苓、泽泻、丹皮、附子、肉桂。功能温补肾阳，主治各种家畜肾阳虚衰，证见尿清粪溏，后肢水肿，四肢发凉，口色清白，动则气喘，公畜阳痿滑精等。",
"sx_all":"1",
"sx_wrong":"0"
},
{
"sx_id":"154",
"sx_type":"15",
"sx_title":"辨证论治",
"sx_subject":"某牛，精神沉郁，食欲减退，眼结膜黄染，黄色鲜明如橘，粪便稀软，尿黄混浊，口色红黄、舌苔黄腻，脉弦数。该病可辩为",
"sx_answera":"肝血虚",
"sx_answerb":"肝胆湿热 ",
"sx_answerc":"肝火上炎",
"sx_answerd":"肝阳化风",
"sx_answere":"阴虚生风",
"sx_answer":"B",
"sx_analyze":"肝胆湿热多因感受湿热之邪，或脾胃运化失常，湿邪内生，郁而化热所致。黄疸鲜明如橘色，尿液短赤或黄而浑浊。母畜带下黄臭，外阴瘙痒；公畜睾丸肿胀热痛，阴囊湿疹，舌苔黄腻，脉弦数。",
"sx_all":"1",
"sx_wrong":"0"
},
{
"sx_id":"155",
"sx_type":"15",
"sx_title":"辨证论治",
"sx_subject":"某犬，眼目红肿，羞明流泪，视物不清，粪便干燥，口色鲜红，脉象弦数，该病可辩为&nbsp;",
"sx_answera":"肝血虚",
"sx_answerb":"肝胆湿热",
"sx_answerc":"肝火上炎",
"sx_answerd":"肝阳化风",
"sx_answere":"阴虚生风",
"sx_answer":"C",
"sx_analyze":"肝火上炎多由外感风热或由肝气郁结而化火所致。主证，两目红肿，羞明流泪，睛生翳障，视力障碍，或有鼻衄，粪便干燥，尿浓赤黄，口色鲜红，脉象弦数。",
"sx_all":"1",
"sx_wrong":"0"
},
{
"sx_id":"156",
"sx_type":"15",
"sx_title":"辨证论治",
"sx_subject":"犬，2岁，证见尿频，尿急，尿痛，尿液混浊、淋漓不畅，口色红，舌苔黄腻，脉滑数。该病症为（2013真题下84）",
"sx_answera":"肾阳虚",
"sx_answerb":"肾阴虚 ",
"sx_answerc":"肾气不固    ",
"sx_answerd":"肾虚水泛",
"sx_answere":"膀胱湿热 ",
"sx_answer":"E",
"sx_analyze":"膀胱湿热是由湿热下注膀胱，气化功能受阻所致。尿频而急，尿液排出困难，常作排尿姿势，痛苦不安，或尿淋漓，尿色浑浊，或有脓血，或有砂石，口色红，苔黄腻，脉濡数。",
"sx_all":"1",
"sx_wrong":"0"
},
{
"sx_id":"157",
"sx_type":"15",
"sx_title":"辨证论治",
"sx_subject":"马，高热，大汗，呼吸喘粗，口渴贪饮，尿短赤，口色鲜红，舌苔黄燥，脉洪大。\n<br>该病可辩证为",
"sx_answera":"太阳伤寒",
"sx_answerb":"太阳中风",
"sx_answerc":"阳明经证  ",
"sx_answerd":"阳明腑证 ",
"sx_answere":"少阳病症",
"sx_answer":"C",
"sx_analyze":"阳明经证：身热，汗出，呼吸粗喘，口渴欲饮，苔黄燥，脉洪大。治则：清热生津。",
"sx_all":"1",
"sx_wrong":"0"
},
{
"sx_id":"164",
"sx_type":"15",
"sx_title":"辨证论治",
"sx_subject":"马，高热，大汗，呼吸喘粗，口渴贪饮，尿短赤，口色鲜红，舌苔黄燥，脉洪大。\n<br>该病症的治则是",
"sx_answera":"发汗解表",
"sx_answerb":"清热生津 ",
"sx_answerc":"清热泻下",
"sx_answerd":"温中散寒",
"sx_answere":"利水渗湿",
"sx_answer":"B",
"sx_analyze":"阳明经证：身热，汗出，呼吸粗喘，口渴欲饮，苔黄燥，脉洪大。治则：清热生津。\n<br>阳明腑证：一派热象，如身热，汗出，粪便燥结，粪球干小，甚至闭结不通，尿短赤，脉沉而有力\n<br>",
"sx_all":"1",
"sx_wrong":"0"
},
{
"sx_id":"165",
"sx_type":"15",
"sx_title":"辨证论治",
"sx_subject":"马，高热，大汗，呼吸喘粗，口渴贪饮，尿短赤，口色鲜红，舌苔黄燥，脉洪大。\n<br>若该病畜粪便燥结不通，可辩证为",
"sx_answera":"太阳伤寒",
"sx_answerb":"太阳中风",
"sx_answerc":"阳明经证",
"sx_answerd":"阳明腑证",
"sx_answere":"少阳病症",
"sx_answer":"D",
"sx_analyze":"阳明腑证：一派热象，如身热，汗出，粪便燥结，粪球干小，甚至闭结不通，尿短赤，脉沉而有力。",
"sx_all":"1",
"sx_wrong":"0"
},
{
"sx_id":"170",
"sx_type":"15",
"sx_title":"辨证论治",
"sx_subject":"牛，证见粪便不通，肚腹胀满，回头观腹，不时起卧，饮食欲废绝，口腔酸臭，尿少色浓，口色赤红，舌苔黄厚，脉象沉而有力。\n<br>该病可辩证为&nbsp;",
"sx_answera":"大肠湿热",
"sx_answerb":"大肠液亏  ",
"sx_answerc":"食积大肠",
"sx_answerd":"脾胃虚寒 ",
"sx_answere":"肝脾不调",
"sx_answer":"C",
"sx_analyze":"食积大肠：证见粪便不通，肚腹胀满，回头观腹，不时起卧，饮食欲废绝，口腔酸臭，尿少色浓，口色赤红，舌苔黄厚，脉象沉而有力。可选用大承气汤治疗。",
"sx_all":"1",
"sx_wrong":"0"
},
{
"sx_id":"172",
"sx_type":"15",
"sx_title":"辨证论治",
"sx_subject":"牛，证见粪便不通，肚腹胀满，回头观腹，不时起卧，饮食欲废绝，口腔酸臭，尿少色浓，口色赤红，舌苔黄厚，脉象沉而有力。\n<br>治疗该病症宜选用的基础方剂是",
"sx_answera":"郁金散",
"sx_answerb":"曲蘖散",
"sx_answerc":"保和丸 ",
"sx_answerd":"理中汤 ",
"sx_answere":"大承气汤",
"sx_answer":"E",
"sx_analyze":"食积大肠：证见粪便不通，肚腹胀满，回头观腹，不时起卧，饮食欲废绝，口腔酸臭，尿少色浓，口色赤红，舌苔黄厚，脉象沉而有力。可选用大承气汤治疗。",
"sx_all":"1",
"sx_wrong":"0"
},
{
"sx_id":"175",
"sx_type":"15",
"sx_title":"中药性能及方剂组成",
"sx_subject":"郁金散减诃子、加金银花和连翘的变化，属于（2009真题下51）&nbsp;",
"sx_answera":"药量增减 ",
"sx_answerb":"药味增减",
"sx_answerc":"剂型变化",
"sx_answerd":"数方合并",
"sx_answere":"药物替代 ",
"sx_answer":"B",
"sx_analyze":"药味增减：指在主证未变，兼证不同的情况下，方中主药仍然不变，但根据病情适当增添或减去一些次要药味，也称随证加减。",
"sx_all":"1",
"sx_wrong":"0"
},
{
"sx_id":"177",
"sx_type":"15",
"sx_title":"中药性能及方剂组成",
"sx_subject":"将药材直接或间接用火加热处理的火制法有（2009真题下60）&nbsp;",
"sx_answera":"发芽、发酵、制霜、法制 ",
"sx_answerb":"煅法、炒法、炙法、烘法 ",
"sx_answerc":"纯净、粉碎、切制、镑法",
"sx_answerd":"淋法、洗法、泡法、漂法 ",
"sx_answere":"蒸法、淬法、水烫法、煮法 ",
"sx_answer":"B",
"sx_analyze":"火制法：将药材直接或间接用火加热处理的方法。其目的是使药物达到干燥、松脆、焦黄、炭化等，以便应用和贮藏。有炙、炒、烘、焙、炮、煨、煅等方法。",
"sx_all":"1",
"sx_wrong":"0"
},
{
"sx_id":"179",
"sx_type":"15",
"sx_title":"中药性能及方剂组成",
"sx_subject":"中药四气是指（2010真题下52）",
"sx_answera":"寒、热、温、平",
"sx_answerb":"升、降、浮、沉",
"sx_answerc":"辛、甘、酸、苦         ",
"sx_answerd":"生、克、乘、侮",
"sx_answere":"寒、凉、温、热",
"sx_answer":"E",
"sx_analyze":"四气是指药物具有的寒、凉、温、热四种不同药性，也称四性。",
"sx_all":"1",
"sx_wrong":"0"
},
{
"sx_id":"181",
"sx_type":"15",
"sx_title":"中药性能及方剂组成",
"sx_subject":"淡味常附于五味中的（2012真题下52）",
"sx_answera":"辛味",
"sx_answerb":"甘味 ",
"sx_answerc":"酸味",
"sx_answerd":"苦味",
"sx_answere":"咸味",
"sx_answer":"B",
"sx_analyze":"有些中药有淡味或涩味，所以实际上味不止五种，但习惯上仍称五味。淡味常附于甘味，涩味常附于酸味。",
"sx_all":"1",
"sx_wrong":"0"
},
{
"sx_id":"183",
"sx_type":"15",
"sx_title":"中药性能及方剂组成",
"sx_subject":"中药的五味是指（2013真题下52）",
"sx_answera":"辛、甘、酸、苦、咸 ",
"sx_answerb":"木、火、土、金、水 ",
"sx_answerc":"寒、凉、平、温、热",
"sx_answerd":"红、黄、白、青、黑　　",
"sx_answere":"浮、沉、迟、数、滑",
"sx_answer":"A",
"sx_analyze":"五味是指中药所具有的辛、甘、酸、苦、咸五种不同药味。",
"sx_all":"1",
"sx_wrong":"0"
},
{
"sx_id":"185",
"sx_type":"15",
"sx_title":"中药性能及方剂组成",
"sx_subject":"方剂中，加强君药治疗主病或主证作用的药物属于（2013真题下53）",
"sx_answera":"臣药",
"sx_answerb":"佐药",
"sx_answerc":"君药     ",
"sx_answerd":"使药",
"sx_answere":"引药",
"sx_answer":"A",
"sx_analyze":"臣药：方剂中加强君药治疗主病或主证作用的药物，又称辅药。",
"sx_all":"1",
"sx_wrong":"0"
},
{
"sx_id":"187",
"sx_type":"15",
"sx_title":"解表药",
"sx_subject":"52．用于治疗中气下陷所致的久泻脱肛、子宫脱垂等证，常与柴胡相须为用的药物是（2009真题下52）",
"sx_answera":"薄荷",
"sx_answerb":"桂枝",
"sx_answerc":"升麻 ",
"sx_answerd":"防风",
"sx_answere":"甘草 ",
"sx_answer":"C",
"sx_analyze":"柴胡可用于气虚下陷所致的久泻脱肛、子宫脱垂等，用柴胡加升麻，再配黄芪、党参等（补中益气汤）。",
"sx_all":"1",
"sx_wrong":"0"
},
{
"sx_id":"189",
"sx_type":"15",
"sx_title":"解表药",
"sx_subject":"发汗解表、用于外感风寒表实证、与麻黄相须配伍的药物是（2010真题下53）",
"sx_answera":"防风",
"sx_answerb":"桂枝 ",
"sx_answerc":"薄荷",
"sx_answerd":"葛根 ",
"sx_answere":"升麻",
"sx_answer":"B",
"sx_analyze":"辛温解表药具有发散风寒的功能，发汗作用较强，适用于风寒表证。桂枝：善祛风寒，其作用较为缓和，可用于风寒感冒、发热恶寒，不论无汗或有汗均可使用。用于外感风寒表实证，配麻黄。如麻黄汤。",
"sx_all":"1",
"sx_wrong":"0"
},
{
"sx_id":"191",
"sx_type":"15",
"sx_title":"解表药",
"sx_subject":"发汗解表、宣肺平喘、主治外感风寒表实症的方剂是（2012真题下53）&nbsp;",
"sx_answera":"桂枝汤",
"sx_answerb":"麻黄汤",
"sx_answerc":"小柴胡汤",
"sx_answerd":"银翘散 ",
"sx_answere":"荆防败毒散",
"sx_answer":"B",
"sx_analyze":"麻黄汤：麻黄、桂枝、杏仁、炙甘草。功能发汗解表，宣肺平喘。主治外感风寒表实证。证见恶寒发热，无汗咳喘，苔薄白，脉浮紧。",
"sx_all":"1",
"sx_wrong":"0"
},
{
"sx_id":"196",
"sx_type":"15",
"sx_title":"清热药",
"sx_subject":"性味苦寒，功能清热燥湿、泻火解毒，长于清心火的药物是（2009真题下53）",
"sx_answera":"黄芩     ",
"sx_answerb":"黄连 ",
"sx_answerc":"黄柏",
"sx_answerd":"大黄",
"sx_answere":"牡丹皮 ",
"sx_answer":"B",
"sx_analyze":"黄连：清热燥湿，泻火解毒。长于清心火，治心火亢盛、口舌生疮等。黄芩：以清肺热见长；黄柏：长于除下焦湿热。",
"sx_all":"1",
"sx_wrong":"0"
},
{
"sx_id":"198",
"sx_type":"15",
"sx_title":"清热药",
"sx_subject":"黄连解毒汤的组成为（2009真题下54）&nbsp;",
"sx_answera":"黄连、黄柏、黄芩、栀子",
"sx_answerb":"黄连、黄柏、黄芩、连翘",
"sx_answerc":"黄连、板蓝根、黄芩、栀子",
"sx_answerd":"黄连、金银花、连翘、栀子",
"sx_answere":"黄连、秦皮、苦参、蒲公英 ",
"sx_answer":"A",
"sx_analyze":"黄连解毒汤组方为黄连、黄岑、黄柏、栀子。功能泻火解毒，主治三焦热盛或疮疡肿毒。",
"sx_all":"1",
"sx_wrong":"0"
},
{
"sx_id":"200",
"sx_type":"15",
"sx_title":"清热药",
"sx_subject":"白虎汤的药物组成是（2010真题下54）",
"sx_answera":"石膏、知母、粳米、甘草",
"sx_answerb":"石膏、知母、栀子、甘草",
"sx_answerc":"石膏、知母、芦根、甘草 ",
"sx_answerd":"石膏、知母、粳米、黄连",
"sx_answere":"石膏、知母、粳米、黄柏",
"sx_answer":"A",
"sx_analyze":"白虎汤：石膏、知母、甘草、粳米。功能清热生津，主治阳明经证或气分热盛。",
"sx_all":"1",
"sx_wrong":"0"
},
{
"sx_id":"202",
"sx_type":"15",
"sx_title":"清热药",
"sx_subject":"白虎汤的药物组成除了石膏、甘草、粳米外，还有（2012真题下54）",
"sx_answera":"知母",
"sx_answerb":"栀子 ",
"sx_answerc":"芦根",
"sx_answerd":"黄连",
"sx_answere":"黄柏",
"sx_answer":"A",
"sx_analyze":"白虎汤：石膏、知母、甘草、粳米。功能清热生津，主治阳明经证或气分热盛。证见高热大汗，口干舌燥，大渴贪饮，脉宏大有力。",
"sx_all":"1",
"sx_wrong":"0"
},
{
"sx_id":"203",
"sx_type":"15",
"sx_title":"泻下药",
"sx_subject":"具有润下作用的药物是（2009真题下55）&nbsp;",
"sx_answera":"大黄",
"sx_answerb":"芒硝 ",
"sx_answerc":"砂仁",
"sx_answerd":"枳实 ",
"sx_answere":"火麻仁",
"sx_answer":"E",
"sx_analyze":"润下药多为植物种子或果仁，富含油脂，具有润燥滑肠的作用，故能缓下通便。如火麻仁、郁李仁、食用油、蜂蜜等。",
"sx_all":"1",
"sx_wrong":"0"
},
{
"sx_id":"205",
"sx_type":"15",
"sx_title":"泻下药",
"sx_subject":"治疗老龄患畜肠燥便秘的方剂是（2010真题下55）",
"sx_answera":"曲蘖散",
"sx_answerb":"保和丸 ",
"sx_answerc":"白头翁汤 ",
"sx_answerd":"大承气汤",
"sx_answere":"当归苁蓉汤",
"sx_answer":"E",
"sx_analyze":"当归苁蓉汤功能润燥滑肠，理气通便。主治老弱、久病、体虚患畜之便秘。",
"sx_all":"1",
"sx_wrong":"0"
},
{
"sx_id":"207",
"sx_type":"15",
"sx_title":"泻下药",
"sx_subject":"用于治疗老龄患畜肠燥便秘的方剂是（2012真题下55）",
"sx_answera":"白头翁汤",
"sx_answerb":"大承气汤",
"sx_answerc":"当归苁蓉汤",
"sx_answerd":"曲?散 ",
"sx_answere":"保和丸",
"sx_answer":"C",
"sx_analyze":"当归苁蓉汤，功能润燥滑肠，理气通便。主治老弱、久病、体虚患畜之便秘",
"sx_all":"1",
"sx_wrong":"0"
},
{
"sx_id":"210",
"sx_type":"15",
"sx_title":"消导药",
"sx_subject":"具有消食健脾、化石通淋作用的药物是（2013真题下55）",
"sx_answera":"神曲     ",
"sx_answerb":"麦芽",
"sx_answerc":"山楂     ",
"sx_answerd":"鸡内金     ",
"sx_answere":"莱菔子",
"sx_answer":"D",
"sx_analyze":"消导药有神曲、山楂、麦芽、鸡内金、莱菔子等，其中鸡内金消食健脾、化石通淋。",
"sx_all":"1",
"sx_wrong":"0"
},
{
"sx_id":"212",
"sx_type":"15",
"sx_title":"止咳化痰药",
"sx_subject":"化痰止咳药中兼有润肠通便作用的是（2009真题下56）",
"sx_answera":"杏仁",
"sx_answerb":"贝母     ",
"sx_answerc":"百部 ",
"sx_answerd":"款冬花",
"sx_answere":"旋覆花 ",
"sx_answer":"A",
"sx_analyze":"杏仁入肺、大肠经。止咳平喘，润肠通便。本品苦泄降气，能止咳平喘，主要用于咳逆，喘促等证；也可用于肺热气喘，配石膏、甘草（麻杏石甘汤）；润燥滑肠，配桃仁、火麻仁等，治老弱病畜肠燥便秘和产后便秘。",
"sx_all":"1",
"sx_wrong":"0"
},
{
"sx_id":"213",
"sx_type":"15",
"sx_title":"止咳化痰药",
"sx_subject":"止嗽散主治的病证是",
"sx_answera":"外感咳嗽",
"sx_answerb":"肺虚咳嗽",
"sx_answerc":"劳伤咳嗽 ",
"sx_answerd":"风热咳嗽",
"sx_answere":"上实下虚的咳喘证 ",
"sx_answer":"A",
"sx_analyze":"止嗽散组分包括荆芥、桔梗、紫苑、百部、白前、陈皮、甘草。功能止咳化痰，疏风解表。主治外感咳嗽。证见咳嗽痰多、日久不愈、舌苔白、脉浮缓。",
"sx_all":"1",
"sx_wrong":"0"
},
{
"sx_id":"215",
"sx_type":"15",
"sx_title":"止咳化痰药",
"sx_subject":"苏子降气汤主治的病证是",
"sx_answera":"外感咳嗽",
"sx_answerb":"肺虚咳嗽",
"sx_answerc":"劳伤咳嗽",
"sx_answerd":"风热咳嗽",
"sx_answere":"上实下虚的咳喘证 ",
"sx_answer":"E",
"sx_analyze":"苏子降气汤组分包括苏子、制半夏、前胡、厚朴、陈皮、肉桂、当归、生姜、炙甘草。功能降气平喘，温肾纳气。主治上实下虚的喘咳证。证见痰涎壅盛、咳喘气短、舌苔白滑",
"sx_all":"1",
"sx_wrong":"0"
},
{
"sx_id":"218",
"sx_type":"15",
"sx_title":"止咳化痰药",
"sx_subject":"善祛风痰的中药是（2010真题下56）",
"sx_answera":"半夏 ",
"sx_answerb":"贝母",
"sx_answerc":"桔梗",
"sx_answerd":"天南星",
"sx_answere":"旋覆花",
"sx_answer":"D",
"sx_analyze":"天南星：燥湿祛痰，祛风解痉，消肿毒。为祛风痰的主药，常用于癫痫、中风口紧、四肢痉挛、破伤风等。",
"sx_all":"1",
"sx_wrong":"0"
},
{
"sx_id":"223",
"sx_type":"15",
"sx_title":"止咳化痰药",
"sx_subject":"具有清热化痰、宽中散结作用的药物是（2012真题下56）",
"sx_answera":"黄芩 ",
"sx_answerb":"瓜蒌",
"sx_answerc":"麻黄",
"sx_answerd":"半夏",
"sx_answere":"天南星",
"sx_answer":"B",
"sx_analyze":"瓜蒌：清热化痰，宽中散结。本品甘寒清润，能清热化痰，用于肺热咳嗽、痰液粘稠等，常配贝母、桔梗、杏仁等；润肠通便，用于粪便燥结，常配火麻仁等。脾胃虚寒、无实热者忌用。",
"sx_all":"1",
"sx_wrong":"0"
},
{
"sx_id":"225",
"sx_type":"15",
"sx_title":"止咳化痰药",
"sx_subject":"牛，突然发病,证见发热，喘急，咳嗽，口干渴，舌红，苔黄，脉数。治疗该病证适宜的方剂是",
"sx_answera":"黄连解毒汤 ",
"sx_answerb":"龙胆泻肝汤 ",
"sx_answerc":"麻杏甘石汤",
"sx_answerd":"荆防败毒汤",
"sx_answere":"独活散",
"sx_answer":"C",
"sx_analyze":"麻杏石甘汤：麻黄、杏仁、炙甘草、石膏。功能辛凉泄热，宣肺平喘。主治肺热气喘。证见咳嗽喘急，发热有汗或无汗，口干渴，舌红，苔薄白或黄，脉浮滑而数。本方是治疗肺热气喘的常用方剂，使用时以喘急身热为依据。",
"sx_all":"1",
"sx_wrong":"0"
},
{
"sx_id":"227",
"sx_type":"15",
"sx_title":"止咳化痰药",
"sx_subject":"牛，突然发病，证见咳嗽，恶寒，被毛逆立，鼻流?涕，无汗，不喜欢饮水，尿清长，口淡而润，舌苔薄白，脉象浮紧。治疗该病证适宜的方剂是",
"sx_answera":"黄连解毒汤 ",
"sx_answerb":"龙胆泻肝汤",
"sx_answerc":"麻杏甘石汤",
"sx_answerd":"荆防败毒汤",
"sx_answere":"独活散",
"sx_answer":"D",
"sx_analyze":"荆防败毒汤：荆芥、防风等。功能发汗解表，散寒除湿。主治外感挟湿的表寒证。证见发热无汗，恶寒颤抖，皮紧肉硬，肢体疼痛，咳嗽，舌苔白腻，脉浮。本方是治疗感冒的常用方，对于时疫、痢疾、疮疡而挟湿的表寒证均可酌情应用。",
"sx_all":"1",
"sx_wrong":"0"
},
{
"sx_id":"228",
"sx_type":"15",
"sx_title":"止咳化痰药",
"sx_subject":"具有止咳化痰、清热散结作用的药物是（2013真题下56）",
"sx_answera":"贝母",
"sx_answerb":"杏仁    ",
"sx_answerc":"麻黄",
"sx_answerd":"白前 ",
"sx_answere":"半夏",
"sx_answer":"A",
"sx_analyze":"贝母：止咳化痰，清热散结。止咳化痰，用于痰热咳嗽，用川贝母配知母；久咳，用贝母配杏仁、紫苑、款冬花、麦冬等止咳养阴药；治肺痈鼻脓，配百合、大黄、天花粉等；清热散结，浙贝母适用于疱痈未溃者。",
"sx_all":"1",
"sx_wrong":"0"
},
{
"sx_id":"230",
"sx_type":"15",
"sx_title":"温里药",
"sx_subject":"理中汤的药物组成为（2010真题下57）",
"sx_answera":"党参、黄芪、白术、白芍        ",
"sx_answerb":"党参、干姜、白术、炙甘草",
"sx_answerc":"党参、黄芪、白术、炙甘草     ",
"sx_answerd":"党参、茯苓、白术、炙甘草",
"sx_answere":"党参、干姜、茯苓、炙甘草",
"sx_answer":"B",
"sx_analyze":"理中汤：党参、干姜、白术、炙甘草。功能补气健脾，温中散寒。证见慢草不食，腹痛泄泻，完谷不化，口不渴，口色淡白，脉象沉细或沉迟。",
"sx_all":"1",
"sx_wrong":"0"
},
{
"sx_id":"233",
"sx_type":"15",
"sx_title":"温里药",
"sx_subject":"具有温肾散寒，祛湿止痛作用的方剂是（2012真题下57）",
"sx_answera":"五苓散",
"sx_answerb":"八正散",
"sx_answerc":"茴香散 ",
"sx_answerd":"曲?散    ",
"sx_answere":"郁金散",
"sx_answer":"C",
"sx_analyze":"茴香散：功能温肾散寒，祛湿止痛。主治风寒湿邪引起的腰胯疼痛。",
"sx_all":"1",
"sx_wrong":"0"
},
{
"sx_id":"235",
"sx_type":"15",
"sx_title":"祛湿药",
"sx_subject":"化湿药中有燥湿健脾、发汗解表、祛风湿作用的药物是（2009真题下58）",
"sx_answera":"藿香",
"sx_answerb":"茯苓",
"sx_answerc":"猪苓",
"sx_answerd":"茵陈",
"sx_answere":"苍术 ",
"sx_answer":"E",
"sx_analyze":"苍术，入脾、胃经。燥湿健脾，发汗解表，祛风湿。本品气香辛烈，性温而燥。治湿困脾胃、运化失司、食欲不振、消化不良、胃寒草少、腹痛泄泻，用苍术?厚朴，配陈皮、甘草等（平胃散）；辛温解表，祛风湿，治关节疼痛、风寒湿痹，常配独活、秦艽、牛膝、薏苡仁、黄柏等。",
"sx_all":"1",
"sx_wrong":"0"
},
{
"sx_id":"237",
"sx_type":"15",
"sx_title":"祛湿药",
"sx_subject":"牛，4岁，排尿时弓腰努责，淋漓不畅，疼痛，尿频而量少，尿色赤黄，口干舌红，苔黄腻，脉滑数。治疗宜选用的方剂是（2009真题下84）&nbsp;",
"sx_answera":"平胃散",
"sx_answerb":"八正散",
"sx_answerc":"独活散 ",
"sx_answerd":"独活寄生汤",
"sx_answere":"藿香正气散",
"sx_answer":"B",
"sx_analyze":"八正散：木通、瞿麦、车前子、?蓄、滑石、甘草梢、栀子、大黄，加灯心草。功能清热泻火，利水通淋。主治湿热下注引起的热淋、石淋。证见尿频、尿痛或闭而不通，或小便浑赤，淋漓不畅，口干舌红，苔黄腻，脉象滑数。",
"sx_all":"1",
"sx_wrong":"0"
},
{
"sx_id":"239",
"sx_type":"15",
"sx_title":"祛湿药",
"sx_subject":"马，证见尿频，尿痛，尿液混浊、淋漓不畅，口干舌红，苔黄腻，脉滑数。治疗宜选用的药物是（2013真题下85）",
"sx_answera":"八正散 ",
"sx_answerb":"郁金散",
"sx_answerc":"曲蘖散  ",
"sx_answerd":"大承气汤",
"sx_answere":"苏子降气汤",
"sx_answer":"A",
"sx_analyze":"八正散，功能清热泻火，利水通淋。主治湿热下注引起的热淋、石淋。证见尿频、尿痛或闭而不通，或小便浑赤，淋漓不畅，口干舌红，苔黄腻，脉象滑数。",
"sx_all":"1",
"sx_wrong":"0"
},
{
"sx_id":"241",
"sx_type":"15",
"sx_title":"理气药",
"sx_subject":"57．治疗马伤水起卧（冷痛、肠痉挛）应选用（2009真题下57）&nbsp;",
"sx_answera":"银翘散",
"sx_answerb":"曲蘖散",
"sx_answerc":"平胃散",
"sx_answerd":"橘皮散     ",
"sx_answere":"槐花散 ",
"sx_answer":"D",
"sx_analyze":"橘皮散：青皮、陈皮、厚朴、桂心、细辛、茴香、当归、白芷、槟榔。功能理气散寒，和血止痛。主治马伤水起卧。证见腹痛起卧、肠鸣如雷、口色淡青、脉象沉迟等。",
"sx_all":"1",
"sx_wrong":"0"
},
{
"sx_id":"243",
"sx_type":"15",
"sx_title":"理气药",
"sx_subject":"陈皮的功效是（2013真题下57）",
"sx_answera":"理气健脾、燥湿化痰",
"sx_answerb":"疏肝止痛、破气消积",
"sx_answerc":"行气燥湿、降逆平喘",
"sx_answerd":"破气消积、通便利膈 ",
"sx_answere":"理气解郁、散结止痛",
"sx_answer":"A",
"sx_analyze":"陈皮：入脾、肺经。理气健脾，燥湿化痰。",
"sx_all":"1",
"sx_wrong":"0"
},
{
"sx_id":"246",
"sx_type":"15",
"sx_title":"理血药",
"sx_subject":"水牛，使役后出现尿血，头低耳耷，精神短少，口色淡白，舌体绵软无力。治疗可选择的方剂是（2009真题下85）&nbsp;",
"sx_answera":"槐花散",
"sx_answerb":"秦艽散  ",
"sx_answerc":"红花散",
"sx_answerd":"独活散 ",
"sx_answere":"桃红四物汤 ",
"sx_answer":"B",
"sx_analyze":"秦艽散功能清热通淋，祛瘀止血。主治热积膀胱、弩伤尿血。证见尿血、弩气弓腰、头低耳耷、草细毛焦、舌质如绵、脉滑。",
"sx_all":"1",
"sx_wrong":"0"
},
{
"sx_id":"250",
"sx_type":"15",
"sx_title":"理血药",
"sx_subject":"活血行气、祛风止痛的药物是（2010真题下58）",
"sx_answera":"川芎 ",
"sx_answerb":"丹参",
"sx_answerc":"桃仁 ",
"sx_answerd":"赤芍",
"sx_answere":"乳香",
"sx_answer":"A",
"sx_analyze":"川芎：活血行气，祛风止痛。",
"sx_all":"1",
"sx_wrong":"0"
},
{
"sx_id":"253",
"sx_type":"15",
"sx_title":"理血药",
"sx_subject":"具有活血祛瘀、养血安神作用的药物是（2012真题下58）",
"sx_answera":"沙参",
"sx_answerb":"丹参",
"sx_answerc":"党参",
"sx_answerd":"苦参",
"sx_answere":"玄参",
"sx_answer":"B",
"sx_analyze":"丹参：活血祛瘀，凉血消痈，养血安神。活血祛瘀，用于多种瘀血为患的病症。治产后恶露不尽，瘀滞腹痛等，常配桃仁?红花、当归、丹皮、益母草等。",
"sx_all":"1",
"sx_wrong":"0"
},
{
"sx_id":"254",
"sx_type":"15",
"sx_title":"理血药",
"sx_subject":"具有散瘀止血、消肿止痛作用的药物是（2013真题下58）",
"sx_answera":"桃仁",
"sx_answerb":"红花",
"sx_answerc":"乳香",
"sx_answerd":"没药",
"sx_answere":"三七",
"sx_answer":"E",
"sx_analyze":"三七：散瘀止血，消肿止痛。本品止血作用良好，又能活血散瘀，有“止血不留瘀”的特点，又能消肿止痛，适用于出血兼有瘀滞、肿痛者，为治跌打损伤之要药。",
"sx_all":"1",
"sx_wrong":"0"
},
{
"sx_id":"259",
"sx_type":"15",
"sx_title":"收涩药",
"sx_subject":"乌梅散的功效是（2009真题下59）",
"sx_answera":"涩肠止泻、行气消胀 ",
"sx_answerb":"涩肠止泻、清热通淋",
"sx_answerc":"涩肠止泻、益气固表",
"sx_answerd":"涩肠止泻、清热燥湿",
"sx_answere":"固表止汗、清热燥湿 ",
"sx_answer":"D",
"sx_analyze":"乌梅散：乌梅、干柿、诃子肉、黄连、郁金。功能涩肠止泻，清热燥湿。主治幼驹奶泻及其他幼畜的湿热下痢。",
"sx_all":"1",
"sx_wrong":"0"
},
{
"sx_id":"260",
"sx_type":"15",
"sx_title":"补虚药",
"sx_subject":"养殖场6岁公犬，原性欲旺盛，配种繁殖率高，近来日见形体瘦弱，腰胯无力，低热，口干，性欲下降，粪干尿少，舌红苔少，脉细数。&nbsp;\n<br>治疗该病证常选用哪一类药物&nbsp;",
"sx_answera":"补气药 ",
"sx_answerb":"补血药",
"sx_answerc":"滋阴药",
"sx_answerd":"助阳药",
"sx_answere":"清热药",
"sx_answer":"C",
"sx_analyze":"肾阴虚主证：形体瘦弱，腰胯无力，低热不退或午后潮热，盗汗，粪便干燥。口干、色红、少苔，脉细数。",
"sx_all":"1",
"sx_wrong":"0"
},
{
"sx_id":"261",
"sx_type":"15",
"sx_title":"补虚药",
"sx_subject":"养殖场6岁公犬，原性欲旺盛，配种繁殖率高，近来日见形体瘦弱，腰胯无力，低热，口干，性欲下降，粪干尿少，舌红苔少，脉细数。\n<br>治疗该病可选用的方剂是&nbsp;",
"sx_answera":"银翘散",
"sx_answerb":"巴戟散",
"sx_answerc":"牡烟散 ",
"sx_answerd":"四君子汤",
"sx_answere":"六味地黄汤 ",
"sx_answer":"E",
"sx_analyze":"六味地黄汤，功能滋阴补肾，主治肝肾阴虚，虚火上炎所致的潮热盗汗，腰膝疲软无力，耳鼻四肢温热，舌燥喉痛，滑精早泄，粪干尿少，舌红苔少，脉细数。",
"sx_all":"1",
"sx_wrong":"0"
},
{
"sx_id":"262",
"sx_type":"15",
"sx_title":"补虚药",
"sx_subject":"养殖场6岁公犬，原性欲旺盛，配种繁殖率高，近来日见形体瘦弱，腰胯无力，低热，口干，性欲下降，粪干尿少，舌红苔少，脉细数。&nbsp;\n<br>如该犬进而表现四肢发凉，尿清粪溏，腰腿不灵，动则气喘，舌淡苔白，方中可增加的药物是&nbsp;",
"sx_answera":"沙参、杜仲 ",
"sx_answerb":"生地、沙参",
"sx_answerc":"肉桂、附子",
"sx_answerd":"肉桂、百合",
"sx_answere":"附子、枸杞子 ",
"sx_answer":"C",
"sx_analyze":"肾阳虚主证：形寒肢冷，耳鼻四肢不温，腰痿，腰腿不灵，难起难卧，粪便稀软或泄泻，小便减少。口色淡，舌苔白，脉沉迟无力。\n<br>六味地黄汤加肉桂、附子，名肾气丸，温补肾阳，主治肾阳不足。\n<br>",
"sx_all":"1",
"sx_wrong":"0"
},
{
"sx_id":"263",
"sx_type":"15",
"sx_title":"补虚药",
"sx_subject":"补血活血兼有润肠通便作用的药物是（2010真题下59）",
"sx_answera":"白芍",
"sx_answerb":"阿胶",
"sx_answerc":"当归",
"sx_answerd":"山药",
"sx_answere":"百合",
"sx_answer":"C",
"sx_analyze":"当归：补血和血，活血止痛，润肠通便。",
"sx_all":"1",
"sx_wrong":"0"
},
{
"sx_id":"264",
"sx_type":"15",
"sx_title":"补虚药",
"sx_subject":"牛，精神倦怠，体瘦毛焦，食欲不振，久泻不止，脱肛，口色淡白，脉虚。治疗宜选用的方剂是（2010真题下85）",
"sx_answera":"四物汤",
"sx_answerb":"曲蘖散 ",
"sx_answerc":"桂心散",
"sx_answerd":"六味地黄汤",
"sx_answere":"补中益气汤",
"sx_answer":"E",
"sx_analyze":"补中益气汤：功能补中益气，升阳举陷。主治脾胃气虚及气虚下陷诸证。证见精神倦怠，草料减少，发热，汗自出，口渴喜饮，粪便稀溏，舌质淡，苔薄白或久泻脱肛、子宫脱垂等。",
"sx_all":"1",
"sx_wrong":"0"
},
{
"sx_id":"265",
"sx_type":"15",
"sx_title":"补虚药",
"sx_subject":"具有补气升阳、托毒生肌作用的药物是（2012真题下59）",
"sx_answera":"党参    ",
"sx_answerb":"黄芪",
"sx_answerc":"白术 ",
"sx_answerd":"山药",
"sx_answere":"甘草",
"sx_answer":"B",
"sx_analyze":"黄芪：补气升阳、固表止汗、托毒生肌、利水退肿。",
"sx_all":"1",
"sx_wrong":"0"
},
{
"sx_id":"266",
"sx_type":"15",
"sx_title":"补虚药",
"sx_subject":"治疗久泻脱肛、子宫脱垂的方剂中，常以升麻配（2013真题下54）",
"sx_answera":"柴胡 ",
"sx_answerb":"桑叶",
"sx_answerc":"防风 ",
"sx_answerd":"紫苏 ",
"sx_answere":"薄荷",
"sx_answer":"A",
"sx_analyze":"补中益气汤：炙黄芪、党参、白术、当归、陈皮、炙甘草、升麻、柴胡。功能补中益气，升阳举陷。主治脾胃气虚及气虚下陷诸证。证见精神倦怠，草料减少，发热，汗自出，口渴喜饮，粪便稀溏，舌质淡，苔薄白或久泻脱肛、子宫脱垂等。因此应选择柴胡。",
"sx_all":"1",
"sx_wrong":"0"
},
{
"sx_id":"269",
"sx_type":"15",
"sx_title":"平肝药",
"sx_subject":"具有平肝息风作用的药物是（2010真题下60）",
"sx_answera":"天麻",
"sx_answerb":"杜仲",
"sx_answerc":"山药",
"sx_answerd":"麻黄",
"sx_answere":"桑叶",
"sx_answer":"A",
"sx_analyze":"平肝息风药主要有天麻、钩藤、全蝎、蜈蚣、僵蚕等。",
"sx_all":"1",
"sx_wrong":"0"
},
{
"sx_id":"270",
"sx_type":"15",
"sx_title":"平肝药",
"sx_subject":"用于治疗肝火上炎，目赤肿痛的方剂是（2012真题下60）&nbsp;",
"sx_answera":"独活散",
"sx_answerb":"牡蛎散 ",
"sx_answerc":"决明散    ",
"sx_answerd":"巴戟散",
"sx_answere":"茴香散",
"sx_answer":"C",
"sx_analyze":"决明散：功能清肝明目，退翳消淤。主治肝经积热，外传于眼所致的目赤肿痛，云翳遮睛等。",
"sx_all":"1",
"sx_wrong":"0"
},
{
"sx_id":"272",
"sx_type":"15",
"sx_title":"平肝药",
"sx_subject":"具有清肝明目、退翳消瘀作用的方剂是（2013真题下59）",
"sx_answera":"桃花散",
"sx_answerb":"青黛散",
"sx_answerc":"冰硼散 ",
"sx_answerd":"决明散",
"sx_answere":"牵正散",
"sx_answer":"D",
"sx_analyze":"决明散，功能清肝明目，退翳消淤。主治肝经积热，外传于眼所致的目赤肿痛，云翳遮睛等。\n<br>",
"sx_all":"1",
"sx_wrong":"0"
},
{
"sx_id":"274",
"sx_type":"15",
"sx_title":"针灸",
"sx_subject":"位于犬最后颈椎与第一胸椎棘突之间的穴位是&nbsp;",
"sx_answera":"绍风穴",
"sx_answerb":"大椎穴",
"sx_answerc":"百会穴",
"sx_answerd":"抢风穴",
"sx_answere":"环跳穴",
"sx_answer":"B",
"sx_analyze":"大椎：第七颈椎与第一胸椎棘突间的凹陷中，一穴。主治发热、咳嗽、风湿症、癫痫。",
"sx_all":"1",
"sx_wrong":"0"
},
{
"sx_id":"276",
"sx_type":"15",
"sx_title":"针灸",
"sx_subject":"某犬，肩臂部受到冲撞后发病。证见站立时肘关节外展，运步时前脚尖着地，触诊前臂前外侧面反应迟钝。针刺治疗可选用的穴位是",
"sx_answera":"绍风穴     ",
"sx_answerb":"大椎穴   ",
"sx_answerc":"百会穴",
"sx_answerd":"抢风穴  ",
"sx_answere":"环跳穴 ",
"sx_answer":"D",
"sx_analyze":"抢风：肩关节后方，三角肌后缘、臂三头肌长头和外头形成的凹陷中，左右肢各一穴。主治前肢神经麻痹，扭伤，风湿症。本题中的犬根据症状可诊断为前肢神经麻痹、扭伤，所以可针刺抢风穴进行治疗。",
"sx_all":"1",
"sx_wrong":"0"
},
{
"sx_id":"278",
"sx_type":"15",
"sx_title":"针灸",
"sx_subject":"位于犬尾根与肛门之间的穴位是（2012真题下127）",
"sx_answera":"尾根",
"sx_answerb":"尾本 ",
"sx_answerc":"后海",
"sx_answerd":"肾俞",
"sx_answere":"脾俞",
"sx_answer":"C",
"sx_analyze":"后海：位于尾根与肛门间的凹陷中，一穴。主治泄泻、便秘、脱肛、阳痿。",
"sx_all":"1",
"sx_wrong":"0"
},
{
"sx_id":"281",
"sx_type":"15",
"sx_title":"针灸",
"sx_subject":"电针治疗马结症常用的穴位是（2012真题下128）",
"sx_answera":"抢风",
"sx_answerb":"前三里",
"sx_answerc":"关元俞",
"sx_answerd":"后三里",
"sx_answere":"邪气",
"sx_answer":"C",
"sx_analyze":"关元俞：最后肋骨后缘，距背中线12cm的髂肋肌沟中，左右侧各一穴。主治结症，肚胀，泄泻，冷痛，腰脊疼痛。常用电针治疗。",
"sx_all":"1",
"sx_wrong":"0"
},
{
"sx_id":"283",
"sx_type":"15",
"sx_title":"针灸",
"sx_subject":"治疗马热喘适宜的针灸穴位是（2013真题下60）",
"sx_answera":"开天      ",
"sx_answerb":"鼻俞  ",
"sx_answerc":"睛俞 ",
"sx_answerd":"肷俞",
"sx_answere":"阴俞   ",
"sx_answer":"B",
"sx_analyze":"肺开窍于鼻。针灸马鼻俞穴主治肺热、感冒、中暑、鼻肿痛。",
"sx_all":"1",
"sx_wrong":"0"
},
{
"sx_id":"285",
"sx_type":"15",
"sx_title":"针灸",
"sx_subject":"位于犬最后腰椎与第一荐椎之间的穴位是（2013真题下127）",
"sx_answera":"大椎",
"sx_answerb":"悬枢",
"sx_answerc":"百会",
"sx_answerd":"命门",
"sx_answere":"阳关",
"sx_answer":"C",
"sx_analyze":"犬百会穴：位于犬最后腰椎与第一荐椎棘突间的凹陷中，一穴。",
"sx_all":"1",
"sx_wrong":"0"
},
{
"sx_id":"287",
"sx_type":"15",
"sx_title":"针灸",
"sx_subject":"巧治马脱肛的穴位是（2013真题下128）",
"sx_answera":"百会 ",
"sx_answerb":"阴脱  ",
"sx_answerc":"莲花 ",
"sx_answerd":"尾根",
"sx_answere":"尾尖",
"sx_answer":"C",
"sx_analyze":"马莲花穴即脱出的直肠黏膜，脱肛时用此穴。\n<br>针法：巧治。用温水洗净，除去坏死淤膜，以2％明矾水和硼酸水冲洗，再涂以植物油，缓缓纳入。\n<br>",
"sx_all":"1",
"sx_wrong":"0"
},
{
"sx_id":"290",
"sx_type":"15",
"sx_title":"病症防治",
"sx_subject":"中兽医辨证犬黄疸属于阳黄的主要特点是（2010真题下123）",
"sx_answera":"不能转化为阴黄 ",
"sx_answerb":"病程长，常有发热",
"sx_answerc":"病程短，虚象明显 ",
"sx_answerd":"可视黏膜发黄，黄色鲜明",
"sx_answere":"可视黏膜发黄，黄色晦暗 ",
"sx_answer":"D",
"sx_analyze":"黄疸的辩证，主要是分辨阳黄和阴黄。阳黄病程较短，可视黏膜发黄，黄色鲜明，属于实热证；阴黄病程较长，可视黏膜发黄，黄色晦暗，属于虚证。",
"sx_all":"1",
"sx_wrong":"0"
},
{
"sx_id":"292",
"sx_type":"15",
"sx_title":"病症防治",
"sx_subject":"马患热喘证的典型证候为（2010真题下128）&nbsp;",
"sx_answera":"咳嗽气喘，鼻流清涕",
"sx_answerb":"呼吸喘促，呼出气热",
"sx_answerc":"形寒肢冷，动则喘甚       ",
"sx_answerd":"精神倦怠，呼多吸少",
"sx_answere":"喘声低微，日轻夜重 ",
"sx_answer":"B",
"sx_analyze":"热喘：发病急，呼吸喘促，呼出气热，肷肋煽动，大便干燥，小便短赤，体温升高，间或咳嗽或流黄黏鼻液，出汗。",
"sx_all":"1",
"sx_wrong":"0"
},
{
"sx_id":"293",
"sx_type":"15",
"sx_title":"病症防治",
"sx_subject":"一牛发病，证见精神沉郁，食欲减少，口渴多饮，泻粪黏腻腥臭，尿短赤，轻微腹痛，口色红，舌苔黄厚，脉象沉数。&nbsp;\n<br>该病证可辨证为&nbsp;",
"sx_answera":"热泻",
"sx_answerb":"寒泻     ",
"sx_answerc":"伤食泻 ",
"sx_answerd":"脾虚泻  ",
"sx_answere":"肾虚泻 ",
"sx_answer":"A",
"sx_analyze":"热泻：发热，食欲减少，腹痛起卧，口渴多饮，泻粪黏腻腥臭甚至脓血混杂，尿液短赤，口色红黄，舌苔黄厚，脉象沉数。治法：清肠泄热解毒。",
"sx_all":"1",
"sx_wrong":"0"
},
{
"sx_id":"297",
"sx_type":"15",
"sx_title":"病症防治",
"sx_subject":"一牛发病，证见精神沉郁，食欲减少，口渴多饮，泻粪黏腻腥臭，尿短赤，轻微腹痛，口色红，舌苔黄厚，脉象沉数。\n<br>该病证的治法为&nbsp;",
"sx_answera":"温中止泻",
"sx_answerb":"清热止泻 ",
"sx_answerc":"消食止泻",
"sx_answerd":"健脾止泻",
"sx_answere":"补肾止泻",
"sx_answer":"B",
"sx_analyze":"热泻：发热，食欲减少，腹痛起卧，口渴多饮，泻粪黏腻腥臭甚至脓血混杂，尿液短赤，口色红黄，舌苔黄厚，脉象沉数。治法：清肠泄热解毒。",
"sx_all":"1",
"sx_wrong":"0"
},
{
"sx_id":"299",
"sx_type":"15",
"sx_title":"病症防治",
"sx_subject":"春季，一3月龄幼犬，突然出现咳嗽，证见发热，咳嗽声高，鼻流黏涕，呼出气热，舌苔薄黄，口红津少，脉浮数。&nbsp;\n<br>该犬的咳嗽可辨证为&nbsp;",
"sx_answera":"风寒咳嗽 ",
"sx_answerb":"风热咳嗽 ",
"sx_answerc":"气虚咳嗽",
"sx_answerd":"肺热咳嗽",
"sx_answere":"阴虚咳嗽",
"sx_answer":"B",
"sx_analyze":"风热咳嗽多因外感风热之邪，以致肺气宣降失常。见于风热感冒、急性支气管炎、咽喉炎等病程中。以咳嗽和风热表证共见为特点。体表发热，咳嗽，声音宏大，鼻流粘涕，口渴贪饮，舌苔薄黄，口色短津，脉象浮数。",
"sx_all":"1",
"sx_wrong":"0"
},
{
"sx_id":"301",
"sx_type":"15",
"sx_title":"病症防治",
"sx_subject":"春季，一3月龄幼犬，突然出现咳嗽，证见发热，咳嗽声高，鼻流黏涕，呼出气热，舌苔薄黄，口红津少，脉浮数。\n<br>引起该犬咳嗽的病因是&nbsp;",
"sx_answera":"运动过度",
"sx_answerb":"饥饱不均     ",
"sx_answerc":"痰浊内生",
"sx_answerd":"虚火伤肺  ",
"sx_answere":"外感风热 ",
"sx_answer":"E",
"sx_analyze":"风热咳嗽多因外感风热之邪，以致肺气宣降失常。见于风热感冒、急性支气管炎、咽喉炎等病程中。以咳嗽和风热表证共见为特点。体表发热，咳嗽，声音宏大，鼻流粘涕，口渴贪饮，舌苔薄黄，口色短津，脉象浮数。\n<br>治则：疏风散热，止咳平嗽\n<br>",
"sx_all":"1",
"sx_wrong":"0"
},
{
"sx_id":"304",
"sx_type":"15",
"sx_title":"病症防治",
"sx_subject":"春季，一3月龄幼犬，突然出现咳嗽，证见发热，咳嗽声高，鼻流黏涕，呼出气热，舌苔薄黄，口红津少，脉浮数。\n<br>治疗该病应选用&nbsp;&nbsp;",
"sx_answera":"麻黄汤 ",
"sx_answerb":"银翘散 ",
"sx_answerc":"清肺散     ",
"sx_answerd":"四君子汤  ",
"sx_answere":"百合固金汤 ",
"sx_answer":"B",
"sx_analyze":"银翘散：本方由清热解毒药与解表药组成，功能辛凉解表，清热解毒。常用于治疗各种家畜的风热感冒或温病初起，也用于治疗流感、急性咽喉炎、支气管炎、肺炎及某些感染性疾病初期而见有表热证者。",
"sx_all":"1",
"sx_wrong":"0"
},
{
"sx_id":"306",
"sx_type":"15",
"sx_title":"病症防治",
"sx_subject":"马，证见发热，肠燥便秘，腹痛，尿短赤，口津干燥，口色深红，舌苔黄厚，脉沉实有力。该病证可辨证为&nbsp;",
"sx_answera":"邪热犯肺",
"sx_answerb":"热入心包",
"sx_answerc":"热结肠道",
"sx_answerd":"肝胆湿热",
"sx_answere":"膀胱湿热",
"sx_answer":"C",
"sx_analyze":"热结肠道：证见发热，肠燥便秘，腹痛起卧，尿短赤，口津干燥，口色赤红，舌苔黄厚，脉沉实有力。&nbsp;治则：通便泄热",
"sx_all":"1",
"sx_wrong":"0"
},
{
"sx_id":"309",
"sx_type":"15",
"sx_title":"病症防治",
"sx_subject":"马，证见发热，肠燥便秘，腹痛，尿短赤，口津干燥，口色深红，舌苔黄厚，脉沉实有力。该病证的治法为&nbsp;&nbsp;",
"sx_answera":"清肺化痰 ",
"sx_answerb":"清心开窍",
"sx_answerc":"通便泄热 ",
"sx_answerd":"清肝利胆",
"sx_answere":"清热利湿 ",
"sx_answer":"C",
"sx_analyze":"热结肠道：证见发热，肠燥便秘，腹痛起卧，尿短赤，口津干燥，口色赤红，舌苔黄厚，脉沉实有力。&nbsp;治则：通便泄热",
"sx_all":"1",
"sx_wrong":"0"
},
{
"sx_id":"311",
"sx_type":"15",
"sx_title":"病症防治",
"sx_subject":"马，证见发热，肠燥便秘，腹痛，尿短赤，口津干燥，口色深红，舌苔黄厚，脉沉实有力。该病证最适宜的基础方剂是&nbsp;&nbsp;",
"sx_answera":"八正散 ",
"sx_answerb":"清宫汤",
"sx_answerc":"茵陈蒿汤",
"sx_answerd":"增液承气汤 ",
"sx_answere":"麻杏石甘汤",
"sx_answer":"D",
"sx_analyze":"增液承气汤：玄参，麦冬，细生地，大黄，芒硝。滋阴增液，泄热通便。阳明温病，热结阴亏，大便秘结，口干唇燥。",
"sx_all":"1",
"sx_wrong":"0"
},
{
"sx_id":"316",
"sx_type":"15",
"sx_title":"病症防治",
"sx_subject":"牛、突然发病，证见高热，气喘，呼吸喘粗，呼出热气，食欲废绝，口渴喜饮，粪便干燥，尿短赤，鼻液黄稠，口色鲜红，舌苔黄燥，脉象洪数。\n<br>该病可辩证为",
"sx_answera":"痰喘",
"sx_answerb":"寒喘",
"sx_answerc":"热喘",
"sx_answerd":"肺虚喘    ",
"sx_answere":"肾虚喘",
"sx_answer":"C",
"sx_analyze":"热喘：发病急，呼吸喘促，呼出气热，肷肋扇动，精神沉郁，耳耷头低，食欲减少或废绝，口渴喜饮，大便干燥，小便短赤，体温升高，间或咳嗽或流黄黏鼻液，出汗。口色红燥，舌苔薄黄，脉象红数。",
"sx_all":"1",
"sx_wrong":"0"
},
{
"sx_id":"318",
"sx_type":"15",
"sx_title":"病症防治",
"sx_subject":"牛、突然发病，证见高热，气喘，呼吸喘粗，呼出热气，食欲废绝，口渴喜饮，粪便干燥，尿短赤，鼻液黄稠，口色鲜红，舌苔黄燥，脉象洪数\n<br>治疗该病证首选的方剂为",
"sx_answera":"二陈汤",
"sx_answerb":"麻杏石甘汤 ",
"sx_answerc":"止咳散 ",
"sx_answerd":"补肺汤",
"sx_answere":"蛤蚧散",
"sx_answer":"B",
"sx_analyze":"麻杏石甘汤：麻黄、杏仁、炙甘草、石膏。功能辛凉泄热，宣肺平喘。主治肺热气喘。本方是治疗肺热气喘的常用方剂，使用时以喘急身热为依据。",
"sx_all":"1",
"sx_wrong":"0"
},
{
"sx_id":"319",
"sx_type":"15",
"sx_title":"病症防治",
"sx_subject":"骡，精神沉郁，食欲减少，可视黏膜发黄，黄色晦暗，耳鼻末梢发凉，舌苔白腻，脉沉细无力。\n<br>该病可辨证为",
"sx_answera":"阴黄 ",
"sx_answerb":"阳黄",
"sx_answerc":"胃寒",
"sx_answerd":"肝阴虚",
"sx_answere":"肾阳虚",
"sx_answer":"A",
"sx_analyze":"阴黄：眼、口、鼻等可视黏膜发黄，黄色晦暗；病畜精神沉郁，四肢无力，食欲减少，耳、口、鼻、四肢末梢发凉；舌苔白腻，脉沉细无力。",
"sx_all":"1",
"sx_wrong":"0"
},
{
"sx_id":"320",
"sx_type":"15",
"sx_title":"病症防治",
"sx_subject":"骡，精神沉郁，食欲减少，可视黏膜发黄，黄色晦暗，耳鼻末梢发凉，舌苔白腻，脉沉细无力。\n<br>治疗该病证的方剂为",
"sx_answera":"消黄散",
"sx_answerb":"桂心散",
"sx_answerc":"肾气丸",
"sx_answerd":"四逆汤 ",
"sx_answere":"茵陈术附汤",
"sx_answer":"E",
"sx_analyze":"阴黄：眼、口、鼻等可视黏膜发黄，黄色晦暗；病畜精神沉郁，四肢无力，食欲减少，耳、口、鼻、四肢末梢发凉；舌苔白腻，脉沉细无力。\n<br>治法：健脾益气，温中化湿。\n<br>方例：茵陈术附汤，茵陈、白术、制附子、干姜、甘草、茯苓、猪苓、泽泻、陈皮。\n<br>针灸：针肝俞、脾俞、肾俞。\n<br>",
"sx_all":"1",
"sx_wrong":"0"
},
{
"sx_id":"321",
"sx_type":"15",
"sx_title":"病症防治",
"sx_subject":"骡，精神沉郁，食欲减少，可视黏膜发黄，黄色晦暗，耳鼻末梢发凉，舌苔白腻，脉沉细无力。\n<br>针灸治疗该病证可选的穴位为",
"sx_answera":"颈脉、胸堂",
"sx_answerb":"肝俞、脾俞  ",
"sx_answerc":"阴俞、肾堂",
"sx_answerd":"命门、百会",
"sx_answere":"穿黄、黄水",
"sx_answer":"B",
"sx_analyze":"阴黄：眼、口、鼻等可视黏膜发黄，黄色晦暗；病畜精神沉郁，四肢无力，食欲减少，耳、口、鼻、四肢末梢发凉；舌苔白腻，脉沉细无力。\n<br>治法：健脾益气，温中化湿。\n<br>方例：茵陈术附汤，茵陈、白术、制附子、干姜、甘草、茯苓、猪苓、泽泻、陈皮。\n<br>针灸：针肝俞、脾俞、肾俞。\n<br>",
"sx_all":"1",
"sx_wrong":"0"
},
{
"sx_id":"322",
"sx_type":"15",
"sx_title":"病症防治",
"sx_subject":"犬，3&nbsp;岁，排尿困难且疼痛不安，尿色鲜红，口色红，苔黄，脉数。&nbsp;\n<br>该病可辨证为",
"sx_answera":"热淋",
"sx_answerb":"血淋",
"sx_answerc":"膏淋",
"sx_answerd":"尿浊",
"sx_answere":"尿闭",
"sx_answer":"B",
"sx_analyze":"血淋：排尿困难，疼痛不安，尿中带血，尿色鲜红。舌色红，苔黄，脉数。\n<br>治法：清热利湿，凉血止血。\n<br>",
"sx_all":"1",
"sx_wrong":"0"
},
{
"sx_id":"323",
"sx_type":"15",
"sx_title":"病症防治",
"sx_subject":"犬，3&nbsp;岁，排尿困难且疼痛不安，尿色鲜红，口色红，苔黄，脉数。\n<br>该病证的治法为",
"sx_answera":"清热利湿，凉血止血",
"sx_answerb":"清热利湿，化石通淋",
"sx_answerc":"清热利湿，分清化浊",
"sx_answerd":"清热降火，利湿通淋",
"sx_answere":"益气升阳，化石通淋",
"sx_answer":"A",
"sx_analyze":"血淋：排尿困难，疼痛不安，尿中带血，尿色鲜红。舌色红，苔黄，脉数。\n<br>治法：清热利湿，凉血止血。\n<br>",
"sx_all":"1",
"sx_wrong":"0"
},
{
"sx_id":"324",
"sx_type":"15",
"sx_title":"病症防治",
"sx_subject":"犬，3&nbsp;岁，排尿困难且疼痛不安，尿色鲜红，口色红，苔黄，脉数。\n<br>治疗该病证宜选用的基础方剂为",
"sx_answera":"红花散",
"sx_answerb":"槐花散 ",
"sx_answerc":"四物汤 ",
"sx_answerd":"小蓟饮子",
"sx_answere":"六味地黄汤",
"sx_answer":"D",
"sx_analyze":"血淋：排尿困难，疼痛不安，尿中带血，尿色鲜红。舌色红，苔黄，脉数。\n<br>治法：清热利湿，凉血止血。\n<br>小蓟饮子：功能凉血止血，利水通淋。主治热结下焦之血淋、尿血。\n<br>",
"sx_all":"1",
"sx_wrong":"0"
},
{
"sx_id":"327",
"sx_type":"15",
"sx_title":"病症防治",
"sx_subject":"京巴犬，3岁，患病6月余，体瘦毛焦，食少，久泻不止，粪便稀溏，舌淡苔白，脉细。\n<br>该病可辩证为",
"sx_answera":"冷肠泄泻 ",
"sx_answerb":"脾虚泄泻    ",
"sx_answerc":"温热泄泻",
"sx_answerd":"温热痢疾",
"sx_answere":"虚寒痢疾",
"sx_answer":"B",
"sx_analyze":"脾虚泻：发病缓慢，病程较长。病畜身形羸弱，毛焦肷吊，病初食欲减少，饮水增多，鼻寒耳冷，腹内肠鸣，不时作泻。粪中带水，粪渣粗大，或完谷不化，舌色淡白，舌面无苔，脉象迟缓。后期，水湿下注，四肢浮肿。治法：补脾益气，健脾运湿。方例：参苓白术散或补中益气汤。\n",
"sx_all":"1",
"sx_wrong":"0"
},
{
"sx_id":"329",
"sx_type":"15",
"sx_title":"病症防治",
"sx_subject":"京巴犬，3岁，患病6月余，体瘦毛焦，食少，久泻不止，粪便稀溏，舌淡苔白，脉细。\n<br>该病证的治法为",
"sx_answera":"消食止泻 ",
"sx_answerb":"温中散寒 ",
"sx_answerc":"补中益气    ",
"sx_answerd":"行气和血",
"sx_answere":"清热燥湿",
"sx_answer":"C",
"sx_analyze":"脾虚泻：发病缓慢，病程较长。病畜身形羸弱，毛焦肷吊，病初食欲减少，饮水增多，鼻寒耳冷，腹内肠鸣，不时作泻。粪中带水，粪渣粗大，或完谷不化，舌色淡白，舌面无苔，脉象迟缓。后期，水湿下注，四肢浮肿。治法：补脾益气，健脾运湿。方例：参苓白术散或补中益气汤。\n",
"sx_all":"1",
"sx_wrong":"0"
},
{
"sx_id":"332",
"sx_type":"15",
"sx_title":"病症防治",
"sx_subject":"京巴犬，3岁，患病6月余，体瘦毛焦，食少，久泻不止，粪便稀溏，舌淡苔白，脉细。\n<br>治疗该病症宜选用的基础方剂为",
"sx_answera":"橘皮散",
"sx_answerb":"保和丸 ",
"sx_answerc":"郁金散",
"sx_answerd":"猪苓散     ",
"sx_answere":"补中益气汤",
"sx_answer":"E",
"sx_analyze":"脾虚泻：发病缓慢，病程较长。病畜身形羸弱，毛焦肷吊，病初食欲减少，饮水增多，鼻寒耳冷，腹内肠鸣，不时作泻。粪中带水，粪渣粗大，或完谷不化，舌色淡白，舌面无苔，脉象迟缓。后期，水湿下注，四肢浮肿。治法：补脾益气，健脾运湿。方例：参苓白术散或补中益气汤。\n",
"sx_all":"1",
"sx_wrong":"0"
}
]
}