{
"RECORDS":[
{
"sx_id":"76",
"sx_type":"2",
"sx_title":"概述",
"sx_subject":"畜禽机体结构和功能的基本单位是",
"sx_answera":"细胞",
"sx_answerb":"组织 ",
"sx_answerc":"器官   ",
"sx_answerd":"系统",
"sx_answere":"体系",
"sx_answer":"A",
"sx_analyze":"动物体的最基本结构和功能单位是细胞。它是机体进行新陈代谢、生长发育和繁殖分化的形态基础。",
"sx_all":"1",
"sx_wrong":"0"
},
{
"sx_id":"77",
"sx_type":"2",
"sx_title":"概述",
"sx_subject":"动物进行新陈代谢、生长发育和繁殖分化的形态学基础是",
"sx_answera":"细胞 ",
"sx_answerb":"组织",
"sx_answerc":"器官",
"sx_answerd":"系统",
"sx_answere":"细胞器",
"sx_answer":"A",
"sx_analyze":"动物体最基本的结构和功能单位是细胞。它是机体进行新陈代谢、生长发育和繁殖分化的形态基础。",
"sx_all":"1",
"sx_wrong":"0"
},
{
"sx_id":"78",
"sx_type":"2",
"sx_title":"概述",
"sx_subject":"粗面内质网和滑面内质网在电镜下的主要区别是根据其表面是否附有",
"sx_answera":"中心体  ",
"sx_answerb":"核糖体",
"sx_answerc":"溶酶体",
"sx_answerd":"微体 ",
"sx_answere":"高尔基复合体",
"sx_answer":"B",
"sx_analyze":"内质网根据其表面是否附着有核糖体，可分为粗面内质网和滑面内质网。前者参与合成和运输蛋白质，后者是脂质合成的场所。",
"sx_all":"1",
"sx_wrong":"0"
},
{
"sx_id":"79",
"sx_type":"2",
"sx_title":"骨骼",
"sx_subject":"鼻腔黏膜发炎常波及的腔窦是",
"sx_answera":"血窦",
"sx_answerb":"淋巴窦",
"sx_answerc":"上颌窦 ",
"sx_answerd":"冠状窦 ",
"sx_answere":"静脉窦",
"sx_answer":"C",
"sx_analyze":"鼻旁窦包括上颌窦、额窦、蝶腭窦和筛窦，其内的黏膜和鼻腔黏膜相延续，当鼻腔黏膜发炎时，常蔓延到鼻旁窦，引起鼻旁窦炎。",
"sx_all":"1",
"sx_wrong":"0"
},
{
"sx_id":"80",
"sx_type":"2",
"sx_title":"骨骼",
"sx_subject":"组成胸廓的骨骼包括",
"sx_answera":"胸椎、肋和胸骨 ",
"sx_answerb":"胸椎、肋和肱骨",
"sx_answerc":"胸椎、肋和腰椎  ",
"sx_answerd":"胸椎、肋和肩胛骨",
"sx_answere":"胸骨、肋和肩胛骨",
"sx_answer":"A",
"sx_analyze":"胸廓是由背侧的胸椎、两侧的肋骨和肋软骨以及腹侧的胸骨围成的胸部的轮廓。",
"sx_all":"1",
"sx_wrong":"0"
},
{
"sx_id":"81",
"sx_type":"2",
"sx_title":"骨骼",
"sx_subject":"牛胸椎的椎弓和椎体围成&nbsp;",
"sx_answera":"椎管 ",
"sx_answerb":"椎孔 ",
"sx_answerc":"椎间孔",
"sx_answerd":"横突孔 ",
"sx_answere":"椎骨切迹",
"sx_answer":"B",
"sx_analyze":"椎骨的基本构造包括椎体、椎弓和突起。椎体与椎弓共同围成椎孔，所有的椎孔连接起来就构成了椎管，容纳脊髓。",
"sx_all":"1",
"sx_wrong":"0"
},
{
"sx_id":"82",
"sx_type":"2",
"sx_title":"骨骼",
"sx_subject":"家畜的髋骨包括",
"sx_answera":"髂骨、股骨、坐骨   ",
"sx_answerb":"髂骨、坐骨、膝盖骨",
"sx_answerc":"髂骨、膝盖骨、耻骨",
"sx_answerd":"膝盖骨、耻骨、坐骨",
"sx_answere":"髂骨、坐骨、耻骨",
"sx_answer":"E",
"sx_analyze":"髋骨由髂骨、坐骨和耻骨结合而成。三块骨在外侧中部结合处形成的关节窝，称为髋臼。",
"sx_all":"1",
"sx_wrong":"0"
},
{
"sx_id":"83",
"sx_type":"2",
"sx_title":"关节",
"sx_subject":"关节的基本构造包括",
"sx_answera":"关节囊、关节腔、关节韧带、籽骨 ",
"sx_answerb":"关节囊、关节腔、关节软骨、籽骨",
"sx_answerc":"关节囊、关节面、关节软骨、籽骨 ",
"sx_answerd":"关节囊、关节腔、关节盘、关节软骨",
"sx_answere":"关节囊、关节腔、关节面、关节软骨",
"sx_answer":"E",
"sx_analyze":"关节的基本结构包括关节面、关节囊、关节腔和关节软骨。",
"sx_all":"1",
"sx_wrong":"0"
},
{
"sx_id":"84",
"sx_type":"2",
"sx_title":"关节",
"sx_subject":"关节中分泌滑液的部分是",
"sx_answera":"韧带",
"sx_answerb":"黏液囊",
"sx_answerc":" 滑膜层",
"sx_answerd":" 纤维层 ",
"sx_answere":" 关节软骨",
"sx_answer":"C",
"sx_analyze":"关节囊分为内外两层，外层为纤维层，内层为滑膜层。滑膜可分泌滑液，有营养软骨和润滑关节的作用。",
"sx_all":"1",
"sx_wrong":"0"
},
{
"sx_id":"85",
"sx_type":"2",
"sx_title":"关节",
"sx_subject":"牛股膝关节前方具有",
"sx_answera":"3条膝直韧带 ",
"sx_answerb":"2条膝直韧带 ",
"sx_answerc":"1条膝直韧带  ",
"sx_answerd":"十字韧带 ",
"sx_answere":"圆韧带 ",
"sx_answer":"A",
"sx_analyze":"股膝关节除有内外侧副韧带外，在其前方还有3条强大的膝直韧带（即膝外直韧带、膝中直韧带和膝内直韧带），起自膝盖骨，止于胫骨近端的胫骨粗隆，将膝盖骨连于胫骨近端。",
"sx_all":"1",
"sx_wrong":"0"
},
{
"sx_id":"86",
"sx_type":"2",
"sx_title":"关节",
"sx_subject":"构成哺乳动物肩关节的骨骼是",
"sx_answera":"肱骨和前臂骨 ",
"sx_answerb":"前臂骨和腕骨",
"sx_answerc":"腕骨和掌骨  ",
"sx_answerd":"掌骨和指骨",
"sx_answere":"肩胛骨和肱骨",
"sx_answer":"E",
"sx_analyze":"肩关节由肩胛骨的肩臼和肱骨头构成。",
"sx_all":"1",
"sx_wrong":"0"
},
{
"sx_id":"87",
"sx_type":"2",
"sx_title":"肌肉",
"sx_subject":"组成家畜颈静脉沟的肌肉是",
"sx_answera":"胸肌和斜角肌 ",
"sx_answerb":"胸头肌和臂头肌",
"sx_answerc":"肋间肌和胸头肌",
"sx_answerd":"斜角肌和臂头肌",
"sx_answere":"背最长肌和胸头肌",
"sx_answer":"B",
"sx_analyze":"胸头肌和臂头肌之间形成颈静脉沟，沟内有颈静脉。",
"sx_all":"1",
"sx_wrong":"0"
},
{
"sx_id":"88",
"sx_type":"2",
"sx_title":"肌肉",
"sx_subject":"组成腹股沟管的肌肉是",
"sx_answera":"腹直肌与腹横肌",
"sx_answerb":"腹内斜肌与腹直肌 ",
"sx_answerc":"腹外斜肌与腹直肌  ",
"sx_answerd":"腹横肌与腹内斜肌 ",
"sx_answere":"腹内斜肌与腹外斜肌 ",
"sx_answer":"E",
"sx_analyze":"腹股沟管的内口通腹腔，称腹环，由腹内斜肌和腹股沟韧带围成；外口通皮下，称皮下环，是腹外斜肌腱膜上的一个裂孔。",
"sx_all":"1",
"sx_wrong":"0"
},
{
"sx_id":"89",
"sx_type":"2",
"sx_title":" 肌肉",
"sx_subject":"草食家畜腹壁肌外面被覆的深筋膜含有大量的弹性纤维，称为",
"sx_answera":"腹白膜",
"sx_answerb":"腹黄膜 ",
"sx_answerc":"腹横筋膜  ",
"sx_answerd":"腹膜壁层 ",
"sx_answere":"A、腹膜脏层",
"sx_answer":"B",
"sx_analyze":"在牛和马等草食性动物，腹壁肌外包的深筋膜含有大量的弹性纤维，呈黄色，称为腹黄膜。",
"sx_all":"1",
"sx_wrong":"0"
},
{
"sx_id":"90",
"sx_type":"2",
"sx_title":"肌肉",
"sx_subject":"组成牛跟（总）腱的肌肉是",
"sx_answera":"腓肠肌、趾浅屈肌、臀股二头肌",
"sx_answerb":"腓肠肌、趾深屈肌、臀股二头肌",
"sx_answerc":"腓肠肌、趾浅屈肌、股四头肌",
"sx_answerd":"腓肠肌、趾深屈肌、股四头肌",
"sx_answere":"腓肠肌、趾浅屈肌、趾深屈肌",
"sx_answer":"A",
"sx_analyze":"腓肠肌腱以及附着于跟结节的趾浅屈肌腱、股二头肌腱和半腱肌腱合成腱索，称为跟总腱。\n<br>",
"sx_all":"1",
"sx_wrong":"0"
},
{
"sx_id":"91",
"sx_type":"2",
"sx_title":"被皮",
"sx_subject":"皮内注射是把药物注入到",
"sx_answera":"表皮  ",
"sx_answerb":"真皮 ",
"sx_answerc":"基底层 ",
"sx_answerd":"网状层",
"sx_answere":"皮下组织",
"sx_answer":"B",
"sx_analyze":"皮肤分为表皮、真皮和皮下组织三层。临床上的皮内注射就是将药液注入真皮层内。",
"sx_all":"1",
"sx_wrong":"0"
},
{
"sx_id":"92",
"sx_type":"2",
"sx_title":"被皮",
"sx_subject":"给马钉蹄铁的标志位置是",
"sx_answera":"蹄壁 ",
"sx_answerb":"蹄球",
"sx_answerc":"蹄叉",
"sx_answerd":"蹄白线",
"sx_answere":"蹄真皮 ",
"sx_answer":"D",
"sx_analyze":"蹄白线由角质小叶层向蹄底延伸而成，将蹄底角质与蹄壁角质下缘分开。蹄白线是钉蹄铁的标志。",
"sx_all":"1",
"sx_wrong":"0"
},
{
"sx_id":"93",
"sx_type":"2",
"sx_title":"被皮",
"sx_subject":"牛上唇中部与两鼻孔之间形成的特殊结构为",
"sx_answera":"唇裂  ",
"sx_answerb":"鼻镜",
"sx_answerc":"吻突  ",
"sx_answerd":"鼻唇镜",
"sx_answere":"人中",
"sx_answer":"D",
"sx_analyze":"牛在上唇中部与两鼻孔之间的无毛区，称为鼻唇镜。",
"sx_all":"1",
"sx_wrong":"0"
},
{
"sx_id":"94",
"sx_type":"2",
"sx_title":"消化",
"sx_subject":"胃底腺中能分泌盐酸的细胞是",
"sx_answera":"主细胞",
"sx_answerb":"壁细胞",
"sx_answerc":"银亲和细胞 ",
"sx_answerd":"颈黏液细胞 ",
"sx_answere":"内分泌细胞",
"sx_answer":"B",
"sx_analyze":"有腺部细胞主要有4种，主细胞分泌胃蛋白酶原，壁细胞分泌盐酸，颈黏液细胞分泌黏液，内分泌细胞有内分泌功能。",
"sx_all":"1",
"sx_wrong":"0"
},
{
"sx_id":"95",
"sx_type":"2",
"sx_title":"消化",
"sx_subject":"胃底腺中能分泌胃蛋白酶原的细胞是",
"sx_answera":"主细胞 ",
"sx_answerb":"壁细胞 ",
"sx_answerc":"银亲和细胞 ",
"sx_answerd":"颈黏液细胞",
"sx_answere":"内分泌细胞 ",
"sx_answer":"A",
"sx_analyze":"有腺部细胞主要有4种，主细胞分泌胃蛋白酶原，壁细胞分泌盐酸，颈黏液细胞分泌黏液，内分泌细胞有内分泌功能。\n<br>",
"sx_all":"1",
"sx_wrong":"0"
},
{
"sx_id":"96",
"sx_type":"2",
"sx_title":"消化",
"sx_subject":"胃腺细胞中，细胞大而圆，胞质呈嗜酸性染色，分泌盐酸的细胞是",
"sx_answera":"主细胞",
"sx_answerb":"壁细胞",
"sx_answerc":"柱状细胞",
"sx_answerd":"银亲和细胞",
"sx_answere":"颈黏液细胞 ",
"sx_answer":"B",
"sx_analyze":"单室胃的有腺部分为贲门腺区、幽门腺区和胃底腺区。其中胃底腺区的细胞主要有4种，主细胞分泌胃蛋白酶原，壁细胞分泌盐酸，颈黏液细胞分泌黏液，内分泌细胞有内分泌功能。",
"sx_all":"1",
"sx_wrong":"0"
},
{
"sx_id":"97",
"sx_type":"2",
"sx_title":"消化",
"sx_subject":"胃腺细胞中，细胞呈柱状，细胞质为嗜碱性染色，分泌胃蛋白酶原的细胞是",
"sx_answera":"主细胞",
"sx_answerb":"壁细胞",
"sx_answerc":"柱状细胞",
"sx_answerd":"银亲和细胞",
"sx_answere":"颈黏液细胞 ",
"sx_answer":"A",
"sx_analyze":"单室胃的有腺部分为贲门腺区、幽门腺区和胃底腺区。其中胃底腺区的细胞主要有4种，主细胞分泌胃蛋白酶原，壁细胞分泌盐酸，颈黏液细胞分泌黏液，内分泌细胞有内分泌功能。",
"sx_all":"1",
"sx_wrong":"0"
},
{
"sx_id":"98",
"sx_type":"2",
"sx_title":"消化",
"sx_subject":"反刍动物的胃中，起化学消化作用的胃是",
"sx_answera":"前胃",
"sx_answerb":"瘤胃  ",
"sx_answerc":"皱胃 ",
"sx_answerd":"瓣胃",
"sx_answere":"网胃",
"sx_answer":"C",
"sx_analyze":"皱胃黏膜表面被覆单层柱状上皮，黏膜内有腺体，可以进行化学性消化。",
"sx_all":"1",
"sx_wrong":"0"
},
{
"sx_id":"99",
"sx_type":"2",
"sx_title":"消化",
"sx_subject":"升结肠形成圆锥状肠袢的是",
"sx_answera":"马 ",
"sx_answerb":"牛 ",
"sx_answerc":"猪",
"sx_answerd":"犬",
"sx_answere":"兔",
"sx_answer":"C",
"sx_analyze":"马的升结肠成双层马蹄铁形，猪的升结肠成圆锥状，牛的升结肠成圆盘状。",
"sx_all":"1",
"sx_wrong":"0"
},
{
"sx_id":"100",
"sx_type":"2",
"sx_title":"消化",
"sx_subject":"升结肠形成圆盘状肠袢的是",
"sx_answera":"马 ",
"sx_answerb":"牛",
"sx_answerc":"猪 ",
"sx_answerd":"犬 ",
"sx_answere":"兔",
"sx_answer":"B",
"sx_analyze":"马的升结肠成双层马蹄铁形，猪的升结肠成圆锥状，牛的升结肠成圆盘状。",
"sx_all":"1",
"sx_wrong":"0"
},
{
"sx_id":"101",
"sx_type":"2",
"sx_title":"消化",
"sx_subject":"牛为多室胃动物，成年牛容积最大的胃是",
"sx_answera":"腺胃",
"sx_answerb":"瓣胃",
"sx_answerc":"网胃",
"sx_answerd":"瘤胃",
"sx_answere":"皱胃",
"sx_answer":"D",
"sx_analyze":"成年牛的瘤胃最大，几乎占据整个腹腔左侧。",
"sx_all":"1",
"sx_wrong":"0"
},
{
"sx_id":"102",
"sx_type":"2",
"sx_title":"消化",
"sx_subject":"牛皱胃的黏膜上皮为",
"sx_answera":"单层扁平上皮",
"sx_answerb":"单层柱状上皮",
"sx_answerc":"单层立方上皮",
"sx_answerd":"复层扁平上皮",
"sx_answere":"假复层纤毛上皮",
"sx_answer":"B",
"sx_analyze":"皱胃黏膜表面被覆单层柱状上皮，黏膜内有腺体，可以进行化学性消化。",
"sx_all":"1",
"sx_wrong":"0"
},
{
"sx_id":"103",
"sx_type":"2",
"sx_title":"呼吸",
"sx_subject":"肺进行气体交换的最主要场所是",
"sx_answera":"肺泡",
"sx_answerb":"肺泡囊  ",
"sx_answerc":"肺泡管",
"sx_answerd":"细支气管  ",
"sx_answere":"呼吸性细支气管",
"sx_answer":"A",
"sx_analyze":"肺泡是肺进行气体交换的场所。",
"sx_all":"1",
"sx_wrong":"0"
},
{
"sx_id":"104",
"sx_type":"2",
"sx_title":"呼吸",
"sx_subject":"固有鼻腔呼吸区黏膜上皮类型是",
"sx_answera":"变移上皮 ",
"sx_answerb":"单层扁平上皮 ",
"sx_answerc":"单层柱状上皮  ",
"sx_answerd":"复层扁平上皮 ",
"sx_answere":"假复层柱状纤毛上皮 ",
"sx_answer":"E",
"sx_analyze":"固有鼻腔根据黏膜性质分为呼吸区和嗅区，呼吸区被覆假复层柱状纤毛上皮；嗅区被覆嗅上皮。",
"sx_all":"1",
"sx_wrong":"0"
},
{
"sx_id":"105",
"sx_type":"2",
"sx_title":"呼吸",
"sx_subject":"呼吸系统中，真正执行气体交换功能的器官是",
"sx_answera":"鼻 ",
"sx_answerb":"咽 ",
"sx_answerc":"喉 ",
"sx_answerd":"肺",
"sx_answere":"气管",
"sx_answer":"D",
"sx_analyze":"鼻、咽、喉、气管和支气管是气体出入肺的通道，称为呼吸道；肺是气体交换的器官，肺泡是肺进行气体交换的场所。",
"sx_all":"1",
"sx_wrong":"0"
},
{
"sx_id":"106",
"sx_type":"2",
"sx_title":"呼吸",
"sx_subject":"固有鼻腔呼吸区黏膜上皮类型是",
"sx_answera":"复层扁平上皮",
"sx_answerb":"单层扁平上皮",
"sx_answerc":"单层柱状上皮",
"sx_answerd":"假复层柱状纤毛上皮",
"sx_answere":"变移上皮",
"sx_answer":"D",
"sx_analyze":"固有鼻腔根据黏膜性质分为呼吸区和嗅区，呼吸区被覆假复层柱状纤毛上皮；嗅区被覆嗅上皮。",
"sx_all":"1",
"sx_wrong":"0"
},
{
"sx_id":"107",
"sx_type":"2",
"sx_title":"呼吸",
"sx_subject":"喉软骨中成对的是",
"sx_answera":"会厌软骨",
"sx_answerb":"甲状软骨",
"sx_answerc":"环状软骨",
"sx_answerd":"杓状软骨",
"sx_answere":"盘状软骨",
"sx_answer":"D",
"sx_analyze":"喉软骨有4种5块，包括环状软骨、甲状软骨、会厌软骨和成对的杓状软骨。",
"sx_all":"1",
"sx_wrong":"0"
},
{
"sx_id":"108",
"sx_type":"2",
"sx_title":"泌尿",
"sx_subject":"牛肾类型属于",
"sx_answera":"复肾 ",
"sx_answerb":"有沟多乳头肾",
"sx_answerc":"有沟单乳头肾",
"sx_answerd":"光滑多乳头肾",
"sx_answere":"光滑单乳头肾",
"sx_answer":"B",
"sx_analyze":"肾分为4种类型：复肾（熊、鲸）；有沟多乳头肾（牛）；光滑多乳头神（猪）；光滑单乳头肾（羊、马、犬等）。",
"sx_all":"1",
"sx_wrong":"0"
},
{
"sx_id":"109",
"sx_type":"2",
"sx_title":"泌尿",
"sx_subject":"肾外表面坚韧的结缔组织膜构成",
"sx_answera":"滑膜",
"sx_answerb":"浆膜",
"sx_answerc":"上皮 ",
"sx_answerd":"纤维囊",
"sx_answere":"脂肪囊 ",
"sx_answer":"D",
"sx_analyze":"肾外面包有厚层的脂肪，称脂肪囊，其深面有结缔组织构成的纤维囊。",
"sx_all":"1",
"sx_wrong":"0"
},
{
"sx_id":"110",
"sx_type":"2",
"sx_title":"泌尿",
"sx_subject":"犬肾为",
"sx_answera":"复肾 ",
"sx_answerb":"光滑多乳头肾 ",
"sx_answerc":"光滑单乳头肾 ",
"sx_answerd":"有沟单乳头肾",
"sx_answere":"有沟多乳头肾",
"sx_answer":"C",
"sx_analyze":"肾分为4种类型，复肾（熊、鲸）；有沟多乳头肾（牛）；光滑多乳头肾（猪）；光滑单乳头肾（羊、马、犬等）。",
"sx_all":"1",
"sx_wrong":"0"
},
{
"sx_id":"111",
"sx_type":"2",
"sx_title":"泌尿",
"sx_subject":"具有肾大盏和肾小盏，但无肾盂的家畜是",
"sx_answera":"羊 ",
"sx_answerb":"牛",
"sx_answerc":"猪",
"sx_answerd":"马",
"sx_answere":"犬",
"sx_answer":"B",
"sx_analyze":"牛肾为有沟的多乳头肾，相邻肾叶仅中部合并，肾表面以沟分开，每一肾叶仍保留独立的肾乳头。牛肾无肾盂，输尿管在肾内分为两个肾大盏，肾大盏分支形成肾小盏，肾小盏呈喇叭状，包围每一个肾乳头。",
"sx_all":"1",
"sx_wrong":"0"
},
{
"sx_id":"112",
"sx_type":"2",
"sx_title":"泌尿",
"sx_subject":"给公牛导尿带来困难的结构是",
"sx_answera":"尿道峡前方的半月形黏膜襞",
"sx_answerb":"精阜",
"sx_answerc":"尿道突",
"sx_answerd":"尿道内口",
"sx_answere":"尿道脊",
"sx_answer":"A",
"sx_analyze":"在尿道峡之前，牛和猪的黏膜形成半月形的黏膜襞，会给公畜导尿带来困难。",
"sx_all":"1",
"sx_wrong":"0"
},
{
"sx_id":"113",
"sx_type":"2",
"sx_title":"生殖",
"sx_subject":"马卵巢的特殊结构是（2009真题上28）",
"sx_answera":"卵巢囊 ",
"sx_answerb":"卵巢门 ",
"sx_answerc":"排卵窝 ",
"sx_answerd":"卵巢系膜",
"sx_answere":"卵巢固有韧带",
"sx_answer":"C",
"sx_analyze":"马的卵巢呈豆形，位于第4至第5腰椎横突腹侧，卵巢游离缘有一凹陷称为排卵窝。",
"sx_all":"1",
"sx_wrong":"0"
},
{
"sx_id":"114",
"sx_type":"2",
"sx_title":"生殖",
"sx_subject":"犬的副性腺仅有（2009真题上8l）",
"sx_answera":"尿道球 ",
"sx_answerb":"精囊腺 ",
"sx_answerc":"前列腺",
"sx_answerd":"尿道球腺 ",
"sx_answere":"输精管壶腹 ",
"sx_answer":"C",
"sx_analyze":"犬的前列腺发达，但是没有精囊腺和尿道球腺。",
"sx_all":"1",
"sx_wrong":"0"
},
{
"sx_id":"115",
"sx_type":"2",
"sx_title":"生殖",
"sx_subject":"马呈梨形囊状的副性腺称（2009真题上82）",
"sx_answera":"尿道球 ",
"sx_answerb":"精囊腺",
"sx_answerc":"前列腺 ",
"sx_answerd":"尿道球腺",
"sx_answere":"输精管壶腹",
"sx_answer":"B",
"sx_analyze":"马的精囊腺呈梨形囊状，猪的精囊腺呈三梭椎体形。",
"sx_all":"1",
"sx_wrong":"0"
},
{
"sx_id":"116",
"sx_type":"2",
"sx_title":"生殖",
"sx_subject":"具有子宫阜的家畜是（2010真题上28）&nbsp;",
"sx_answera":"马 ",
"sx_answerb":"牛 ",
"sx_answerc":"猪 ",
"sx_answerd":"犬",
"sx_answere":"兔",
"sx_answer":"B",
"sx_analyze":"牛子宫角和子宫体黏膜上有很多卵圆形隆起，称子宫阜。",
"sx_all":"1",
"sx_wrong":"0"
},
{
"sx_id":"117",
"sx_type":"2",
"sx_title":"生殖",
"sx_subject":"与其他家畜相比，犬阴茎的特殊结构是（2010真题上29）&nbsp;",
"sx_answera":"阴茎骨 ",
"sx_answerb":"阴茎头 ",
"sx_answerc":"阴茎体  ",
"sx_answerd":"阴茎根",
"sx_answere":"乙状弯曲 ",
"sx_answer":"A",
"sx_analyze":"犬的阴茎内含阴茎骨。",
"sx_all":"1",
"sx_wrong":"0"
},
{
"sx_id":"118",
"sx_type":"2",
"sx_title":"生殖",
"sx_subject":"家畜受精时，精子必须首先穿过（2010真题上30）&nbsp;",
"sx_answera":"卵泡",
"sx_answerb":"卵泡腔  ",
"sx_answerc":"透明带",
"sx_answerd":"放射冠  ",
"sx_answere":"卵细胞膜 ",
"sx_answer":"D",
"sx_analyze":"卵泡细胞由单层变为多层是卵泡开始生长的标志，由于卵泡腔的扩大及卵泡液的增多，使卵母细胞及其外周的颗粒细胞位于卵泡腔的一侧，并与周围的卵泡细胞一起凸入卵泡腔，形成卵丘。卵丘中紧贴透明带外表面的一层颗粒细胞，随卵泡发育而变为高柱状，呈放射状排列，称为放射冠。因此家畜受精时，精子必须首先穿过放射冠。",
"sx_all":"1",
"sx_wrong":"0"
},
{
"sx_id":"119",
"sx_type":"2",
"sx_title":"生殖",
"sx_subject":"只有前列腺而无精囊腺和尿道球腺的家畜是（2012真题上28）&nbsp;",
"sx_answera":"牛 ",
"sx_answerb":"犬  ",
"sx_answerc":"羊 ",
"sx_answerd":"马",
"sx_answere":"猪",
"sx_answer":"B",
"sx_analyze":"犬的前列腺发达，但是没有精囊腺和尿道球腺。",
"sx_all":"1",
"sx_wrong":"0"
},
{
"sx_id":"120",
"sx_type":"2",
"sx_title":"生殖",
"sx_subject":"马卵巢呈豆形，位于（2012真题上29）&nbsp;&nbsp;&nbsp;",
"sx_answera":"第2-3腰椎横突腹侧",
"sx_answerb":"第4-5腰椎横突腹侧 ",
"sx_answerc":"第6-7腰椎横突腹侧  ",
"sx_answerd":"骨盆腔内",
"sx_answere":"腹腔内，耻骨前缘前下方 ",
"sx_answer":"B",
"sx_analyze":"马的卵巢呈豆形，位于第4至第5腰椎横突腹侧，卵巢游离缘有一凹陷称为排卵窝。",
"sx_all":"1",
"sx_wrong":"0"
},
{
"sx_id":"121",
"sx_type":"2",
"sx_title":"生殖",
"sx_subject":"孕育胎儿的肌质器官是（2012真题上30）&nbsp;",
"sx_answera":"卵巢",
"sx_answerb":"输卵管  ",
"sx_answerc":"子宫 ",
"sx_answerd":"阴道",
"sx_answere":"阴道前庭和阴门",
"sx_answer":"C",
"sx_analyze":"子宫为孕育胎儿的肌质器官。分为子宫角、子宫体和子宫颈。",
"sx_all":"1",
"sx_wrong":"0"
},
{
"sx_id":"122",
"sx_type":"2",
"sx_title":"生殖",
"sx_subject":"睾丸中有神经、血管进入的一端是（2013真题上31）",
"sx_answera":"头端",
"sx_answerb":"尾端",
"sx_answerc":"附睾缘 ",
"sx_answerd":"游离缘",
"sx_answere":"睾丸固有韧带",
"sx_answer":"A",
"sx_analyze":"睾丸是产生精子和分泌雄激素的器官。有血管和神经进入的一端为睾丸的头端，与其相对的一端为尾端。",
"sx_all":"1",
"sx_wrong":"0"
},
{
"sx_id":"123",
"sx_type":"2",
"sx_title":"生殖",
"sx_subject":"在初级卵泡的卵母细胞与颗粒细胞之间出现一层嗜酸性、折光性强的膜状结构是（2013真题上32）",
"sx_answera":"生殖上皮  ",
"sx_answerb":"放射冠",
"sx_answerc":"透明带 ",
"sx_answerd":"膜性黄体细胞",
"sx_answere":"粒性黄体细胞",
"sx_answer":"C",
"sx_analyze":"在初级卵泡阶段，卵泡细胞由单层变为多层，在卵母细胞和颗粒细胞之间出现一层嗜酸性、折光强的膜状结构，称透明带。",
"sx_all":"1",
"sx_wrong":"0"
},
{
"sx_id":"124",
"sx_type":"2",
"sx_title":"生殖",
"sx_subject":"羊子宫的特殊结构是（2013真题上33）",
"sx_answera":"子宫颈枕",
"sx_answerb":"子宫阜",
"sx_answerc":"子宫角",
"sx_answerd":"子宫体 ",
"sx_answere":"子宫颈",
"sx_answer":"B",
"sx_analyze":"牛、羊子宫角和子宫体黏膜上有100多个卵圆形隆起，称子宫阜。",
"sx_all":"1",
"sx_wrong":"0"
},
{
"sx_id":"125",
"sx_type":"2",
"sx_title":"心血管",
"sx_subject":"牛常用于采血的静脉是（2009真题上29）",
"sx_answera":"头静脉",
"sx_answerb":"颈外静脉",
"sx_answerc":"颈内静脉",
"sx_answerd":"颈深静脉 ",
"sx_answere":"颈浅静脉",
"sx_answer":"B",
"sx_analyze":"颈静脉包括颈外静脉和颈内静脉，马无颈内静脉。颈外静脉位于颈静脉沟里，是临床上采血、放血、输液的重要部位。",
"sx_all":"1",
"sx_wrong":"0"
},
{
"sx_id":"126",
"sx_type":"2",
"sx_title":"心血管",
"sx_subject":"牛子宫的血液供应来自（2009真题上30）",
"sx_answera":"脐动脉、臀前动脉和阴道动脉",
"sx_answerb":"卵巢动脉、脐动脉和阴道动脉",
"sx_answerc":"卵巢动脉、脐动脉和臀前动脉",
"sx_answerd":"卵巢动脉、髂外动脉和阴道动脉",
"sx_answere":"卵巢动脉、臀前动脉和阴道动脉",
"sx_answer":"B",
"sx_analyze":"卵巢动脉在子宫阔韧带中向后延伸，经过卵巢系膜进入卵巢，分布于卵巢、输卵管和子宫角；脐动脉分布于膀胱、输尿管和子宫；阴道动脉分布于膀胱、输尿管、尿道、子宫、阴道等。",
"sx_all":"1",
"sx_wrong":"0"
},
{
"sx_id":"127",
"sx_type":"2",
"sx_title":"心血管",
"sx_subject":"在临床上，给羊静脉输液常用的血管是（2010真题上31）&nbsp;",
"sx_answera":"前腔静脉  ",
"sx_answerb":"后腔静脉  ",
"sx_answerc":"颈外静脉 ",
"sx_answerd":"颈内静脉",
"sx_answere":"臂头静脉 ",
"sx_answer":"C",
"sx_analyze":"颈静脉包括颈外静脉和颈内静脉，马无颈内静脉。颈外静脉位于颈静脉沟里，是临床上采血、放血、输液的重要部位。",
"sx_all":"1",
"sx_wrong":"0"
},
{
"sx_id":"128",
"sx_type":"2",
"sx_title":"心血管",
"sx_subject":"收集胃、肠、脾、胰血液回流的静脉血管是（2010真题上32）",
"sx_answera":"肝门静脉",
"sx_answerb":"肾门静脉 ",
"sx_answerc":"肺门静脉",
"sx_answerd":"肠系膜前静脉 ",
"sx_answere":"肠系膜后静脉 ",
"sx_answer":"A",
"sx_analyze":"肝门静脉是收集腹腔内不成对脏器（胃、脾、胰、肠）血液回流的静脉主干。",
"sx_all":"1",
"sx_wrong":"0"
},
{
"sx_id":"129",
"sx_type":"2",
"sx_title":"心血管",
"sx_subject":"心脏自身的营养动脉是（2012真题上31）&nbsp;",
"sx_answera":"冠状动脉",
"sx_answerb":"升主动脉 ",
"sx_answerc":"胸廓内动脉 ",
"sx_answerd":"胸主动脉",
"sx_answere":"降主动脉",
"sx_answer":"A",
"sx_analyze":"由升主动脉分出的左、右冠状动脉是为心脏提供营养的动脉。",
"sx_all":"1",
"sx_wrong":"0"
},
{
"sx_id":"130",
"sx_type":"2",
"sx_title":"心血管",
"sx_subject":"左心室血液流入（2012真题上32）&nbsp;",
"sx_answera":"主动脉",
"sx_answerb":"肺动脉",
"sx_answerc":"肺静脉 ",
"sx_answerd":"前腔静脉",
"sx_answere":"后腔静脉",
"sx_answer":"A",
"sx_analyze":"血液由左心室输出，经主动脉及其分支运输到全身各部，通过毛细血管、静脉回流到右心房，称体循环。",
"sx_all":"1",
"sx_wrong":"0"
},
{
"sx_id":"131",
"sx_type":"2",
"sx_title":"淋巴",
"sx_subject":"牛脾呈（2009真题上31）\n<br>",
"sx_answera":"镰刀形",
"sx_answerb":"钝三角形",
"sx_answerc":"舌形或靴形 ",
"sx_answerd":"细而长的带状",
"sx_answere":"长而扁的椭圆形",
"sx_answer":"E",
"sx_analyze":"牛脾呈长而扁的椭圆形；羊脾呈钝三角形；马脾称镰刀形；猪脾呈细而长的带状；犬脾呈靴型。",
"sx_all":"1",
"sx_wrong":"0"
},
{
"sx_id":"132",
"sx_type":"2",
"sx_title":"淋巴",
"sx_subject":"牛腭扁桃体位于（2010真题上33）&nbsp;",
"sx_answera":"喉咽部",
"sx_answerb":"口咽部侧壁 ",
"sx_answerc":"舌根部背侧 ",
"sx_answerd":"软腭口腔面",
"sx_answere":"鼻咽部后背侧壁 ",
"sx_answer":"B",
"sx_analyze":"腭扁桃体位于口咽部侧壁。反刍兽有腭扁桃体窦；马腭扁桃体位于舌根两侧；猪无腭扁桃体。",
"sx_all":"1",
"sx_wrong":"0"
},
{
"sx_id":"133",
"sx_type":"2",
"sx_title":"淋巴",
"sx_subject":"大多数家畜淋巴结的实质分为外周的皮质和中央的髓质，但皮质和髓质位置颠倒的是（2012真题上33）&nbsp;",
"sx_answera":"猪 ",
"sx_answerb":"马",
"sx_answerc":"牛 ",
"sx_answerd":"羊",
"sx_answere":"犬",
"sx_answer":"A",
"sx_analyze":"淋巴结分为间质和实质，实质又分为外周的皮质和中央的髓质。猪淋巴结的皮质和髓质位置恰好相反。",
"sx_all":"1",
"sx_wrong":"0"
},
{
"sx_id":"134",
"sx_type":"2",
"sx_title":"神经",
"sx_subject":"机体内最粗最长的神经是（2009真题上32）\n<br>",
"sx_answera":"股神经 ",
"sx_answerb":"闭孔神经",
"sx_answerc":"坐骨神经 ",
"sx_answerd":"臀前神经",
"sx_answere":"臀后神经",
"sx_answer":"C",
"sx_analyze":"坐骨神经为全身最粗最长的神经。",
"sx_all":"1",
"sx_wrong":"0"
},
{
"sx_id":"135",
"sx_type":"2",
"sx_title":"神经",
"sx_subject":"硬膜外麻醉时，将麻醉剂注入硬膜外腔的常用部位是（2010真题上34）&nbsp;",
"sx_answera":"寰枢间隙",
"sx_answerb":"颈胸间隙",
"sx_answerc":"胸腰间隙",
"sx_answerd":"腰荐间隙",
"sx_answere":"荐尾间隙",
"sx_answer":"D",
"sx_analyze":"脊硬膜和椎管之间为硬膜外腔，硬膜外麻醉常自腰荐间隙将麻醉剂注入硬膜外腔。",
"sx_all":"1",
"sx_wrong":"0"
},
{
"sx_id":"136",
"sx_type":"2",
"sx_title":"神经",
"sx_subject":"分布于视网膜的感觉神经是（2012真题上34）&nbsp;",
"sx_answera":"眼神经 ",
"sx_answerb":"视神经",
"sx_answerc":"外展神经 ",
"sx_answerd":"动眼神经",
"sx_answere":"滑车神经",
"sx_answer":"B",
"sx_analyze":"视神经是分布在视网膜上的感觉神经。",
"sx_all":"1",
"sx_wrong":"0"
},
{
"sx_id":"137",
"sx_type":"2",
"sx_title":"神经",
"sx_subject":"分布到内脏器官、平滑肌、心肌和腺体的神经称为内脏神经，其中的传出神经是（2013真题上34）",
"sx_answera":"中枢神经",
"sx_answerb":"脊神经 ",
"sx_answerc":"感觉神经",
"sx_answerd":"脑神经",
"sx_answere":"植物性神经",
"sx_answer":"E",
"sx_analyze":"在神经系统中，分布到内脏器官、血管和皮肤的平滑肌，以及心肌、腺体等的神经，称为内脏神经。其中的传出神经称为植物性神经或自主神经。",
"sx_all":"1",
"sx_wrong":"0"
},
{
"sx_id":"138",
"sx_type":"2",
"sx_title":"内分泌",
"sx_subject":"独立的内分泌器官是（2009真题上33）",
"sx_answera":"胰岛 ",
"sx_answerb":"黄体",
"sx_answerc":"卵泡",
"sx_answerd":"前列腺 ",
"sx_answere":"甲状旁腺",
"sx_answer":"E",
"sx_analyze":"主要的内分泌器官包括：垂体、甲状腺、甲状旁腺、肾上腺和松果体。",
"sx_all":"1",
"sx_wrong":"0"
},
{
"sx_id":"139",
"sx_type":"2",
"sx_title":"感官",
"sx_subject":"不属于眼折光系统的结构是（2010真题上35）&nbsp;",
"sx_answera":"角膜  ",
"sx_answerb":"虹膜",
"sx_answerc":"房水 ",
"sx_answerd":"晶状体",
"sx_answere":"玻璃体",
"sx_answer":"B",
"sx_analyze":"眼球的折光系统包括角膜、房水、晶状体和玻璃体。",
"sx_all":"1",
"sx_wrong":"0"
},
{
"sx_id":"140",
"sx_type":"2",
"sx_title":"感官",
"sx_subject":"眼球壁的3层结构是指纤维膜、血管膜和（2012真题上35）&nbsp;",
"sx_answera":"蛛网膜 ",
"sx_answerb":"视网膜 ",
"sx_answerc":"硬膜",
"sx_answerd":"软膜",
"sx_answere":"白膜",
"sx_answer":"B",
"sx_analyze":"眼球壁的三层结构由外向内依次是：纤维膜（角膜和巩膜）、血管膜（虹膜、睫状体和脉络膜）、视网膜。",
"sx_all":"1",
"sx_wrong":"0"
},
{
"sx_id":"141",
"sx_type":"2",
"sx_title":"感官",
"sx_subject":"眼球壁3层结构的中层机构是（2013真题上35）",
"sx_answera":"纤维膜 ",
"sx_answerb":"血管膜",
"sx_answerc":"视网膜 ",
"sx_answerd":"角膜 ",
"sx_answere":"虹膜",
"sx_answer":"B",
"sx_analyze":"眼球壁的三层结构由外向内依次是：纤维膜（角膜和巩膜）、血管膜（虹膜、睫状体和脉络膜）、视网膜。",
"sx_all":"1",
"sx_wrong":"0"
},
{
"sx_id":"158",
"sx_type":"2",
"sx_title":"家禽解剖特点",
"sx_subject":"家禽大肠的特点是（2009真题上34）",
"sx_answera":"有一条盲肠 ",
"sx_answerb":"有一条结肠",
"sx_answerc":"有一对盲肠",
"sx_answerd":"有一对结肠",
"sx_answere":"有一对直肠",
"sx_answer":"C",
"sx_analyze":"家禽的大肠包括一对盲肠和一短的直肠。",
"sx_all":"1",
"sx_wrong":"0"
},
{
"sx_id":"159",
"sx_type":"2",
"sx_title":"家禽解剖特点",
"sx_subject":"雌性家禽生殖系统的特点是（2009真题上35）",
"sx_answera":"卵巢不发达 ",
"sx_answerb":"输卵管不发达",
"sx_answerc":"卵巢特别发达 ",
"sx_answerd":"左侧的卵巢和输卵管退化",
"sx_answere":"右侧的卵巢和输卵管退化",
"sx_answer":"E",
"sx_analyze":"雌性家禽仅左侧的卵巢和输卵管发育正常，右侧退化。",
"sx_all":"1",
"sx_wrong":"0"
},
{
"sx_id":"160",
"sx_type":"2",
"sx_title":"家禽解剖特点",
"sx_subject":"鸡输卵管中分泌物形成蛋壳的部位是",
"sx_answera":"峡部 ",
"sx_answerb":"膨大部 ",
"sx_answerc":"漏斗部",
"sx_answerd":"子宫部",
"sx_answere":"阴道部  ",
"sx_answer":"D",
"sx_analyze":"雌性家禽的输卵管由前向后可分为漏斗部（接收卵子）、膨大部（形成蛋白）、峡部（形成蛋白膜）、子宫部（形成蛋壳）和阴道部。",
"sx_all":"1",
"sx_wrong":"0"
},
{
"sx_id":"161",
"sx_type":"2",
"sx_title":"家禽解剖特点",
"sx_subject":"鸡输卵管中分泌物形成浓稠的白蛋白的部位是",
"sx_answera":"峡部  ",
"sx_answerb":"膨大部 ",
"sx_answerc":"漏斗部 ",
"sx_answerd":"子宫部",
"sx_answere":"阴道部 ",
"sx_answer":"B",
"sx_analyze":"雌性家禽的输卵管由前向后可分为漏斗部（接收卵子）、膨大部（形成蛋白）、峡部（形成蛋白膜）、子宫部（形成蛋壳）和阴道部。",
"sx_all":"1",
"sx_wrong":"0"
},
{
"sx_id":"162",
"sx_type":"2",
"sx_title":"家禽解剖特点",
"sx_subject":"鸡气管分叉处形成的特殊结构是",
"sx_answera":"鸣管 ",
"sx_answerb":"气囊",
"sx_answerc":"鸣膜",
"sx_answerd":"鸣骨 ",
"sx_answere":"鸣泡",
"sx_answer":"D",
"sx_analyze":"鸣管是禽类的发音器官，由数个气管环和支气管环以及一块鸣骨组成。鸣骨呈楔形，位于鸣管腔分叉处。公鸭鸣管形成膨大的骨质鸣泡，故发声嘶哑。",
"sx_all":"1",
"sx_wrong":"0"
},
{
"sx_id":"163",
"sx_type":"2",
"sx_title":"家禽解剖特点",
"sx_subject":"鸭的发声器官是",
"sx_answera":"鸣管",
"sx_answerb":"气囊",
"sx_answerc":"鸣膜  ",
"sx_answerd":"鸣骨",
"sx_answere":"鸣泡",
"sx_answer":"E",
"sx_analyze":"鸣管是禽类的发音器官，由数个气管环和支气管环以及一块鸣骨组成。鸣骨呈楔形，位于鸣管腔分叉处。公鸭鸣管形成膨大的骨质鸣泡，故发声嘶哑。",
"sx_all":"1",
"sx_wrong":"0"
},
{
"sx_id":"166",
"sx_type":"2",
"sx_title":"家禽解剖特点",
"sx_subject":"位于气管分叉处，由数个气管环和支气管环及一块鸣骨组成的禽类发声器官是（2013真题上81）",
"sx_answera":"鼻 ",
"sx_answerb":"咽 ",
"sx_answerc":"喉 ",
"sx_answerd":"气囊 ",
"sx_answere":"鸣管",
"sx_answer":"E",
"sx_analyze":"鸣管是禽类的发音器官，位于器官分叉处，由数个气管环和支气管环以及一块鸣骨组成。公鸭鸣管形成膨大的骨质鸣泡。",
"sx_all":"1",
"sx_wrong":"0"
},
{
"sx_id":"167",
"sx_type":"2",
"sx_title":"家禽解剖特点",
"sx_subject":"有前后两群共9个，作为储气装置而参与肺呼吸作用的禽类特有器官是（2013真题上82）",
"sx_answera":"鼻",
"sx_answerb":"咽",
"sx_answerc":"喉 ",
"sx_answerd":"气囊",
"sx_answere":"鸣管",
"sx_answer":"D",
"sx_analyze":"气囊是禽类特有的器官，可分为前、后群。前群气囊有1个锁骨气囊和成对的颈气囊、前胸气囊；后群气囊有1对后胸气囊和1对腹气囊。",
"sx_all":"1",
"sx_wrong":"0"
},
{
"sx_id":"168",
"sx_type":"2",
"sx_title":"胚胎",
"sx_subject":"牛的胎盘类型属于（2009真题上36）",
"sx_answera":"血绒毛膜胎盘（盘状胎盘）",
"sx_answerb":"内皮绒毛膜胎盘（环状胎盘）",
"sx_answerc":"尿囊绒毛膜胎盘（柱状胎盘）",
"sx_answerd":"上皮绒毛膜胎盘（分散型胎盘）",
"sx_answere":"结缔绒毛膜胎盘（绒毛叶胎盘）",
"sx_answer":"E",
"sx_analyze":"哺乳动物胎盘可分为四类:上皮绒毛膜胎盘或弥散型胎盘（猪、马）；结缔绒毛膜胎盘或子叶型胎盘（牛、羊胎盘后期）；内皮绒毛膜胎盘或环状胎盘（狗、猫）；血绒毛膜胎盘或盘状胎盘（兔和灵长类）。",
"sx_all":"1",
"sx_wrong":"0"
},
{
"sx_id":"169",
"sx_type":"2",
"sx_title":"胚胎",
"sx_subject":"具有结缔绒毛膜胎盘（绒毛叶胎盘）的是（2010真题上36）&nbsp;",
"sx_answera":"马",
"sx_answerb":"牛",
"sx_answerc":"狗 ",
"sx_answerd":"猪",
"sx_answere":"兔 ",
"sx_answer":"B",
"sx_analyze":"哺乳动物胎盘可分为四类:上皮绒毛膜胎盘或弥散型胎盘（猪、马）；结缔绒毛膜胎盘或子叶型胎盘（牛、羊胎盘后期）；内皮绒毛膜胎盘或环状胎盘（狗、猫）；血绒毛膜胎盘或盘状胎盘（兔和灵长类）。",
"sx_all":"1",
"sx_wrong":"0"
},
{
"sx_id":"171",
"sx_type":"2",
"sx_title":"胚胎",
"sx_subject":"具有结缔绒毛膜胎盘（绒毛叶胎盘）的动物是（2012真题上36）&nbsp;",
"sx_answera":"马",
"sx_answerb":"牛",
"sx_answerc":"犬 ",
"sx_answerd":"猪",
"sx_answere":"兔",
"sx_answer":"B",
"sx_analyze":"哺乳动物胎盘可分为四类:\n<br>上皮绒毛膜胎盘或弥散型胎盘（猪、马）；结缔绒毛膜胎盘或子叶型胎盘（牛、羊胎盘后期）；内皮绒毛膜胎盘或环状胎盘（狗、猫）；血绒毛膜胎盘或盘状胎盘（兔和灵长类）。",
"sx_all":"1",
"sx_wrong":"0"
},
{
"sx_id":"173",
"sx_type":"2",
"sx_title":"胚胎",
"sx_subject":"具有内皮绒毛膜胎盘（环状胎盘）的动物是（2013真题上36）",
"sx_answera":"马",
"sx_answerb":"牛 ",
"sx_answerc":"羊",
"sx_answerd":"猪 ",
"sx_answere":"犬",
"sx_answer":"E",
"sx_analyze":"哺乳动物胎盘可分为四类:上皮绒毛膜胎盘或弥散型胎盘（猪、马）；结缔绒毛膜胎盘或子叶型胎盘（牛、羊胎盘后期）；内皮绒毛膜胎盘或环状胎盘（狗、猫）；血绒毛膜胎盘或盘状胎盘（兔和灵长类）。\n<br>",
"sx_all":"1",
"sx_wrong":"0"
},
{
"sx_id":"1482",
"sx_type":"2",
"sx_title":"神经",
"sx_subject":"脊髓麻醉是将麻醉剂注入（2013真题上79）",
"sx_answera":"脊硬膜",
"sx_answerb":"脊蛛网膜",
"sx_answerc":"脊软膜 ",
"sx_answerd":"硬膜外腔 ",
"sx_answere":"蛛网膜下腔",
"sx_answer":"D",
"sx_analyze":"脊膜为脊髓外周的三层结缔组织膜，由外向内依次为脊硬膜、脊蛛网膜和脊软膜。脊硬膜：脊硬膜与椎管之间为硬膜外腔。硬膜外麻醉/脊髓麻醉即将麻醉药注入硬膜外腔，阻断通过此孔的脊神经，使后躯麻醉。\n<br>脊蛛网膜：薄，硬膜和蛛网膜之间为硬膜下腔，向前与脑硬膜下腔相通。蛛网膜和软膜之间为蛛网膜下腔，内含脑脊液。\n<br>脊软膜：薄而富有血管，紧贴于脊髓表面。",
"sx_all":"1",
"sx_wrong":"0"
},
{
"sx_id":"1483",
"sx_type":"2",
"sx_title":"神经",
"sx_subject":"脊膜中最薄而紧贴在脊髓表面的是（2013真题上80）",
"sx_answera":"脊硬膜",
"sx_answerb":"脊蛛网膜 ",
"sx_answerc":"脊软膜 ",
"sx_answerd":"硬膜外腔",
"sx_answere":"蛛网膜下腔",
"sx_answer":"C",
"sx_analyze":"脊膜为脊髓外周的三层结缔组织膜，由外向内依次为脊硬膜、脊蛛网膜和脊软膜。脊硬膜：脊硬膜与椎管之间为硬膜外腔。硬膜外麻醉/脊髓麻醉即将麻醉药注入硬膜外腔，阻断通过此孔的脊神经，使后躯麻醉。\n<br>脊蛛网膜：薄，硬膜和蛛网膜之间为硬膜下腔，向前与脑硬膜下腔相通。蛛网膜和软膜之间为蛛网膜下腔，内含脑脊液。\n<br>脊软膜：薄而富有血管，紧贴于脊髓表面。",
"sx_all":"1",
"sx_wrong":"0"
},
{
"sx_id":"1629",
"sx_type":"2",
"sx_title":"基础知识",
"sx_subject":"动物细胞的遗传信息主要储存于",
"sx_answera":"内质网",
"sx_answerb":"高尔基复合体",
"sx_answerc":"溶酶体",
"sx_answerd":"细胞核",
"sx_answere":"过氧化物酶体",
"sx_answer":"D",
"sx_analyze":"动物细胞由细胞膜、细胞质和细胞核构成。其中细胞核实遗传信息的贮存场所，控制细胞的遗传和代谢活动。",
"sx_all":"1",
"sx_wrong":"0"
},
{
"sx_id":"1630",
"sx_type":"2",
"sx_title":"基础知识",
"sx_subject":"牛肩关节的特点是",
"sx_answera":"有十字韧带",
"sx_answerb":"有悬韧带",
"sx_answerc":"有侧（副）韧带",
"sx_answerd":"无侧（副）韧带",
"sx_answere":"无关节囊",
"sx_answer":"D",
"sx_analyze":"肩关节由肩胛骨的肩日和肱骨头构成，为多轴单关节。没有侧（副）韧带，具有松大的关节囊，因此，肩关节活动性大。",
"sx_all":"1",
"sx_wrong":"0"
},
{
"sx_id":"1631",
"sx_type":"2",
"sx_title":"基础知识",
"sx_subject":"组成髂肋肌沟的肌肉是",
"sx_answera":"头半棘肌与髂肋肌",
"sx_answerb":"头寰最长肌与髂肋肌",
"sx_answerc":"髂肋肌与夹肌",
"sx_answerd":"背腰最长肌与髂肋肌",
"sx_answere":"髂肋肌与颈多裂肌",
"sx_answer":"D",
"sx_analyze":"背腰最长肌为全身最长的肌肉，位于胸、腰椎棘突与横突和肋骨椎骨端形成的夹角内。髂肋肌位于背最长肌的腹外侧。背腰最长肌与髂肋肌之间形成髂肋肌沟，沟内有针灸穴位。",
"sx_all":"1",
"sx_wrong":"0"
},
{
"sx_id":"1632",
"sx_type":"2",
"sx_title":"基础知识",
"sx_subject":"皮下注射是将药物注入",
"sx_answera":"表皮内",
"sx_answerb":"真皮乳头层内",
"sx_answerc":"真皮网状层",
"sx_answerd":"表皮与真皮之间",
"sx_answere":"浅筋膜",
"sx_answer":"E",
"sx_analyze":"皮下组织位于真皮的深层，由疏松结缔组织构成，又称浅筋膜。皮下注射就是将药物注入皮下组织（浅筋膜）。",
"sx_all":"1",
"sx_wrong":"0"
},
{
"sx_id":"1633",
"sx_type":"2",
"sx_title":"基础知识",
"sx_subject":"家畜的肺分为左肺和右肺，而右肺",
"sx_answera":"较小",
"sx_answerb":"较大",
"sx_answerc":"较圆",
"sx_answerd":"较钝",
"sx_answere":"较尖",
"sx_answer":"B",
"sx_analyze":"肺位于胸腔内，分左肺和右肺，右肺较大。",
"sx_all":"1",
"sx_wrong":"0"
},
{
"sx_id":"1634",
"sx_type":"2",
"sx_title":"基础知识",
"sx_subject":"形成蛋白尿时，蛋白质首先通过的肾结构是",
"sx_answera":"近端小管",
"sx_answerb":"肾小管细段",
"sx_answerc":"远端小管",
"sx_answerd":"肾结合小管",
"sx_answere":"滤过膜",
"sx_answer":"E",
"sx_analyze":"血管球有孔内皮、基膜和足细胞裂隙膜合称滤过膜或原尿的滤过屏障。一般情况下不能滤过大分子蛋白。但是在某些病理条件下，滤过膜受损，通透性増高，蛋白质会滤出，导致蛋白尿。因此，此题选择滤过膜。",
"sx_all":"1",
"sx_wrong":"0"
},
{
"sx_id":"1635",
"sx_type":"2",
"sx_title":"基础知识",
"sx_subject":"副性腺只有前列腺的雄性家畜是",
"sx_answera":"马",
"sx_answerb":"牛",
"sx_answerc":"羊",
"sx_answerd":"猪",
"sx_answere":"犬",
"sx_answer":"E",
"sx_analyze":"副性腺包括精囊腺、前列腺和尿道球腺。犬的前列腺很发达，但没有精囊腺和尿道球腺。",
"sx_all":"1",
"sx_wrong":"0"
},
{
"sx_id":"1636",
"sx_type":"2",
"sx_title":"基础知识",
"sx_subject":"成熟卵泡破裂，释放出其中的卵细胞、卵泡液和一部分卵泡细胞的过程称为",
"sx_answera":"受精",
"sx_answerb":"卵裂",
"sx_answerc":"囊胚形成",
"sx_answerd":"排卵",
"sx_answere":"桑椹胚形成",
"sx_answer":"D",
"sx_analyze":"卵泡破裂，卵母细胞及其周围的透明带和放射冠自卵巢排出的过程，称为排卵。",
"sx_all":"1",
"sx_wrong":"0"
},
{
"sx_id":"1637",
"sx_type":"2",
"sx_title":"基础知识",
"sx_subject":"子宫角弯曲呈绵羊角状，子宫体较短的动物是",
"sx_answera":"马",
"sx_answerb":"猪",
"sx_answerc":"牛",
"sx_answerd":"犬",
"sx_answere":"猫",
"sx_answer":"C",
"sx_analyze":"牛子宫的子宫角呈卷曲的绵羊角状，子宫体短；子宫角和子宫体的黏膜上有卵圆形隆起，称为子宫阜。",
"sx_all":"1",
"sx_wrong":"0"
},
{
"sx_id":"1638",
"sx_type":"2",
"sx_title":"基础知识",
"sx_subject":"家畜心脏的正常形态是",
"sx_answera":"圆形",
"sx_answerb":"扁圆形",
"sx_answerc":"椭圆形",
"sx_answerd":"圆柱形",
"sx_answere":"倒圆锥形",
"sx_answer":"E",
"sx_analyze":"心脏呈倒置的圆锥形，外有心包包围。心的上部宽大为心底，下部为心尖。心底有呈C形的冠状沟，将心分为上部的心房和下部的心室。",
"sx_all":"1",
"sx_wrong":"0"
},
{
"sx_id":"1639",
"sx_type":"2",
"sx_title":"基础知识",
"sx_subject":"心脏的传导系统包括窦房结、房室结、房室束和",
"sx_answera":"神经纤维",
"sx_answerb":"神经原纤维",
"sx_answerc":"肌原纤维",
"sx_answerd":"胶原纤维",
"sx_answere":"普金野纤维",
"sx_answer":"E",
"sx_analyze":"心传导系统由特殊的心肌纤维所构成，能自动而有节律的产生兴奋和传导兴奋。包括窦房结、房室结、房室束和普金野纤维。",
"sx_all":"1",
"sx_wrong":"0"
},
{
"sx_id":"1640",
"sx_type":"2",
"sx_title":"基础知识",
"sx_subject":"猫前肢采血的静脉是",
"sx_answera":"腋静脉",
"sx_answerb":"头静脉",
"sx_answerc":"臂静脉",
"sx_answerd":"隐静脉",
"sx_answere":"正中静脉",
"sx_answer":"B",
"sx_analyze":"头静脉又称臂皮下静脉，为前肢的浅静脉干，是小动物静脉注射的常用部位。",
"sx_all":"1",
"sx_wrong":"0"
},
{
"sx_id":"1641",
"sx_type":"2",
"sx_title":"基础知识",
"sx_subject":"脊硬膜和椎管之间的腔隙是",
"sx_answera":"硬膜外腔",
"sx_answerb":"脊髓中央管",
"sx_answerc":"硬膜下腔",
"sx_answerd":"蛛网膜下腔",
"sx_answere":"蛛网膜内腔",
"sx_answer":"A",
"sx_analyze":"脊硬膜为厚而坚实的结缔组织膜。脊硬膜与椎管之间为硬膜外腔。硬膜外麻醉即自腰荐间隙将麻醉剂注入硬膜外腔。",
"sx_all":"1",
"sx_wrong":"0"
},
{
"sx_id":"1642",
"sx_type":"2",
"sx_title":"基础知识",
"sx_subject":"位于眼球壁中层，具有调节视力作用的结构是",
"sx_answera":"虹膜",
"sx_answerb":"睫状体",
"sx_answerc":"角膜",
"sx_answerd":"脉络膜",
"sx_answere":"巩膜",
"sx_answer":"B",
"sx_analyze":"眼球壁分为三层，从外向内依次为纤维膜、血管膜和视网膜。其中，血管膜位于眼球壁的中层，分为虹膜、睫状体和脉络膜。其中，睫状体因为有睫状肌而具有调节视力的功能。",
"sx_all":"1",
"sx_wrong":"0"
},
{
"sx_id":"1643",
"sx_type":"2",
"sx_title":"基础知识",
"sx_subject":"具有内皮绒毛膜胎盘（环状胎盘）的动物是",
"sx_answera":"马",
"sx_answerb":"牛",
"sx_answerc":"羊",
"sx_answerd":"猪",
"sx_answere":"犬",
"sx_answer":"E",
"sx_analyze":"上皮绒毛膜（分散型）胎盘:猪、马   结缔绒毛膜（子叶型）胎盘：牛、羊    内皮绒毛膜（环状）胎盘：犬、猫    血绒毛膜（盘状）胎盘：灵长类、兔",
"sx_all":"1",
"sx_wrong":"0"
},
{
"sx_id":"1644",
"sx_type":"2",
"sx_title":"基础知识",
"sx_subject":"盲肠呈逗点状的动物是",
"sx_answera":"马",
"sx_answerb":"牛",
"sx_answerc":"猪",
"sx_answerd":"犬",
"sx_answere":"兔",
"sx_answer":"A",
"sx_analyze":"马的盲肠呈逗点状，分为盲肠底、盲肠体和盲肠尖。",
"sx_all":"1",
"sx_wrong":"0"
},
{
"sx_id":"1645",
"sx_type":"2",
"sx_title":"基础知识",
"sx_subject":"盲肠呈螺旋状弯曲的动物是",
"sx_answera":"马",
"sx_answerb":"牛",
"sx_answerc":"猪",
"sx_answerd":"犬",
"sx_answere":"兔",
"sx_answer":"D",
"sx_analyze":"犬的盲肠呈螺旋状弯曲，位于右髂区内侧，在十二指肠和胰脏的腹侧。",
"sx_all":"1",
"sx_wrong":"0"
},
{
"sx_id":"1646",
"sx_type":"2",
"sx_title":"基础知识",
"sx_subject":"回肠与盲肠交界处有圆小囊的动物是",
"sx_answera":"马",
"sx_answerb":"牛",
"sx_answerc":"猪",
"sx_answerd":"犬",
"sx_answere":"兔",
"sx_answer":"E",
"sx_analyze":"家兔回肠与盲肠相接处膨大形成一厚壁的圆囊，称圆小囊，这是兔特有的。圆小囊内壁呈六角形蜂窝状，里面充满着淋巴组织。",
"sx_all":"1",
"sx_wrong":"0"
},
{
"sx_id":"1647",
"sx_type":"2",
"sx_title":"基础知识",
"sx_subject":"与家畜相比，家禽缺失的泌尿器官是",
"sx_answera":"睾丸",
"sx_answerb":"卵巢",
"sx_answerc":"肾",
"sx_answerd":"输精管",
"sx_answere":"膀胱",
"sx_answer":"E",
"sx_analyze":"家禽没有膀胱，其输尿管直接开口于泄殖腔背侧。",
"sx_all":"1",
"sx_wrong":"0"
},
{
"sx_id":"1648",
"sx_type":"2",
"sx_title":"基础知识",
"sx_subject":"某病牛，颜面肿胀、隆起，叩诊浊音。低头或摇头时，鼻孔流出脓性鼻液。该病最常发生的部位是",
"sx_answera":"额窦",
"sx_answerb":"上颌窦",
"sx_answerc":"蝶窦",
"sx_answerd":"筛窦 ",
"sx_answere":"下颌窦",
"sx_answer":"B",
"sx_analyze":"牛的鼻旁窦有上颌窦、额窦和腭窦，其颜面鼻旁窦为上颌窦，上颌窦发生炎症时会出现颜面肿胀，鼻孔流出脓性鼻液。",
"sx_all":"1",
"sx_wrong":"0"
},
{
"sx_id":"1649",
"sx_type":"2",
"sx_title":"基础知识",
"sx_subject":"鸡仅左侧正常发育的生殖器官是",
"sx_answera":"睾丸",
"sx_answerb":"卵巢",
"sx_answerc":"肾",
"sx_answerd":"输精管",
"sx_answere":"膀胱",
"sx_answer":"B",
"sx_analyze":"家禽成体仅左侧的卵巢和输卵管发育正常，右侧退化。",
"sx_all":"1",
"sx_wrong":"0"
}
]
}