{
"RECORDS":[
{
"sx_id":"174",
"sx_type":"3",
"sx_title":"概述",
"sx_subject":"内环境稳态是指（2009真题上37）",
"sx_answera":"成分与理化性质均不变 ",
"sx_answerb":"理化性质不变，成分相对稳定",
"sx_answerc":"成分不变，理化性质相对稳定",
"sx_answerd":"成分与理化性质均保持相对稳定",
"sx_answere":"成分与理化性质均不受外界环境的影响",
"sx_answer":"D",
"sx_analyze":"由细胞外液构成的机体细胞生活的环境，称为机体的内环境。内环境的成分和理化性质的相对稳定，称为内环境稳态。",
"sx_all":"1",
"sx_wrong":"0"
},
{
"sx_id":"176",
"sx_type":"3",
"sx_title":"概述",
"sx_subject":"内环境稳态是指（2013真题上37）",
"sx_answera":"细胞内液的成份和理化性质保持相对稳定",
"sx_answerb":"细胞内液的成份和理化性质稳定不变",
"sx_answerc":"细胞外液的成份和理化性质保持相对稳定",
"sx_answerd":"细胞外液的成份和理化性质稳定不变",
"sx_answere":"体液的成份和理化性质保持相对稳定",
"sx_answer":"C",
"sx_analyze":"由细胞外液构成的机体细胞生活的环境，称为机体的内环境。内环境的成分和理化性质的相对稳定，称为内环境稳态。",
"sx_all":"1",
"sx_wrong":"0"
},
{
"sx_id":"178",
"sx_type":"3",
"sx_title":"细胞",
"sx_subject":"细胞膜的静息电位主要是（2009真题上38）",
"sx_answera":"K+平衡电位 ",
"sx_answerb":"Na+平衡电位",
"sx_answerc":"Mg2+平衡电位",
"sx_answerd":"Ca2+平衡电位",
"sx_answere":"Fe2+平衡电位",
"sx_answer":"A",
"sx_analyze":"静息电位是指细胞未受刺激时存在于细胞膜两侧的电位差，表现为外正内负。静息电位主要是钾离子外流所致，是钾离子的平衡电位。",
"sx_all":"1",
"sx_wrong":"0"
},
{
"sx_id":"180",
"sx_type":"3",
"sx_title":"细胞",
"sx_subject":"心室肌细胞产生动作电位时，其膜内电位由-90mv&nbsp;变为0mv&nbsp;的过程称为（2013真题上38）",
"sx_answera":"极化 ",
"sx_answerb":"反极化",
"sx_answerc":"去极化",
"sx_answerd":"复板化",
"sx_answere":"超极化",
"sx_answer":"C",
"sx_analyze":"静息状态下外正内负的状态称为极化，当膜内负值减小时称为去极化。去极化到膜外为负膜内为正时称之为反极化，去极化后，膜内电位向外正内负的极化状态恢复，称为复极化。",
"sx_all":"1",
"sx_wrong":"0"
},
{
"sx_id":"182",
"sx_type":"3",
"sx_title":"血液",
"sx_subject":"凝血过程的第三阶段是指（2009真题上39）",
"sx_answera":"形成凝血酶 ",
"sx_answerb":"形成纤维蛋白",
"sx_answerc":"肥大细胞分泌肝素",
"sx_answerd":"血小板释放尿激酶",
"sx_answere":"血小板填塞血管损伤处",
"sx_answer":"B",
"sx_analyze":"凝血过程大体可分为三个阶段：第一阶段为凝血酶原激活物的形成；第二阶段为凝血酶的形成；第三阶段为纤维蛋白的形成。",
"sx_all":"1",
"sx_wrong":"0"
},
{
"sx_id":"184",
"sx_type":"3",
"sx_title":"血液",
"sx_subject":"血红蛋白包含的金属元素是（2010真题上37）&nbsp;",
"sx_answera":"铜 ",
"sx_answerb":"锰 ",
"sx_answerc":"锌",
"sx_answerd":"钴",
"sx_answere":"铁",
"sx_answer":"E",
"sx_analyze":"血红蛋白是一种含铁的特殊蛋白质，由珠蛋白和含铁血红素组成。",
"sx_all":"1",
"sx_wrong":"0"
},
{
"sx_id":"186",
"sx_type":"3",
"sx_title":"血液",
"sx_subject":"红细胞生成所需的原料主要是（2012真题上83）",
"sx_answera":"铁和蛋白质  ",
"sx_answerb":"锌和蛋白质",
"sx_answerc":"维生素B12、丁酸和铜离子 ",
"sx_answerd":"维生素B12、叶酸和铜离子",
"sx_answere":"促红细胞生成素",
"sx_answer":"A",
"sx_analyze":"蛋白质和铁是红细胞生成的主要原料；促进红细胞发育和成熟的物质主要是维生素B12、叶酸和铜离子；红细胞数量的自稳态主要受促红细胞生成素的调节，雄激素也起一定作用。",
"sx_all":"1",
"sx_wrong":"0"
},
{
"sx_id":"188",
"sx_type":"3",
"sx_title":"血液",
"sx_subject":"促成红细胞发育和成熟的物质主要是（2012真题上84）&nbsp;",
"sx_answera":"铁和蛋白质  ",
"sx_answerb":"锌和蛋白质 ",
"sx_answerc":"维生素B12、丁酸和铜离子",
"sx_answerd":"维生素B12、叶酸和铜离子 ",
"sx_answere":"促红细胞生成素",
"sx_answer":"D",
"sx_analyze":"蛋白质和铁是红细胞生成的主要原料；促进红细胞发育和成熟的物质主要是维生素B12、叶酸和铜离子；红细胞数量的自稳态主要受促红细胞生成素的调节，雄激素也起一定作用。",
"sx_all":"1",
"sx_wrong":"0"
},
{
"sx_id":"190",
"sx_type":"3",
"sx_title":"血液",
"sx_subject":"调节红细胞数量自稳态的物质主要是（2012真题上85）&nbsp;",
"sx_answera":"铁和蛋白质 ",
"sx_answerb":"锌和蛋白质 ",
"sx_answerc":"维生素B12、丁酸和铜离子 ",
"sx_answerd":"维生素B12、叶酸和铜离子",
"sx_answere":"促红细胞生成素",
"sx_answer":"E",
"sx_analyze":"蛋白质和铁是红细胞生成的主要原料；促进红细胞发育和成熟的物质主要是维生素B12、叶酸和铜离子；红细胞数量的自稳态主要受促红细胞生成素的调节，雄激素也起一定作用。",
"sx_all":"1",
"sx_wrong":"0"
},
{
"sx_id":"192",
"sx_type":"3",
"sx_title":"血液",
"sx_subject":"白细胞伸出伪足做变形运动并得以穿过血管壁的现象属于（2013真题上39）",
"sx_answera":"血细胞渗出 ",
"sx_answerb":"趋化性 ",
"sx_answerc":"吞噬作用",
"sx_answerd":"可塑变形性",
"sx_answere":"渗透脆性",
"sx_answer":"A",
"sx_analyze":"白细胞能伸出伪足做变形运动，穿过血管壁，称为血细胞渗出。",
"sx_all":"1",
"sx_wrong":"0"
},
{
"sx_id":"193",
"sx_type":"3",
"sx_title":"血液循环",
"sx_subject":"促使毛细血管内液体向外滤过的力量是（2009真题上40）",
"sx_answera":"毛细血管血压、组织液静水压",
"sx_answerb":"毛细血管血压、血浆胶体渗透压",
"sx_answerc":"组织液静水压、血浆胶体渗透压",
"sx_answerd":"组织液静水压、组织液胶体渗透压",
"sx_answere":"毛细血管血压、组织液胶体渗透压",
"sx_answer":"E",
"sx_analyze":"组织液是血浆滤过毛细血管壁而形成的。毛细血管血压和组织液胶体渗透压是促使液体由毛细血管内向血管外滤过的力量，而血浆胶体渗透压和组织静水压是将液体从血管外重吸收入毛细血管内的力量。",
"sx_all":"1",
"sx_wrong":"0"
},
{
"sx_id":"194",
"sx_type":"3",
"sx_title":"血液循环",
"sx_subject":"动物第一心音形成的原因之一是（2010真题上38）&nbsp;",
"sx_answera":"房室瓣关闭 ",
"sx_answerb":"半月瓣关闭 ",
"sx_answerc":"心室的舒张 ",
"sx_answerd":"心房的收缩 ",
"sx_answere":"心室的充盈 ",
"sx_answer":"A",
"sx_analyze":"第一心音发生于心缩期的开始，又称心缩音。产生原因包括，心室肌的收缩、房室瓣的关闭以及射血开始引起的主动脉的振动。第二心音发生于心舒期的开始，又称心舒音。产生原因包括半月瓣的关闭、血液冲击瓣膜以及主动脉中血液减速引起的振动。",
"sx_all":"1",
"sx_wrong":"0"
},
{
"sx_id":"195",
"sx_type":"3",
"sx_title":"血液",
"sx_subject":"与组织液生成无关的因素是（2012真题上37）",
"sx_answera":"毛细血管血压  ",
"sx_answerb":"血浆胶体渗透压 ",
"sx_answerc":"组织液胶体渗透压",
"sx_answerd":"组织液静水压",
"sx_answere":"血浆晶体渗透压",
"sx_answer":"E",
"sx_analyze":"组织液是血浆滤过毛细血管而形成的。液体通过毛细血管壁的滤过和重吸收，由四个因素共同完成，即毛细血管血压、组织液静水压、血浆胶体渗透压和组织液胶体渗透压。",
"sx_all":"1",
"sx_wrong":"0"
},
{
"sx_id":"197",
"sx_type":"3",
"sx_title":"呼吸",
"sx_subject":"抑制动物吸气过长过深的调节中枢位于（2009真题上41）",
"sx_answera":"脊髓",
"sx_answerb":"延髓",
"sx_answerc":"间脑",
"sx_answerd":"脑桥  ",
"sx_answere":"大脑皮层",
"sx_answer":"D",
"sx_analyze":"脊髓是呼吸反射的初级中枢，基本呼吸节律产生于延髓，而在脑桥中存在呼吸调整中枢，作用是限制吸气，促使吸气转为呼气。",
"sx_all":"1",
"sx_wrong":"0"
},
{
"sx_id":"199",
"sx_type":"3",
"sx_title":"呼吸",
"sx_subject":"呼吸过程中的有效通气量是（2010真题上39）",
"sx_answera":"肺活量",
"sx_answerb":"潮气量",
"sx_answerc":"补吸气量",
"sx_answerd":"补呼气量",
"sx_answere":"肺泡通气量",
"sx_answer":"E",
"sx_analyze":"每次吸入的气体，一部分不能进入肺泡，称为解剖无效腔；进入肺泡的气体，也可能未与血液进行气体交换，称为肺泡无效腔。肺泡通气量才是真正的有效通气量。肺泡通气量=（潮气量―无效腔量）×呼吸频率。",
"sx_all":"1",
"sx_wrong":"0"
},
{
"sx_id":"201",
"sx_type":"3",
"sx_title":"呼吸",
"sx_subject":"平静呼吸时，与呼气运动无关的是（2012真题上38）",
"sx_answera":"膈肌舒张",
"sx_answerb":"肺内容量减小 ",
"sx_answerc":"肋间外肌舒张 ",
"sx_answerd":"腹壁肌肉收缩",
"sx_answere":"肺内压高于大气压",
"sx_answer":"D",
"sx_analyze":"安静状态下的呼吸称为平静呼吸，它由膈肌和肋间外肌的舒缩而引起。\n<br>平静呼气时，呼气运动只是膈肌与肋间外肌舒张，依靠胸廓及肺本身的回缩力量而回位，增大肺内压，产生呼气。\n<br>",
"sx_all":"1",
"sx_wrong":"0"
},
{
"sx_id":"204",
"sx_type":"3",
"sx_title":"采食、消化和吸收",
"sx_subject":"消化液中由主细胞分泌，能被盐酸激活并发挥作用的成份是（2010真题上83）",
"sx_answera":"胆盐  ",
"sx_answerb":"内因子 ",
"sx_answerc":"胃蛋白酶原 ",
"sx_answerd":"胰蛋白酶 ",
"sx_answere":"胰脂肪酶 ",
"sx_answer":"C",
"sx_analyze":"胃蛋白酶原由胃腺主细胞分泌，经盐酸激活成为有活性的胃蛋白酶。",
"sx_all":"1",
"sx_wrong":"0"
},
{
"sx_id":"206",
"sx_type":"3",
"sx_title":"采食、消化和吸收",
"sx_subject":"消化液中能与维生素B12结合成复合体，并促进维生素B12&nbsp;吸收入血的成份是（2010真题上84）&nbsp;",
"sx_answera":"胆盐",
"sx_answerb":"内因子",
"sx_answerc":"胃蛋白酶原  ",
"sx_answerd":"胰蛋白酶 ",
"sx_answere":"胰脂肪酶",
"sx_answer":"B",
"sx_analyze":"内因子是壁细胞分泌的一种糖蛋白，它能与维生素B12结合，使维生素B12不被破坏，促进维生素B12在回肠被吸收。",
"sx_all":"1",
"sx_wrong":"0"
},
{
"sx_id":"208",
"sx_type":"3",
"sx_title":"采食、消化和吸收",
"sx_subject":"消化液中能降低脂肪表面张力，增加脂肪与酶的接触面积，并促进脂肪分解产物吸收的成份是&nbsp;（2010真题上85）&nbsp;",
"sx_answera":"胆盐 ",
"sx_answerb":"内因子",
"sx_answerc":"胃蛋白酶原",
"sx_answerd":"胰蛋白酶",
"sx_answere":"胰脂肪酶 ",
"sx_answer":"A",
"sx_analyze":"胆汁成分中除水外，主要是胆汁酸、胆盐和胆色素。胆汁中起生理作用的主要是胆盐或胆汁酸。胆盐的作用是：可以降低脂肪的表面张力，使脂肪乳化成细小的微粒，增加脂肪与酶的接触面积，加速其水解；还可以增强脂肪酶的活性；胆盐与脂肪分解产物脂肪酸和甘油酯结合，形成脂溶性复合物促进吸收。",
"sx_all":"1",
"sx_wrong":"0"
},
{
"sx_id":"209",
"sx_type":"3",
"sx_title":"采食、消化和吸收",
"sx_subject":"瘤胃生态环境中少见的微生物是（2012真题上39）&nbsp;",
"sx_answera":"厌氧细菌 ",
"sx_answerb":"需氧细菌",
"sx_answerc":"贫毛虫",
"sx_answerd":"全毛虫",
"sx_answere":"真菌",
"sx_answer":"B",
"sx_analyze":"瘤胃内为厌氧环境，所以瘤胃微生物主要是厌氧细菌、纤毛虫（可分为全毛虫和贫毛虫）和厌氧真菌。",
"sx_all":"1",
"sx_wrong":"0"
},
{
"sx_id":"211",
"sx_type":"3",
"sx_title":"采食、消化和吸收",
"sx_subject":"胆汁的组分中参与消化的主要成分是（2012真题上40）&nbsp;&nbsp;",
"sx_answera":"内因子",
"sx_answerb":"卵磷脂",
"sx_answerc":"胆固醇",
"sx_answerd":"胆盐 ",
"sx_answere":"胆色素",
"sx_answer":"D",
"sx_analyze":"胆汁成分中除水外，主要是胆汁酸、胆盐和胆色素。胆汁的生理作用主要是胆盐或胆汁酸的作用。胆盐（胆汁酸的钠盐）可以降低脂肪的表面张力，使脂肪乳化成细小的微粒，以增加脂肪与酶的接触面积，加速脂肪水解；还可以增强脂肪酶的活性等。",
"sx_all":"1",
"sx_wrong":"0"
},
{
"sx_id":"214",
"sx_type":"3",
"sx_title":"采食、消化和吸收",
"sx_subject":"营养物质在小肠吸收的主要机制包括（2013真题上41）",
"sx_answera":"简单扩散、易化扩散、主动转运",
"sx_answerb":"滤过、易化扩散、易化扩散",
"sx_answerc":"滤过、简单扩散、易化扩散 ",
"sx_answerd":"自噬、简单扩散、主动转运",
"sx_answere":"自噬、易化扩散、主动转运",
"sx_answer":"A",
"sx_analyze":"小肠吸收的主要机制可分为被动吸收和主动吸收两大类。被动吸收又包括简单扩散和易化扩散。",
"sx_all":"1",
"sx_wrong":"0"
},
{
"sx_id":"216",
"sx_type":"3",
"sx_title":"采食、消化和吸收",
"sx_subject":"唾液的浆液性分泌产物中富含的消化酶是（2013真题上83）",
"sx_answera":"淀粉酶 ",
"sx_answerb":"舌酯酶 ",
"sx_answerc":"蛋白酶",
"sx_answerd":"核酸酶",
"sx_answere":"溶菌酶",
"sx_answer":"A",
"sx_analyze":"唾液淀粉酶可以催化淀粉水解为麦芽糖；某些以乳为食的幼畜唾液中的舌脂酶可以水解脂肪成为游离脂肪酸；唾液分泌可经常冲洗口腔中的饲料残渣和异物，洁净口腔，其中的溶菌酶有杀菌作用。\n<br>",
"sx_all":"1",
"sx_wrong":"0"
},
{
"sx_id":"217",
"sx_type":"3",
"sx_title":"采食、消化和吸收",
"sx_subject":"具有清洁作用的酶是",
"sx_answera":"淀粉酶 ",
"sx_answerb":"舌酯酶   ",
"sx_answerc":"蛋白酶 ",
"sx_answerd":"核酸酶 ",
"sx_answere":"溶菌酶",
"sx_answer":"E",
"sx_analyze":"唾液淀粉酶可以催化淀粉水解为麦芽糖；某些以乳为食的幼畜唾液中的舌脂酶可以水解脂肪成为游离脂肪酸；唾液分泌可经常冲洗口腔中的饲料残渣和异物，洁净口腔，其中的溶菌酶有杀菌作用。\n<br>",
"sx_all":"1",
"sx_wrong":"0"
},
{
"sx_id":"219",
"sx_type":"3",
"sx_title":"采食、消化和吸收",
"sx_subject":"以乳为食的犊牛等幼畜唾液中特有的消化酶是（2013真题上85）",
"sx_answera":"淀粉酶 ",
"sx_answerb":"舌酯酶 ",
"sx_answerc":"蛋白酶",
"sx_answerd":"核酸酶 ",
"sx_answere":"溶菌酶",
"sx_answer":"B",
"sx_analyze":"唾液淀粉酶可以催化淀粉水解为麦芽糖；某些以乳为食的幼畜唾液中的舌脂酶可以水解脂肪成为游离脂肪酸；唾液分泌可经常冲洗口腔中的饲料残渣和异物，洁净口腔，其中的溶菌酶有杀菌作用。\n<br>",
"sx_all":"1",
"sx_wrong":"0"
},
{
"sx_id":"220",
"sx_type":"3",
"sx_title":"能量代谢和体温",
"sx_subject":"动物维持体温相对恒定的基本调节方式是&nbsp;（2009真题上43）\n<br>",
"sx_answera":"体液调节",
"sx_answerb":"自身调节",
"sx_answerc":"自分泌调节",
"sx_answerd":"旁分泌调节",
"sx_answere":"神经体液调节",
"sx_answer":"E",
"sx_analyze":"当环境温度改变时，动物通过下丘脑的体温调节中枢、温度感受器、效应器等所构成的神经反射机制，以及通过甲状腺激素、肾上腺激素、去甲肾上腺激素等的分泌改变机体代谢率，同时调节机体的产热和散热过程，维持体温恒定。",
"sx_all":"1",
"sx_wrong":"0"
},
{
"sx_id":"221",
"sx_type":"3",
"sx_title":"能量代谢和体温",
"sx_subject":"恒温动物体温调节的基本中枢位于（2010真题上40）&nbsp;",
"sx_answera":"小脑  ",
"sx_answerb":"大脑 ",
"sx_answerc":"脊髓  ",
"sx_answerd":"延髓 ",
"sx_answere":"下丘脑 ",
"sx_answer":"E",
"sx_analyze":"体温调节的基本中枢位于下丘脑。",
"sx_all":"1",
"sx_wrong":"0"
},
{
"sx_id":"222",
"sx_type":"3",
"sx_title":"能量代谢和体温",
"sx_subject":"构成中枢温度感受器的是（2013真题上42）",
"sx_answera":"神经节",
"sx_answerb":"神经元",
"sx_answerc":"神经胶质细胞",
"sx_answerd":"神经突触 ",
"sx_answere":"环层小体",
"sx_answer":"B",
"sx_analyze":"中枢温度感受器指分布于脊髓、延髓、脑干网状结构以及下丘脑等处对温度变化敏感的神经元。\n<br>",
"sx_all":"1",
"sx_wrong":"0"
},
{
"sx_id":"224",
"sx_type":"3",
"sx_title":"泌尿排尿",
"sx_subject":"一犬因腹泻脱水，某兽医门诊实习生误给病犬静脉输入过量注射用水，引进其尿量增多，分析该犬尿量增多的生理机制是（2009真题上96）&nbsp;\n<br>",
"sx_answera":"囊内压下降",
"sx_answerb":"肾血流量下降",
"sx_answerc":"血浆胶体渗透压下降 ",
"sx_answerd":"血浆晶体渗透压下降 ",
"sx_answere":"肾小球毛细血管血压下降",
"sx_answer":"C",
"sx_analyze":"注射大量注射用水后，血浆胶体渗透压降低，有效滤过压升高，从肾小球滤过出的原尿增加，最终导致尿量增加。",
"sx_all":"1",
"sx_wrong":"0"
},
{
"sx_id":"226",
"sx_type":"3",
"sx_title":"泌尿排尿",
"sx_subject":"急性肾小球肾炎时，动物出现少尿或无尿的主要原因是（2010真题上41）&nbsp;",
"sx_answera":"肾小囊内压降低 ",
"sx_answerb":"肾小球滤过率降低 ",
"sx_answerc":"毛细血管血压下降   ",
"sx_answerd":"血浆胶体渗透压升高 ",
"sx_answere":"血浆晶体渗透压升高",
"sx_answer":"B",
"sx_analyze":"急性肾小球肾炎时，由于内皮细胞肿胀，基膜增厚，致使肾小球毛细血管腔变得狭窄或堵塞不通，有效滤过面积明显减少，造成肾小球有效滤过率显著下降，结果出现少尿或无尿。",
"sx_all":"1",
"sx_wrong":"0"
},
{
"sx_id":"229",
"sx_type":"3",
"sx_title":"泌尿排尿",
"sx_subject":"动物严重呕吐或者腹泻时，尿量减少的主要机制是（2012真题上41）&nbsp;",
"sx_answera":"抗利尿激素分泌增加   ",
"sx_answerb":"血浆晶体渗透压降低",
"sx_answerc":"血浆胶体渗透压降低  ",
"sx_answerd":"入球小动脉舒张  ",
"sx_answere":"肾小囊内压升高",
"sx_answer":"A",
"sx_analyze":"抗利尿激素的主要生理作用是提高远曲小管和集合管上皮细胞对水的通透性，促进水的重吸收，从而减少尿量，产生抗利尿作用。\n<br>调节抗利尿激素释放的主要因素是血浆晶体渗透压的变化。如果动物大量出汗、严重呕吐或腹泻，使机体大量失水，血浆晶体渗透压升高，就会刺激渗透压感受器，引起抗利尿激素分泌增加。",
"sx_all":"1",
"sx_wrong":"0"
},
{
"sx_id":"231",
"sx_type":"3",
"sx_title":"神经",
"sx_subject":"神经元兴奋性突触后电位产生的主要原因是（2009真题上44）",
"sx_answera":"K+内流 ",
"sx_answerb":"K+外流",
"sx_answerc":"Na+内流 ",
"sx_answerd":"Na+外流 ",
"sx_answere":"Cl-内流",
"sx_answer":"C",
"sx_analyze":"神经递质扩散到突触后膜，与受体结合，使后膜对钠离子的通透性升高，钠离子内流，后膜出现去极化，这种局部电位变化叫做兴奋性突触后电位。",
"sx_all":"1",
"sx_wrong":"0"
},
{
"sx_id":"232",
"sx_type":"3",
"sx_title":"神经",
"sx_subject":"能被阿托品阻断的受体是（2010真题上42）&nbsp;",
"sx_answera":"α受体 ",
"sx_answerb":"β受体 ",
"sx_answerc":"M 受体 ",
"sx_answerd":"N1受体",
"sx_answere":"N2 受体",
"sx_answer":"C",
"sx_analyze":"凡是能和乙酰胆碱结合的受体，叫做胆碱能受体。胆碱能受体分为两种：M受体和N受体。阿托品可与M受体结合，阻断乙酰胆碱的作用，故阿托品是M受体的阻断剂。",
"sx_all":"1",
"sx_wrong":"0"
},
{
"sx_id":"234",
"sx_type":"3",
"sx_title":"神经",
"sx_subject":"神经-骨骼肌接头后膜（终板膜）的胆碱能受体是（2012真题上42）&nbsp;&nbsp;",
"sx_answera":"α受体 ",
"sx_answerb":"β受体  ",
"sx_answerc":"M受体 ",
"sx_answerd":"N1受体  ",
"sx_answere":"N2 受体",
"sx_answer":"E",
"sx_analyze":"胆碱能受体包括毒蕈碱型受体（M受体）和烟碱型受体（N受体）两种，而N受体又分为神经肌肉接头型（N2型）和神经节型（N1型），前者存在于神经肌肉接头的后膜。",
"sx_all":"1",
"sx_wrong":"0"
},
{
"sx_id":"236",
"sx_type":"3",
"sx_title":"神经",
"sx_subject":"心交感神经节后神经末梢释放的递质是（2013真题上40）",
"sx_answera":"乙酰胆碱",
"sx_answerb":"去甲肾上腺素",
"sx_answerc":"γ-氨基丁酸",
"sx_answerd":"多巴胺",
"sx_answere":"肾上腺素",
"sx_answer":"B",
"sx_analyze":"心交感节后神经元末梢释放的递质是去甲肾上腺素，作用于心肌细胞的β肾上腺素能受体，导致心率加快。",
"sx_all":"1",
"sx_wrong":"0"
},
{
"sx_id":"238",
"sx_type":"3",
"sx_title":"神经",
"sx_subject":"箭毒可与之结合而起阻断作用的受体是（2013真题上44）",
"sx_answera":"α受体",
"sx_answerb":"β受体",
"sx_answerc":"M受体",
"sx_answerd":"N1受体",
"sx_answere":"N2受体",
"sx_answer":"E",
"sx_analyze":"箭毒可与神经肌肉接头处的N2受体结合而起阻断剂的作用。",
"sx_all":"1",
"sx_wrong":"0"
},
{
"sx_id":"240",
"sx_type":"3",
"sx_title":"内分泌",
"sx_subject":"动物分泌雄激素的主要器官是&nbsp;（2009真题上45）\n<br>",
"sx_answera":"睾丸",
"sx_answerb":"附睾 ",
"sx_answerc":"输精管  ",
"sx_answerd":"精囊腺 ",
"sx_answere":"前列腺",
"sx_answer":"A",
"sx_analyze":"睾丸间质细胞是合成雄激素的主要场所。",
"sx_all":"1",
"sx_wrong":"0"
},
{
"sx_id":"242",
"sx_type":"3",
"sx_title":"内分泌",
"sx_subject":"促进机体产热的主要激素是（2009真题上83）",
"sx_answera":"皮质酮 ",
"sx_answerb":"胰岛素",
"sx_answerc":"醛固酮 ",
"sx_answerd":"甲状腺素",
"sx_answere":"甲状旁腺素",
"sx_answer":"D",
"sx_analyze":"甲状腺激素可使体内绝大多数组织的耗氧率和产热量增加。",
"sx_all":"1",
"sx_wrong":"0"
},
{
"sx_id":"244",
"sx_type":"3",
"sx_title":"内分泌",
"sx_subject":"促进机体“保钙排磷”的主要激素是（2009真题上84）",
"sx_answera":"皮质酮 ",
"sx_answerb":"胰岛素",
"sx_answerc":"醛固酮",
"sx_answerd":"甲状腺素",
"sx_answere":"甲状旁腺素",
"sx_answer":"E",
"sx_analyze":"甲状旁腺激素可促进肾远曲小管对钙的重吸收，使尿钙减少，血钙升高；同时抑制近曲小管对磷的重吸收，尿中磷酸盐增加，血磷下降。",
"sx_all":"1",
"sx_wrong":"0"
},
{
"sx_id":"245",
"sx_type":"3",
"sx_title":"内分泌",
"sx_subject":"促进机体“保钠排钾”的主要激素是（2009真题上85）&nbsp;",
"sx_answera":"皮质酮  ",
"sx_answerb":"胰岛素",
"sx_answerc":"醛固酮 ",
"sx_answerd":"甲状腺素 ",
"sx_answere":"甲状旁腺素 ",
"sx_answer":"C",
"sx_analyze":"醛固酮的主要功能是对肾有保钠、保水和排钾作用，进而影响细胞外液和循环血量的相对稳定。",
"sx_all":"1",
"sx_wrong":"0"
},
{
"sx_id":"247",
"sx_type":"3",
"sx_title":"内分泌",
"sx_subject":"胰岛中分泌胰岛素的细胞是（2010真题上43）",
"sx_answera":"A 细胞",
"sx_answerb":"B 细胞 ",
"sx_answerc":"D 细胞 ",
"sx_answerd":"F 细胞 ",
"sx_answere":"PP 细胞 ",
"sx_answer":"B",
"sx_analyze":"胰腺的内分泌部分称为胰岛。其中胰岛A细胞分泌胰高血糖素，B细胞分泌胰岛素。",
"sx_all":"1",
"sx_wrong":"0"
},
{
"sx_id":"248",
"sx_type":"3",
"sx_title":"内分泌",
"sx_subject":"下丘脑-神经垂体系统分泌的激素是（2010真题上44）",
"sx_answera":"生长激素和催乳素  ",
"sx_answerb":"抗利尿激素和催产素 ",
"sx_answerc":"促性腺激素和促黑激素  ",
"sx_answerd":"肾上腺素和去甲肾上腺素 ",
"sx_answere":"促甲状腺激素和促肾上腺皮质激素",
"sx_answer":"B",
"sx_analyze":"神经垂体激素包括抗利尿激素和催产素。由下丘脑产生，运送至神经垂体贮存。",
"sx_all":"1",
"sx_wrong":"0"
},
{
"sx_id":"249",
"sx_type":"3",
"sx_title":"内分泌",
"sx_subject":"褪黑素对生长发育期哺乳动物生殖活动的影响是（2010真题上45）&nbsp;",
"sx_answera":"延缓性成熟  ",
"sx_answerb":"促进性腺的发育 ",
"sx_answerc":"延长精子的寿命    ",
"sx_answerd":"促进副性腺的发育 ",
"sx_answere":"促进垂体分泌促性腺激素 ",
"sx_answer":"A",
"sx_analyze":"褪黑素对生殖活动的影响：在哺乳动物，褪黑素主要是通过抑制垂体促性腺激素的分泌，从而影响生殖系统的功能，表现为抑制性腺和副性腺的发育，延缓性成熟。",
"sx_all":"1",
"sx_wrong":"0"
},
{
"sx_id":"251",
"sx_type":"3",
"sx_title":"内分泌",
"sx_subject":"垂体分泌的促性腺激素包括（2012真题上44）&nbsp;",
"sx_answera":"促黑色激素与雄激素",
"sx_answerb":"促黑色激素与孕酮 ",
"sx_answerc":"促卵泡激素与促黄体生成素  ",
"sx_answerd":"促卵泡激素与催乳素 ",
"sx_answere":"促黄体生成素与催产素",
"sx_answer":"C",
"sx_analyze":"垂体分泌的促性腺激素包括促卵泡激素（FSH）和促黄体生成素（LH）。",
"sx_all":"1",
"sx_wrong":"0"
},
{
"sx_id":"252",
"sx_type":"3",
"sx_title":"内分泌",
"sx_subject":"属于盐皮质激素的是（2012真题上45）&nbsp;",
"sx_answera":"降钙素",
"sx_answerb":"抗利尿激素",
"sx_answerc":"醛固酮  ",
"sx_answerd":"皮质醇",
"sx_answere":"肾上腺素",
"sx_answer":"C",
"sx_analyze":"肾上腺皮质激素包括糖皮质激素（皮质醇、皮质酮）和盐皮质激素（醛固酮等）&nbsp;",
"sx_all":"1",
"sx_wrong":"0"
},
{
"sx_id":"255",
"sx_type":"3",
"sx_title":"内分泌",
"sx_subject":"褪黑素对生长发育期哺乳动物生殖系统的影响是（2013真题上45）",
"sx_answera":"促进性腺的发育  ",
"sx_answerb":"促进副性腺的发育",
"sx_answerc":"促进垂体分泌促性腺激素 ",
"sx_answerd":"延长精子的寿命",
"sx_answere":"延缓性成熟",
"sx_answer":"E",
"sx_analyze":"在哺乳动物，褪黑素主要是通过抑制垂体促性腺激素影响生殖系统的功能，表现为抑制性腺和副性腺的发育，延缓性成熟。\n<br>",
"sx_all":"1",
"sx_wrong":"0"
},
{
"sx_id":"256",
"sx_type":"3",
"sx_title":"生殖泌乳",
"sx_subject":"直接刺激黄体分泌孕酮的激素是（2010真题上46）&nbsp;",
"sx_answera":"褪黑素 ",
"sx_answerb":"卵泡刺激素 ",
"sx_answerc":"黄体生成素    ",
"sx_answerd":"促甲状腺激素",
"sx_answere":"促肾上腺皮质激素 ",
"sx_answer":"C",
"sx_analyze":"促性腺激素主要包括促卵泡激素（FSH）和促黄体生成素（LH）两种。在雌性动物，LH的主要作用是促进卵巢合成雌激素，促进卵泡发育和成熟，促进排卵和排卵后黄体的形成，以及直接刺激黄体细胞分泌孕酮。",
"sx_all":"1",
"sx_wrong":"0"
},
{
"sx_id":"257",
"sx_type":"3",
"sx_title":"生殖泌乳",
"sx_subject":"具有自发性排卵功能的动物是（2012真题上46）&nbsp;",
"sx_answera":"猫 ",
"sx_answerb":"兔 ",
"sx_answerc":"骆驼 ",
"sx_answerd":"水貂 ",
"sx_answere":"牛",
"sx_answer":"E",
"sx_analyze":"卵巢内卵子从成熟卵泡中排出的过程称为排卵，哺乳动物的排卵分两种：自发性排卵指卵泡发育成熟后可自行破裂而排卵，牛、马、猪、羊、鼠属于此类；诱发性排卵指卵泡发育成熟后必须通过交配才能排卵，猫、兔、骆驼、水貂等属于此类。&nbsp;",
"sx_all":"1",
"sx_wrong":"0"
},
{
"sx_id":"258",
"sx_type":"3",
"sx_title":"生殖泌乳",
"sx_subject":"动物在怀孕期间一般不发情，其主要原因是血液中含有高浓度的（2013真题上46）",
"sx_answera":"卵泡刺激素 ",
"sx_answerb":"黄体生成素",
"sx_answerc":"雌激素 ",
"sx_answerd":"孕酮 ",
"sx_answere":"松弛素",
"sx_answer":"D",
"sx_analyze":"血中高浓度的孕酮可抑制动物发情和排卵。",
"sx_all":"1",
"sx_wrong":"0"
},
{
"sx_id":"1484",
"sx_type":"3",
"sx_title":" 采食、消化和吸收",
"sx_subject":"小肠吸收葡萄糖的主要方式是（2009真题上42）&nbsp;\n<br>",
"sx_answera":"胞吞",
"sx_answerb":"易化扩散",
"sx_answerc":"简单扩散  ",
"sx_answerd":"继发性主动转运",
"sx_answere":"原发性主动转运",
"sx_answer":"D",
"sx_analyze":"小肠腔葡萄糖通过同向转运机制吸收，即通过与钠吸收相偶联的继发性主动转运机制吸收。小肠黏膜上皮细胞的刷状缘上存在着Na+-葡萄糖同向转运载体，可以使Na+和葡萄糖进入细胞。而肠绒毛上皮基底部有钠离子泵，通过消耗能量的主动运输将细胞内的Na+泵入细胞间液，维持细胞内外的Na+浓度差，为葡萄糖的转运提供条件。所以小肠吸收葡萄糖的方式是继发性的主动转运。",
"sx_all":"1",
"sx_wrong":"0"
},
{
"sx_id":"1485",
"sx_type":"3",
"sx_title":"泌尿排尿",
"sx_subject":"葡萄糖在近曲小管的吸收机制为（2013真题上43）",
"sx_answera":"简单扩散",
"sx_answerb":"内吞",
"sx_answerc":"渗透 ",
"sx_answerd":"滤过",
"sx_answere":"继发性主动转运",
"sx_answer":"E",
"sx_analyze":"小管液中100％的葡萄糖都在近球小管重吸收，机理是：小管上皮细胞的载体蛋白上存在两种结合位点，能分别与葡萄糖、Na+结合形成复合体，然后可将葡萄糖和Na+转运到细胞内，这种转运称为协同（同向）转运。进入细胞内的Na+被钠泵泵入管周组织间液，葡萄糖则顺浓度差被易化扩散到管周的组织间液，进而回到血液。小管上皮细胞的载体蛋白对葡萄糖和Na+的协同转运是借助于Na+的主动转运而实现的，因此是继发性主动转运。",
"sx_all":"1",
"sx_wrong":"0"
},
{
"sx_id":"1486",
"sx_type":"3",
"sx_title":"内分泌",
"sx_subject":"属于含氮激素的是（2012真题上43）&nbsp;&nbsp;",
"sx_answera":"甲状腺素、胰岛素、前列腺素",
"sx_answerb":"甲状旁腺激素、胰岛素、雌激素 ",
"sx_answerc":"降钙素、肾上腺素、雄激素   ",
"sx_answerd":"生长激素、去甲肾上腺素、孕激素 ",
"sx_answere":"生长激素、胰岛素、肾上腺素",
"sx_answer":"E",
"sx_analyze":"素按化学性质可分为含氮激素、类固醇激素和脂肪酸类激素。含氮激素又分为两类，第一类是肽类和蛋白质激素，包括下丘脑激素（促性腺激素释放激素、促甲状腺激素释放激素等）、垂体激素（生长激素、催乳素、促性腺激素、促甲状腺激素等）、胰岛素、甲状旁腺激素、降钙素；另一类是胺类激素，包括肾上腺素、去甲肾上腺素和甲状腺激素。类固醇类激素包括肾上腺皮质激素和性腺分泌的性激素。脂肪酸衍生物类激素包括前列腺素。",
"sx_all":"1",
"sx_wrong":"0"
},
{
"sx_id":"1650",
"sx_type":"3",
"sx_title":"基础知识",
"sx_subject":"用盐析法可将血浆蛋白分为",
"sx_answera":"白蛋白、球蛋白和纤维蛋白",
"sx_answerb":"白蛋白、球蛋白和纤维蛋白原",
"sx_answerc":"白蛋白、血红蛋白和纤维蛋白原",
"sx_answerd":"白蛋白、血红蛋白和纤维蛋白",
"sx_answere":"血红蛋白、球蛋白和纤维蛋白原",
"sx_answer":"B",
"sx_analyze":"血浆蛋白包括白蛋白、球蛋白、纤维蛋白原，由于三者的溶解度不同，利用盐析法可以将血浆蛋白分为此三种。",
"sx_all":"1",
"sx_wrong":"0"
},
{
"sx_id":"1651",
"sx_type":"3",
"sx_title":"基础知识",
"sx_subject":"颈动脉体和主动脉体化学感受器可感受的刺激是",
"sx_answera":"白蛋白含量变化",
"sx_answerb":"氢离子浓度变化",
"sx_answerc":"钠离子浓度变化",
"sx_answerd":"钙离子浓度变化",
"sx_answere":"钾离子浓度变化",
"sx_answer":"B",
"sx_analyze":"在颈动脉体和主动脉体，存在着对血液中CO2分压、pH和O2分压变化敏感的化学感受器，其中对pH的变化就是指氢离子浓度变化。",
"sx_all":"1",
"sx_wrong":"0"
},
{
"sx_id":"1652",
"sx_type":"3",
"sx_title":"基础知识",
"sx_subject":"吸气时胸膜腔内的压力变化是",
"sx_answera":"负压消失",
"sx_answerb":"负压减小",
"sx_answerc":"负压増大",
"sx_answerd":"压力等于大气压",
"sx_answere":"压力大于大气压",
"sx_answer":"C",
"sx_analyze":"胸膜脏层表面的压力有两个：一个是肺内压，一个是肺的回缩力，若以大气压为零，则胸内压=-肺回缩力；吸气时胸廓扩大，肺被扩张，回缩力増大，胸内负压也増大。",
"sx_all":"1",
"sx_wrong":"0"
},
{
"sx_id":"1653",
"sx_type":"3",
"sx_title":"基础知识",
"sx_subject":"属于胆碱能受体的是",
"sx_answera":"M受体和N受体",
"sx_answerb":"M受体和β受体",
"sx_answerc":"α受体和β受体",
"sx_answerd":"M受体和α受体",
"sx_answere":"N受体和α受体",
"sx_answer":"A",
"sx_analyze":"以乙酰胆碱为配体的受体称为胆碱能受体，根据药理特性，胆碱能受体分为两大类：毒覃碱受体（M受体）和烟碱受体（N受体）。根据对去甲肾上腺素的不同反应情况，肾上腺素能受体分为α受体和β受体。",
"sx_all":"1",
"sx_wrong":"0"
},
{
"sx_id":"1654",
"sx_type":"3",
"sx_title":"基础知识",
"sx_subject":"寒冷环境下，参与维持动物机体体温稳定的是",
"sx_answera":"冷敏感神经元发放冲动频率减少",
"sx_answerb":"深部血管舒张",
"sx_answerc":"体表血管舒张",
"sx_answerd":"甲状腺激素分泌减少",
"sx_answere":"骨骼肌战栗产热",
"sx_answer":"E",
"sx_analyze":"动物在寒冷环境中，散热量明显増加，在发生战栗之前先出现寒冷性肌紧张，此时代谢率増加，随着寒冷的继续作用，在此基础上出现战栗，产热量大大増加，维持体温平衡。",
"sx_all":"1",
"sx_wrong":"0"
},
{
"sx_id":"1655",
"sx_type":"3",
"sx_title":"基础知识",
"sx_subject":"细胞分泌的激素进入细胞间液，通过扩散作用于靶细胞发生作用的的传递方式叫做",
"sx_answera":"内分泌",
"sx_answerb":"外分泌",
"sx_answerc":"旁分泌",
"sx_answerd":"自分泌",
"sx_answere":"神经内分泌",
"sx_answer":"C",
"sx_analyze":"激素可通过多种形式在机体内进行信息传递。内分泌细胞分泌的激素进入血液，经血液循环到达靶细胞发挥生理作用，即传统的内分泌；神经激素进入血液，到达靶细胞起作用，称为神经内分泌；内分泌细胞分泌的激素进入细胞间液，通过扩散到达邻近的靶细胞发挥作用，称为旁分泌；内分泌细胞分泌的激素进入细胞间液对自身起调节作用，称为自分泌。",
"sx_all":"1",
"sx_wrong":"0"
},
{
"sx_id":"1656",
"sx_type":"3",
"sx_title":"基础知识",
"sx_subject":"下丘脑的大细胞神经元分泌的激素是",
"sx_answera":"生长抑素",
"sx_answerb":"催产素",
"sx_answerc":"促性腺激素释放激素",
"sx_answerd":"促黑激素释放抑制因子",
"sx_answere":"催乳素",
"sx_answer":"B",
"sx_analyze":"下丘脑内有一部分细胞兼有神经细胞和内分泌细胞的特性，这些细胞可分为两类：神经内分泌大细胞（分泌血管升压素和催产素）和神经内分泌小细胞。",
"sx_all":"1",
"sx_wrong":"0"
},
{
"sx_id":"1657",
"sx_type":"3",
"sx_title":"基础知识",
"sx_subject":"前列腺素E的生理功能之一是",
"sx_answera":"抑制精子的成熟",
"sx_answerb":"抑制卵子的成熟",
"sx_answerc":"松弛血管平滑肌",
"sx_answerd":"松弛胃肠平滑肌",
"sx_answere":"促进胃酸分泌",
"sx_answer":"C",
"sx_analyze":"前列腺素E的生理功能：具有抗血小板凝集作用、松弛血管平滑肌作用、松弛支气管平滑肌作用、收缩胃肠平滑肌作用、对神经递质的释放和活动起调节作用、收缩子宫平滑肌作用。",
"sx_all":"1",
"sx_wrong":"0"
},
{
"sx_id":"1658",
"sx_type":"3",
"sx_title":"基础知识",
"sx_subject":"属于自发性排卵的动物是",
"sx_answera":"猫",
"sx_answerb":"兔",
"sx_answerc":"骆驼",
"sx_answerd":"猪",
"sx_answere":"水貂",
"sx_answer":"D",
"sx_analyze":"家畜的排卵有两种类型：卵泡发育成熟后，自行破裂而排卵称为自发性排卵，主要有牛、马、猪、羊等动物；猫、兔、骆驼、水貂等只有交配后才能排卵，称为诱发性排卵。",
"sx_all":"1",
"sx_wrong":"0"
},
{
"sx_id":"1659",
"sx_type":"3",
"sx_title":"基础知识",
"sx_subject":"毛细血管前括约肌的主要功能是",
"sx_answera":"物质和气体交换",
"sx_answerb":"淋巴液回流",
"sx_answerc":"参与体温调节",
"sx_answerd":"感受刺激",
"sx_answere":"控制微循环血流量",
"sx_answer":"E",
"sx_analyze":"微动脉与微静脉之间的血液循环称为微循环，在真毛细血管的起始端存在平滑肌细胞形成的环，即毛细血管前括约肌，它决定了进入微循环的血流量。真毛细血管管壁由单层内皮细胞构成，内皮细胞之间的裂隙成为沟通毛细血管内外的孔道，利于物质和气体交换。",
"sx_all":"1",
"sx_wrong":"0"
},
{
"sx_id":"1660",
"sx_type":"3",
"sx_title":"基础知识",
"sx_subject":"真毛细血管的主要生理功能是",
"sx_answera":"物质和气体交换",
"sx_answerb":"淋巴液回流",
"sx_answerc":"参与体温调节",
"sx_answerd":"感受刺激",
"sx_answere":"控制微循环血流量",
"sx_answer":"A",
"sx_analyze":"微动脉与微静脉之间的血液循环称为微循环，在真毛细血管的起始端存在平滑肌细胞形成的环，即毛细血管前括约肌，它决定了进入微循环的血流量。真毛细血管管壁由单层内皮细胞构成，内皮细胞之间的裂隙成为沟通毛细血管内外的孔道，利于物质和气体交换。",
"sx_all":"1",
"sx_wrong":"0"
},
{
"sx_id":"1661",
"sx_type":"3",
"sx_title":"基础知识",
"sx_subject":"牛因创伤失血，导致尿量减少，经测定动脉血压降至正常值的70%。其尿量减少的机制是",
"sx_answera":"肾小球毛细血管血压下降",
"sx_answerb":"囊内压下降",
"sx_answerc":"血管胶体渗透压下降",
"sx_answerd":"血管晶体渗透压下降",
"sx_answere":"滤过膜通透性下降",
"sx_answer":"A",
"sx_analyze":"肾小球有效滤过压=肾小球毛细血管血压-（血浆胶体渗透压+肾小囊内压），牛因创伤失血，动脉压下降，即肾小球毛细血管血压下降，最终导致有效滤过压降低，尿量减少。",
"sx_all":"1",
"sx_wrong":"0"
}
]
}