{
"RECORDS":[
{
"sx_id":"267",
"sx_type":"4",
"sx_title":"蛋白质",
"sx_subject":"动物不能自身合成、必需从饲料中摄取的氨基酸是（2010真题上47）&nbsp;",
"sx_answera":"赖氨酸",
"sx_answerb":"甘氨酸",
"sx_answerc":"脯氨酸  ",
"sx_answerd":"丙氨酸  ",
"sx_answere":"谷氨酸 ",
"sx_answer":"A",
"sx_analyze":"必需氨基酸：动物自身不能合成或合成太慢，只能由饲料中摄取的氨基酸。共8种，分别是甲硫氨酸，赖氨酸，缬氨酸，异亮氨酸，苯丙氨酸，亮氨酸，色氨酸，苏氨酸，记忆口诀是“家来借一本亮色书”。",
"sx_all":"1",
"sx_wrong":"0"
},
{
"sx_id":"268",
"sx_type":"4",
"sx_title":"蛋白质",
"sx_subject":"具有四级结构的蛋白质通常有（2013真题上47）",
"sx_answera":"一个α亚基  ",
"sx_answerb":"一个β亚基",
"sx_answerc":"两种或两种以上的亚基",
"sx_answerd":"辅酶",
"sx_answere":"二硫键",
"sx_answer":"C",
"sx_analyze":"蛋白质的四级结构是指多个具有三级结构的多肽链的聚合。这些多肽链本身都具有特定的三级结构，称为亚基，四级结构即亚基的种类、数目、空间排布和相互作用。&nbsp;",
"sx_all":"1",
"sx_wrong":"0"
},
{
"sx_id":"271",
"sx_type":"4",
"sx_title":"生物膜",
"sx_subject":"构成生物膜的骨架是（2010真题上48）\n<br>",
"sx_answera":"蛋白质",
"sx_answerb":"胆固醇 ",
"sx_answerc":"糖聚合物",
"sx_answerd":"脂质双分子层",
"sx_answere":"脂蛋白复合物",
"sx_answer":"D",
"sx_analyze":"生物膜结构的流动镶嵌模型：脂质双分子层形成膜的基本结构/骨架，呈流动的液晶态；蛋白质有的结合于膜表面上，有的镶嵌在膜内；各种成分在脂双层上的分布是不对称的，糖基总是暴露在外表面上。",
"sx_all":"1",
"sx_wrong":"0"
},
{
"sx_id":"273",
"sx_type":"4",
"sx_title":"生物膜",
"sx_subject":"动物小肠黏膜吸收葡萄糖和氨基酸时伴有同向转运的离子是（2012真题上48）&nbsp;&nbsp;&nbsp;",
"sx_answera":"钠离子 ",
"sx_answerb":"钾离子",
"sx_answerc":"钙离子",
"sx_answerd":"氯离子",
"sx_answere":"镁离子",
"sx_answer":"A",
"sx_analyze":"继发性主动转运是由ATP间接供能的逆浓度差转运方式，它利用钠钾泵原发性主动转运形成的势能储备，来完成其他物质逆浓度梯度的转运。例如小肠上皮细胞吸收葡萄糖，伴随着Na+&nbsp;的同向转运，由钠钾泵将Na+不断排出，才能使葡糖糖的吸收持续下去。",
"sx_all":"1",
"sx_wrong":"0"
},
{
"sx_id":"275",
"sx_type":"4",
"sx_title":"生物膜",
"sx_subject":"属于生物膜组成成分的物质是（2013真题上48）",
"sx_answera":"丙酮酸 ",
"sx_answerb":"乳糖",
"sx_answerc":"磷脂 ",
"sx_answerd":"乙酸 ",
"sx_answere":"甘油",
"sx_answer":"C",
"sx_analyze":"生物膜主要由脂类和蛋白质组成，还有少量糖、金属离子和水。\n<br>膜脂：磷脂、少量的糖脂和胆固醇\n<br>膜蛋白：酶、膜受体、转运蛋白、抗原和结构蛋白\n<br>膜糖：形成糖蛋白或糖脂\n<br>",
"sx_all":"1",
"sx_wrong":"0"
},
{
"sx_id":"277",
"sx_type":"4",
"sx_title":"酶",
"sx_subject":"酶的比活力越高表示酶（2010真题上49）&nbsp;",
"sx_answera":"纯度越低  ",
"sx_answerb":"纯度越高 ",
"sx_answerc":"活力越小 ",
"sx_answerd":"Km 值越大",
"sx_answere":"性质越稳定 ",
"sx_answer":"B",
"sx_analyze":"酶活力单位：酶促反应在单位时间内生成一定量的产物或消耗一定量的底物所需的酶量，用来表示酶活性的大小。\n<br>比活力：每克/每毫升酶制剂所含有的活力单位数，对同一种酶来说，比活力越高，纯度越高。比活力&nbsp;=&nbsp;活力单位数/酶蛋白重量。",
"sx_all":"1",
"sx_wrong":"0"
},
{
"sx_id":"279",
"sx_type":"4",
"sx_title":"酶",
"sx_subject":"单胃动物胃蛋白酶的最适PH范围是（2012真题上49）&nbsp;&nbsp;",
"sx_answera":"1.6-2.4",
"sx_answerb":"3.6-5.4  ",
"sx_answerc":"6.6-7.4 ",
"sx_answerd":"7.6-8.4 ",
"sx_answere":"8.6-9.4",
"sx_answer":"A",
"sx_analyze":"动物体内多数酶的最适PH接近中性，但也有例外，如胃蛋白酶的最适PH约为1.8，胰蛋白酶约为8，而肝精氨酸酶约为9.8。",
"sx_all":"1",
"sx_wrong":"0"
},
{
"sx_id":"280",
"sx_type":"4",
"sx_title":"酶",
"sx_subject":"结合酶的基本结构是（2013真题上49）",
"sx_answera":"由多个亚基聚合而成",
"sx_answerb":"由多个辅助因子组成",
"sx_answerc":"由酶蛋白和辅助因子组成 ",
"sx_answerd":"由酶蛋白组成",
"sx_answere":"由不同的酶结合而成",
"sx_answer":"C",
"sx_analyze":"基本组成仅是蛋白质的酶称为单纯酶。而结合酶的基本成分除蛋白质（酶蛋白）以外，还含有辅助因子。",
"sx_all":"1",
"sx_wrong":"0"
},
{
"sx_id":"282",
"sx_type":"4",
"sx_title":"糖代谢",
"sx_subject":"糖酵解最主要的生理意义在于&nbsp;（2009真题上51）\n<br>",
"sx_answera":"调节动物机体的酸碱平衡 ",
"sx_answerb":"在动物肌肉中贮存磷酸肌酸 ",
"sx_answerc":"满足动物机体大部分的ATP需求 ",
"sx_answerd":"在动物缺氧时迅速提供所需的能量 ",
"sx_answere":"为动物机体提供糖异生的原料一乳糖",
"sx_answer":"D",
"sx_analyze":"当动物缺氧或剧烈运动时，氧的供应不能满足肌肉将葡萄糖完全氧化的需求，糖的无氧分解最主要的生理意义在于此时迅速提供生理活动所需的能量。",
"sx_all":"1",
"sx_wrong":"0"
},
{
"sx_id":"284",
"sx_type":"4",
"sx_title":"糖代谢",
"sx_subject":"动物采食后血糖浓度（2010真题上50）&nbsp;",
"sx_answera":"维持恒定",
"sx_answerb":"逐渐下降 ",
"sx_answerc":"先下降后上升 ",
"sx_answerd":"先下降后恢复正常 ",
"sx_answere":"先上升后恢复正常 ",
"sx_answer":"E",
"sx_analyze":"动物采食后血糖浓度短暂上升，随即糖原合成增强而分解减弱，氨基酸的糖异生减弱，糖加快转变为脂肪，血糖浓度很快恢复正常。",
"sx_all":"1",
"sx_wrong":"0"
},
{
"sx_id":"286",
"sx_type":"4",
"sx_title":"糖代谢",
"sx_subject":"可以在动物体内转变成葡萄糖和糖原的物质是（2012真题上50）&nbsp;&nbsp;&nbsp;&nbsp;",
"sx_answera":"乳酸 ",
"sx_answerb":"乙酸",
"sx_answerc":"亮氨酸  ",
"sx_answerd":"乙酰乙酸 ",
"sx_answere":"赖氨酸",
"sx_answer":"A",
"sx_analyze":"糖异生是指非糖物质（甘油、丙酸、乳酸、生糖氨基酸、丙酮酸及三羧酸循环中的各种羧酸）转变成葡萄糖或糖原的过程。因此该题选乳酸。",
"sx_all":"1",
"sx_wrong":"0"
},
{
"sx_id":"288",
"sx_type":"4",
"sx_title":"糖代谢",
"sx_subject":"丙酸在反刍动物体内主要用于（2012真题上54）&nbsp;",
"sx_answera":"合成丙氨酸",
"sx_answerb":"异生葡萄糖 ",
"sx_answerc":"运输蛋白质 ",
"sx_answerd":"转化胆固醇",
"sx_answere":"合成卵磷脂",
"sx_answer":"B",
"sx_analyze":"对反刍动物，饲料中的糖主要是纤维素，在瘤胃微生物的纤维素酶作用下，转变为乙酸、丙酸、丁酸，其中丙酸是糖异生的主要前体。",
"sx_all":"1",
"sx_wrong":"0"
},
{
"sx_id":"289",
"sx_type":"4",
"sx_title":"糖代谢",
"sx_subject":"动物采食后血糖浓度（2013真题上50）",
"sx_answera":"维持恒定  ",
"sx_answerb":"逐渐下降",
"sx_answerc":"先下降后上升  ",
"sx_answerd":"先下降后恢复正常",
"sx_answere":"先上升后恢复正常",
"sx_answer":"E",
"sx_analyze":"采食后血糖浓度短暂上升，随即糖原合成增强而分解减弱，氨基酸的糖异生减弱，糖加快转变为脂肪，血糖浓度很快恢复正常。",
"sx_all":"1",
"sx_wrong":"0"
},
{
"sx_id":"291",
"sx_type":"4",
"sx_title":"糖代谢",
"sx_subject":"磷酸戊糖途径较为活跃的器官是（2013真题上51）",
"sx_answera":"快速跳动的心脏",
"sx_answerb":"剧烈运动的肌肉",
"sx_answerc":"哺乳期的乳腺 ",
"sx_answerd":"机体的表皮",
"sx_answere":"饥饿时的肝脏",
"sx_answer":"C",
"sx_analyze":"磷酸戊糖途径中产生的还原辅酶NADPH+H+是生物合成反应的重要供氢体，为合成脂肪、胆固醇、类固醇激素和脱氧核苷酸提供氢，所以在脂类合成旺盛的脂肪组织、哺乳期乳腺、肾上腺皮质、睾丸等组织中较活跃。",
"sx_all":"1",
"sx_wrong":"0"
},
{
"sx_id":"294",
"sx_type":"4",
"sx_title":"生物氧化",
"sx_subject":"真核细胞生物氧化的主要场所是（2010真题上51）&nbsp;",
"sx_answera":"线粒体 ",
"sx_answerb":" 溶酶体 ",
"sx_answerc":"核糖体 ",
"sx_answerd":" 过氧化物酶体 ",
"sx_answere":"高尔基复合体 ",
"sx_answer":"A",
"sx_analyze":"生物氧化的场所：真核细胞在线粒体中；原核细胞无线粒体，在细胞膜上。",
"sx_all":"1",
"sx_wrong":"0"
},
{
"sx_id":"295",
"sx_type":"4",
"sx_title":"生物氧化",
"sx_subject":"真核细胞生物氧化的主要场所是（2012真题上51）&nbsp;&nbsp;",
"sx_answera":"核糖体 ",
"sx_answerb":"线粒体   ",
"sx_answerc":"溶酶体",
"sx_answerd":"高尔基复合体 ",
"sx_answere":"过氧化物酶体",
"sx_answer":"B",
"sx_analyze":"真核细胞的生物氧化在线粒体中；原核细胞无线粒体，生物氧化在细胞膜上。",
"sx_all":"1",
"sx_wrong":"0"
},
{
"sx_id":"296",
"sx_type":"4",
"sx_title":"生物氧化",
"sx_subject":"生物氧化中产生CO2的主要方式是（2013真题上52）",
"sx_answera":"缩合反应 ",
"sx_answerb":"偶联反应 ",
"sx_answerc":"脱氧反应 ",
"sx_answerd":"脱羧反应 ",
"sx_answere":"羧化反应",
"sx_answer":"D",
"sx_analyze":"生物氧化中营养物质主要以脱氢、脱羧、水化、加成和化学键断裂等方式分解，脱羧产生CO2。",
"sx_all":"1",
"sx_wrong":"0"
},
{
"sx_id":"298",
"sx_type":"4",
"sx_title":"脂类代谢",
"sx_subject":"在脂肪动员过程中催化脂肪水解的酶是（2009真题上52）&nbsp;\n<br>",
"sx_answera":"硫酯酶 ",
"sx_answerb":"磷脂酶",
"sx_answerc":"脂酚基转移酶 ",
"sx_answerd":"脂蛋白脂肪酶",
"sx_answere":"激素敏感脂肪酶",
"sx_answer":"E",
"sx_analyze":"在激素敏感脂肪酶作用下，贮存在脂肪细胞中的脂肪被水解为游离脂肪酸和甘油并释放入血液，被其他组织利用，这一过程称为脂肪动员。",
"sx_all":"1",
"sx_wrong":"0"
},
{
"sx_id":"300",
"sx_type":"4",
"sx_title":"脂类代谢",
"sx_subject":"影响动物脂肪动员的关键酶是（2012真题上52）&nbsp;",
"sx_answera":"激素敏感脂肪酶 ",
"sx_answerb":"脂蛋白脂肪酶 ",
"sx_answerc":"磷酸甘油激酶   ",
"sx_answerd":"转脂酰基酶 ",
"sx_answere":"磷脂酶",
"sx_answer":"A",
"sx_analyze":"在激素敏感脂肪酶作用下，脂肪被水解为游离脂肪酸和甘油并释放入血液，被其他组织氧化利用，这一过程称为脂肪动员。&nbsp;&nbsp;&nbsp;&nbsp;&nbsp;",
"sx_all":"1",
"sx_wrong":"0"
},
{
"sx_id":"302",
"sx_type":"4",
"sx_title":"含氮小分子的代谢",
"sx_subject":"接受氨基可直接转化为谷氨酸的是（2009真题上86）",
"sx_answera":"琥珀酸",
"sx_answerb":"丙酮酸",
"sx_answerc":"苹果酸 ",
"sx_answerd":"草酰乙酸 ",
"sx_answere":"α-酮戊二酸",
"sx_answer":"E",
"sx_analyze":"非必需氨基酸的合成：α-酮酸在体内可经过氨基化作用生成相应的氨基酸，丙酮酸生成丙氨酸，草酰乙酸生成天冬氨酸，α-酮戊二酸生成谷氨酸。",
"sx_all":"1",
"sx_wrong":"0"
},
{
"sx_id":"303",
"sx_type":"4",
"sx_title":"含氮小分子的代谢",
"sx_subject":"接受氨基可直接转化为丙氨酸的是（2009真题上87）&nbsp;",
"sx_answera":"琥珀酸 ",
"sx_answerb":"丙酮酸  ",
"sx_answerc":"苹果酸",
"sx_answerd":"草酰乙酸",
"sx_answere":"α-酮戊二酸 ",
"sx_answer":"B",
"sx_analyze":"非必需氨基酸的合成：α-酮酸在体内可经过氨基化作用生成相应的氨基酸，丙酮酸生成丙氨酸，草酰乙酸生成天冬氨酸，α-酮戊二酸生成谷氨酸。",
"sx_all":"1",
"sx_wrong":"0"
},
{
"sx_id":"305",
"sx_type":"4",
"sx_title":"含氮小分子的代谢",
"sx_subject":"接受氨基可直接转化为天冬氨酸的是（2009真题上88）&nbsp;\n<br>",
"sx_answera":"琥珀酸",
"sx_answerb":"丙酮酸 ",
"sx_answerc":"苹果酸",
"sx_answerd":"草酰乙酸",
"sx_answere":"α-酮戊二酸 ",
"sx_answer":"D",
"sx_analyze":"非必需氨基酸的合成：α-酮酸在体内可经过氨基化作用生成相应的氨基酸，丙酮酸生成丙氨酸，草酰乙酸生成天冬氨酸，α-酮戊二酸生成谷氨酸。",
"sx_all":"1",
"sx_wrong":"0"
},
{
"sx_id":"307",
"sx_type":"4",
"sx_title":"含氮小分子的代谢",
"sx_subject":"禽类排出氨的主要形式是（2010真题上53）&nbsp;",
"sx_answera":"尿素",
"sx_answerb":"嘌呤 ",
"sx_answerc":"尿酸盐",
"sx_answerd":"游离氨  ",
"sx_answere":"谷氨酰胺 ",
"sx_answer":"C",
"sx_analyze":"水生动物借助水直接排氨；鸟类和陆生爬行动物排尿酸（盐）；绝大多数陆生脊椎动物排尿素。",
"sx_all":"1",
"sx_wrong":"0"
},
{
"sx_id":"308",
"sx_type":"4",
"sx_title":"含氮小分子的代谢",
"sx_subject":"哺乳动物合成尿素的主要器官是（2012真题上53）&nbsp;",
"sx_answera":"肝 ",
"sx_answerb":"脑 ",
"sx_answerc":"脾 ",
"sx_answerd":"肾 ",
"sx_answere":"胰",
"sx_answer":"A",
"sx_analyze":"氨在动物体内是有毒的，而肝脏是人体最主要的解毒器官。肝脏是合成尿素的主要器官。肾脏、脑等也能合成尿素，但量很小。",
"sx_all":"1",
"sx_wrong":"0"
},
{
"sx_id":"310",
"sx_type":"4",
"sx_title":"含氮小分子的代谢",
"sx_subject":"参与联合脱氨基作用的酶是（2013真题上53）",
"sx_answera":"L-谷氨酸脱氢酶 ",
"sx_answerb":"L-氨基酸氧化酶",
"sx_answerc":"谷氨酰胺酶 ",
"sx_answerd":"氨甲酰基转移酶",
"sx_answere":"氨甲酰磷酸合成酶",
"sx_answer":"A",
"sx_analyze":"大多数氨基酸脱氨基是通过转氨基作用和氧化脱氨基作用联合进行的，称为联合脱氨基作用。各种氨基酸先与α-酮戊二酸进行转氨基反应，生成相应的α-酮酸和L-谷氨酸，然后L-谷氨酸再经L-谷氨酸脱氢酶作用进行氧化脱氨基反应，生成氨和α-酮戊二酸。全过程是可逆的。",
"sx_all":"1",
"sx_wrong":"0"
},
{
"sx_id":"312",
"sx_type":"4",
"sx_title":"含氮小分子的代谢",
"sx_subject":"可以转变为肾上腺素的氨基酸是（2013真题上54）",
"sx_answera":"谷氨酸 ",
"sx_answerb":"亮氨酸  ",
"sx_answerc":"甘氨酸  ",
"sx_answerd":"苯丙氨酸 ",
"sx_answere":"赖氨酸",
"sx_answer":"D",
"sx_analyze":"苯丙氨酸、酪氨酸等芳香族氨基酸是甲状腺激素、肾上腺素和去甲肾上腺素等激素的前体。",
"sx_all":"1",
"sx_wrong":"0"
},
{
"sx_id":"313",
"sx_type":"4",
"sx_title":"物质代谢的联系与调节",
"sx_subject":"葡萄糖和脂肪酸分解进入三羧酸循环的共同中间代谢产物是（2010真题上54）&nbsp;",
"sx_answera":"丙酸",
"sx_answerb":"乙酰CoA  ",
"sx_answerc":"琥珀酰CoA ",
"sx_answerd":"α-磷酸甘油",
"sx_answere":"磷酸二羟丙酮",
"sx_answer":"B",
"sx_analyze":"葡萄糖→&nbsp;2丙酮酸→&nbsp;2乙酰CoA，进入三羧酸循环。\n<br>脂肪酸的分解氧化发生在β-碳原子上，每次降解生成一个乙酰CoA和比原来少两个碳原子的脂酰CoA&nbsp;,&nbsp;如此循环往复。乙酰CoA经过三羧酸循环彻底氧化分解并释放能量。\n<br>所以葡萄糖和脂肪酸分解进入三羧酸循环的共同中间代谢产物是乙酰CoA。",
"sx_all":"1",
"sx_wrong":"0"
},
{
"sx_id":"314",
"sx_type":"4",
"sx_title":"物质代谢的联系与调节",
"sx_subject":"所有氨基酸在动物体内最终都能转变为（2013真题上55）",
"sx_answera":"必需脂肪酸 ",
"sx_answerb":"磷脂 ",
"sx_answerc":"脂肪  ",
"sx_answerd":"核苷酸 ",
"sx_answere":"葡萄糖",
"sx_answer":"C",
"sx_analyze":"脂代谢与氨基酸代谢的联系：所有氨基酸都可以在动物体内转变为脂肪。",
"sx_all":"1",
"sx_wrong":"0"
},
{
"sx_id":"315",
"sx_type":"4",
"sx_title":"核酸",
"sx_subject":"只出现在DNA分子中的碱基是（2009真题上48）&nbsp;",
"sx_answera":"腺嘌呤（A）",
"sx_answerb":"尿嘧啶（U） ",
"sx_answerc":"鸟嘌呤（G）",
"sx_answerd":"胞嘧啶（C）",
"sx_answere":"胸腺嘧啶（T）",
"sx_answer":"E",
"sx_analyze":"DNA中含有腺嘌呤（A）、鸟嘌呤（G）、胞嘧啶（C）、胸腺嘧啶（T）；RNA&nbsp;中含有腺嘌呤（A）、鸟嘌呤（G）、胞嘧啶（C）、尿嘧啶（U）。",
"sx_all":"1",
"sx_wrong":"0"
},
{
"sx_id":"317",
"sx_type":"4",
"sx_title":"核酸",
"sx_subject":"紫外线照射可能诱发皮肤癌，所涉及的DNA&nbsp;结构的改变是（2010真题上86）",
"sx_answera":"DNA 修饰",
"sx_answerb":"DNA 复性",
"sx_answerc":"DNA 变性  ",
"sx_answerd":"DNA 重组",
"sx_answere":"DNA 损伤 ",
"sx_answer":"E",
"sx_analyze":"DNA损伤的原因：生物因素如DNA重组、病毒整合；环境中的理化因素如紫外线、辐射、化学诱变剂；DNA复制时的错配。",
"sx_all":"1",
"sx_wrong":"0"
},
{
"sx_id":"325",
"sx_type":"4",
"sx_title":"水、无机盐与酸碱平衡",
"sx_subject":"维持细胞外液晶体渗透压的主要离子是（2009真题上53）&nbsp;\n<br>",
"sx_answera":"H＋ ",
"sx_answerb":"K＋ ",
"sx_answerc":"Na＋ ",
"sx_answerd":"Mg2＋ ",
"sx_answere":"Ca2＋",
"sx_answer":"C",
"sx_analyze":"细胞外液中Na+占阳离子总量的90％左右，&nbsp;Cl-含量与Na+有平行关系，所以Na+&nbsp;和Cl-&nbsp;所引起的渗透压作用占细胞外液总渗透压的90％。即Na+&nbsp;是维持细胞外液渗透压及其容量的决定因素。",
"sx_all":"1",
"sx_wrong":"0"
},
{
"sx_id":"326",
"sx_type":"4",
"sx_title":"水、无机盐与酸碱平衡",
"sx_subject":"维生素D在体内的最高活性形式是（2013真题上56）",
"sx_answera":"维生素D2 ",
"sx_answerb":"维生素D",
"sx_answerc":"25-羟维生素D3  ",
"sx_answerd":"1-羟维生素D3",
"sx_answere":"1,25-二羟维生素D3",
"sx_answer":"E",
"sx_analyze":"骨化三醇（又称1,25-二羟维生素D3）是维生素D的最高活性形式，也是体内的一种激素，在调节血钙与血磷浓度方面有着重要作用。",
"sx_all":"1",
"sx_wrong":"0"
},
{
"sx_id":"328",
"sx_type":"4",
"sx_title":"水、无机盐与酸碱平衡",
"sx_subject":"分布于细胞外液的主要离子是（2012真题上86）&nbsp;",
"sx_answera":"Na+ ",
"sx_answerb":"K+",
"sx_answerc":"Ca2+  ",
"sx_answerd":"Mg2+  ",
"sx_answere":"Fe2+",
"sx_answer":"A",
"sx_analyze":"细胞外液中Na+占阳离子总量的90％，阴离子则以Cl-和HCO3-为主；细胞内液的主要阳离子是K+，主要阴离子是蛋白质和PO3-。两者都为电中性。",
"sx_all":"1",
"sx_wrong":"0"
},
{
"sx_id":"330",
"sx_type":"4",
"sx_title":"水、无机盐与酸碱平衡",
"sx_subject":"分布于细胞内液的主要离子是（2012真题上87）&nbsp;",
"sx_answera":"Na+  ",
"sx_answerb":"K+ ",
"sx_answerc":"Ca2+ ",
"sx_answerd":"Mg2+ ",
"sx_answere":"Fe2+",
"sx_answer":"B",
"sx_analyze":"细胞外液中Na+占阳离子总量的90％，阴离子则以Cl-和HCO3-为主；细胞内液的主要阳离子是K+，主要阴离子是蛋白质和PO3-。两者都为电中性。",
"sx_all":"1",
"sx_wrong":"0"
},
{
"sx_id":"331",
"sx_type":"4",
"sx_title":"组织与器官的生化",
"sx_subject":"肝脏中与含羟基、羧基毒物结合并解毒的主要物质是（2009真题上54）&nbsp;\n<br>",
"sx_answera":"硫酸 ",
"sx_answerb":"甘氨酸",
"sx_answerc":"谷氨酰胺  ",
"sx_answerd":"乙酰CoA ",
"sx_answere":"葡萄糖醛酸",
"sx_answer":"E",
"sx_analyze":"肝脏最重要的解毒方式是结合解毒。凡含有羟基、羧基的毒物，大部分是与葡萄糖醛酸结合而解毒的，如乙酰水杨酸、吗啡、樟脑和胆红素、雌激素等。",
"sx_all":"1",
"sx_wrong":"0"
},
{
"sx_id":"333",
"sx_type":"4",
"sx_title":"组织与器官的生化",
"sx_subject":"胶原蛋白中含量最丰富的氨基酸是（2010真题上56）&nbsp;",
"sx_answera":"丙氨酸",
"sx_answerb":"亮氨酸",
"sx_answerc":"脯氨酸 ",
"sx_answerd":"色氨酸",
"sx_answere":"半胱氨酸",
"sx_answer":"C",
"sx_analyze":"胶原蛋白含大量甘氨酸、脯氨酸、羟脯氨酸及少量羟赖氨酸。羟脯氨酸及羟赖氨酸为胶原蛋白所特有，体内其他蛋白质不含或含量甚微。胶原蛋白中含硫氨基酸及酪氨酸的含量甚少。",
"sx_all":"1",
"sx_wrong":"0"
},
{
"sx_id":"334",
"sx_type":"4",
"sx_title":"组织与器官的生化",
"sx_subject":"能够缓解高铁血红蛋白症的维生素是（2012真题上55）&nbsp;",
"sx_answera":"维生素D ",
"sx_answerb":"维生素K ",
"sx_answerc":"维生素B2 ",
"sx_answerd":"维生素C ",
"sx_answere":"维生素A",
"sx_answer":"D",
"sx_analyze":"血红蛋白被氰化钾、亚硝酸盐等氧化为高铁血红蛋白而失去携氧能力，称为高铁血红蛋白血症。红细胞自身也可使高铁血红蛋白缓慢地还原为亚铁血红蛋白，方式包括由两种还原酶催化的酶促反应和维生素C（具有还原性）及还原型谷胱甘肽参与的非酶促反应。",
"sx_all":"1",
"sx_wrong":"0"
},
{
"sx_id":"335",
"sx_type":"4",
"sx_title":"组织与器官的生化",
"sx_subject":"肌肉组织中细丝的主要成分是（2012真题上56）&nbsp;&nbsp;",
"sx_answera":"肌球蛋白",
"sx_answerb":"肌动蛋白",
"sx_answerc":"原肌球蛋白",
"sx_answerd":"肌钙蛋白",
"sx_answere":"肌红蛋白",
"sx_answer":"B",
"sx_analyze":"肌纤维内充满了许多纵向排列的肌原纤维，每个肌原纤维由许多重复的肌小节组成，每个肌小节由许多粗肌丝和细肌丝重叠排列而成。粗肌丝的主要成分是肌球蛋白，细肌丝的主要成分是肌动蛋白。\n<br>",
"sx_all":"1",
"sx_wrong":"0"
},
{
"sx_id":"336",
"sx_type":"4",
"sx_title":"组织与器官的生化",
"sx_subject":"磺胺类药物在肝脏中的解毒机制是（2013真题上86）",
"sx_answera":"胺的氧化反应",
"sx_answerb":"甘氨酸结合反应",
"sx_answerc":"酰基化反应 ",
"sx_answerd":"谷胱甘肽还原反应",
"sx_answere":"葡萄糖醛酸结合",
"sx_answer":"C",
"sx_analyze":"在肝中，乙酰辅酶A可与芳香族胺类作用使其乙酰化而解毒，例如磺胺类的解毒。因此选酰基化反应。",
"sx_all":"1",
"sx_wrong":"0"
},
{
"sx_id":"337",
"sx_type":"4",
"sx_title":"组织与器官的生化",
"sx_subject":"苯甲酸在肝脏中转化为马尿酸的解毒机制是（2013真题上87）&nbsp;",
"sx_answera":"胺的氧化反应   ",
"sx_answerb":"甘氨酸结合反应",
"sx_answerc":"酰基化反应 ",
"sx_answerd":"谷胱甘肽还原反应",
"sx_answere":"葡萄糖醛酸结合",
"sx_answer":"B",
"sx_analyze":"饲料残渣在大肠细菌作用下可产生苯甲酸，苯甲酸与甘氨酸结合形成马尿酸而解毒，经肾由尿排出。",
"sx_all":"1",
"sx_wrong":"0"
},
{
"sx_id":"1487",
"sx_type":"4",
"sx_title":"蛋白质",
"sx_subject":"在临床化验中，常用于去除血浆蛋白质的化学试剂为（2009真题上47）&nbsp;\n<br>",
"sx_answera":"丙酮",
"sx_answerb":"硫酸铵  ",
"sx_answerc":"醋酸铅 ",
"sx_answerd":"稀盐酸",
"sx_answere":"47．三氯醋酸",
"sx_answer":"E",
"sx_analyze":"蛋白质的沉淀：高浓度的乙醇、丙酮等有机溶剂能脱去蛋白质的水膜，同时降低溶液的介电常数，使蛋白质沉淀；碱性溶液中，醋酸铅、硫酸铜等重金属盐可与蛋白质结合成难溶物质，从而沉淀，临床上可利用这种特性抢救重金属盐中毒的病人和动物；PH小于等电点时，生物碱试剂苦味酸、单宁酸、三氯醋酸、钨酸能与蛋白质结合成难溶的蛋白盐从而沉淀。临床化验时常用于去除血浆中的蛋白质。",
"sx_all":"1",
"sx_wrong":"0"
},
{
"sx_id":"1488",
"sx_type":"4",
"sx_title":"蛋白质",
"sx_subject":"动物样品分析中，常用于沉淀蛋白质的试剂是（2012真题上47）&nbsp;&nbsp;&nbsp;",
"sx_answera":"稀盐酸",
"sx_answerb":"尿素 ",
"sx_answerc":"巯基乙醇",
"sx_answerd":"三氯乙酸",
"sx_answere":"胆酸盐",
"sx_answer":"D",
"sx_analyze":"蛋白质的沉淀：高浓度的乙醇、丙酮等有机溶剂能脱去蛋白质的水膜，同时降低溶液的介电常数，使蛋白质沉淀；碱性溶液中，醋酸铅、硫酸铜等重金属盐可与蛋白质结合成难溶物质，从而沉淀，临床上可利用这种特性抢救重金属盐中毒的病人和动物；PH小于等电点时，生物碱试剂苦味酸、单宁酸、三氯醋酸（三氯乙酸）、钨酸能与蛋白质结合成难溶的蛋白盐从而沉淀，临床化验时常用于去除血浆蛋白质的蛋白质。",
"sx_all":"1",
"sx_wrong":"0"
},
{
"sx_id":"1489",
"sx_type":"4",
"sx_title":" 生物膜",
"sx_subject":"生物膜内能调节其相变温度的成分是&nbsp;（2009真题上49）\n<br>",
"sx_answera":"水 ",
"sx_answerb":"Na+  ",
"sx_answerc":"糖类 ",
"sx_answerd":"胆固醇",
"sx_answere":"膜蛋白",
"sx_answer":"D",
"sx_analyze":"相变温度（Tm）是膜脂凝固态与可流动的液态互相转变的临界温度。\n<br>脂肪酸的烃链越短和不饱和程度越高，相变温度越低，膜的流动性越好。\n<br>胆固醇能调节膜磷脂分子的流动性和相变温度，其对膜磷脂分子的流动性的调节作用随温度的不同而改变：在相变温度以上，它能使磷脂的脂肪酸链的运动性减弱，从而降低细胞膜磷脂分子的流动性；而在相变温度以下时，胆固醇可通过阻止磷脂脂肪酸链的相互作用，缓解低温所引起的细胞膜磷脂分子流动性剧烈下降。",
"sx_all":"1",
"sx_wrong":"0"
},
{
"sx_id":"1490",
"sx_type":"4",
"sx_title":"酶",
"sx_subject":"有机磷杀虫剂抑制胆碱酯酶的作用属于（2009真题上50）&nbsp;\n<br>",
"sx_answera":"竞争性抑制 ",
"sx_answerb":"不可逆抑制",
"sx_answerc":"可逆性抑制 ",
"sx_answerd":"非竞争性抑制",
"sx_answere":"反竞争性抑制",
"sx_answer":"B",
"sx_analyze":"凡能使酶的催化活性削弱或丧失的物质，通称为抑制剂。\n<br>不可逆抑制：抑制剂以共价键与酶的必需基团结合并很难自发解离，不能用透析或超滤等物理方法解除抑制。例如，有机磷杀虫剂抑制乙酰胆碱。\n<br>可逆性抑制：抑制剂与酶以解离平衡为基础，属非共价结合，用超滤、透析等物理方法除去抑制剂后，酶活性能恢复。包括竞争性抑制（抑制剂与酶的天然底物结构相似，可与底物竞争酶的活性中心，如磺胺药的抑菌机理）和非竞争性抑制（抑制剂与酶活性中心以外的部位结合，不影响酶与底物的结合，形成酶-底物-抑制剂三元复合物）。",
"sx_all":"1",
"sx_wrong":"0"
},
{
"sx_id":"1491",
"sx_type":"4",
"sx_title":"生物氧化",
"sx_subject":"生物体内“通用能量货币”是指（2009真题上46）&nbsp;\n<br>",
"sx_answera":"ATP ",
"sx_answerb":"UIP  ",
"sx_answerc":"GTP ",
"sx_answerd":"CIP  ",
"sx_answere":"dATP",
"sx_answer":"A",
"sx_analyze":"营养物质经过生物氧化产生的能量，一部分以热的形式散发，另一部分被“截获”并储存到各种高能磷酸化合物（主要是ATP）中。因ATP既可以容易地从自由能高的化合物中获得能量，也可以容易地向自由能低的化合物中传递能量，所以ATP被称为生物体的通用能量货币，ATP的含量标志着机体的能量水平。&nbsp;ADP&nbsp;+&nbsp;Pi&nbsp;+&nbsp;能量&nbsp;?&nbsp;ATP\n<br>",
"sx_all":"1",
"sx_wrong":"0"
},
{
"sx_id":"1492",
"sx_type":"4",
"sx_title":"脂类代谢",
"sx_subject":"被称为机体胆固醇“清扫机”的血浆脂蛋白是（2010真题上52）&nbsp;",
"sx_answera":"乳糜微粒（CM）  ",
"sx_answerb":"低密度脂蛋白（LDL） ",
"sx_answerc":"中等密度脂蛋白（MDL） ",
"sx_answerd":"高密度脂蛋白（HDL）",
"sx_answere":"极低密度脂蛋白（VLDL） ",
"sx_answer":"D",
"sx_analyze":"血浆脂蛋白的分类及功能：乳糜微粒（CM）运输肠道吸收的外源甘油三酯和胆固醇酯到肌肉、心、脂肪等组织；极低密度脂蛋白（VLDL）运输肝脏合成的内源甘油三酯、磷脂、胆固醇到肝外贮存、利用；低密度脂蛋白（LDL）&nbsp;由VLDL的残余物形成，运输肝脏合成的内源胆固醇到组织细胞内；高密度脂蛋白（HDL）作用和LDL相反，运输外周衰老细胞膜、血浆回肝脏代谢，是机体的“胆固醇清扫机”。",
"sx_all":"1",
"sx_wrong":"0"
},
{
"sx_id":"1493",
"sx_type":"4",
"sx_title":"组织与器官的生化",
"sx_subject":"具有细胞毒性的血红素代谢产物是（2010真题上55）&nbsp;",
"sx_answera":"胆素 ",
"sx_answerb":"胆绿素",
"sx_answerc":"胆素原   ",
"sx_answerd":"游离胆红素  ",
"sx_answere":"结合胆红素 ",
"sx_answer":"D",
"sx_analyze":"红细胞破裂后，血红蛋白的辅基血红素被氧化分解为铁及胆绿素。铁变为铁蛋白储存供重新利用，胆绿素则被还原为胆红素。胆红素可进入组织细胞产生毒性，特别是对神经系统的毒性较大。胆红素在水中溶解度很小，进入血液后即与血浆清蛋白或α1球蛋白结合成间接胆红素（也称游离胆红素）。游离胆红素较大的溶解度有利于运输，又由于蛋白质分子大，可限制其自由通过各种生物膜进入组织细胞产生毒性，也可限制其通过肾脏从尿排出，只能随血液进入肝脏。\n<br>间接胆红素进入肝脏后，胆红素即与清蛋白分离而进入肝细胞，主要与UDP-葡萄糖醛酸反应生成直接胆红素（也称结合胆红素）而解毒。直接胆红素溶解度较大，可通过肾脏从尿排出，也可随胆汁排入小肠。",
"sx_all":"1",
"sx_wrong":"0"
},
{
"sx_id":"1662",
"sx_type":"4",
"sx_title":"基础知识",
"sx_subject":"含支链的必需氨基酸是",
"sx_answera":"蛋氨酸",
"sx_answerb":"亮氨酸",
"sx_answerc":"苏氨酸",
"sx_answerd":"赖氨酸",
"sx_answere":"色氨酸",
"sx_answer":"B",
"sx_analyze":"缬氨酸、亮氨酸和异亮氨酸的共同点是脂肪族侧链都具有分支，所以称为支链氨基酸。动物自身不能合成或合成太慢，只能由饲料中摄取的氨基酸称为必需氨基酸，共8种，分别是甲硫氨酸、赖氨酸、缬氨酸、异亮氨酸、苯丙氨酸、亮氨酸、色氨酸、苏氨酸。所以既属于必需氨基酸又属于支链氨基酸的是亮氨酸。",
"sx_all":"1",
"sx_wrong":"0"
},
{
"sx_id":"1663",
"sx_type":"4",
"sx_title":"基础知识",
"sx_subject":"离子利用ATP逆浓度梯度过膜转运的方式是",
"sx_answera":"被动转运",
"sx_answerb":"促进扩散",
"sx_answerc":"内吞作用",
"sx_answerd":"主动运转",
"sx_answere":"胞吐作用",
"sx_answer":"D",
"sx_analyze":"小分子与离子的过膜转运分为以下3种方式：（1）简单扩散，是穿越细胞膜由高浓度向低浓度的自由扩散，不需能量，不需载体。（2）促进扩散，又称易化扩散，也是由高浓度向低浓度的转运，不需能量，需载体。（3）主动转运，依赖载体，消耗能量，并能逆浓度梯度进行，所需能量来自ATP的水解。",
"sx_all":"1",
"sx_wrong":"0"
},
{
"sx_id":"1664",
"sx_type":"4",
"sx_title":"基础知识",
"sx_subject":"动物发生急性胰腺炎时，血清中活性显著升高并且具有诊断意义的是",
"sx_answera":"丙氨酸转移酶",
"sx_answerb":"天冬氨酸转移酶",
"sx_answerc":"碱性磷酸酶",
"sx_answerd":"淀粉酶",
"sx_answere":"肌酸激酶",
"sx_answer":"D",
"sx_analyze":"临床上进行血清（或血浆）、尿液等体液中酶活性测定以帮助诊断疾病。由于某些组织器官受损伤时，细胞内的一些酶可大量释放入血液中，成为疾病诊断的依据。例如，急性胰腺炎时，血清淀粉酶活性升高；急性肝炎或心肌炎时，血清氨基转移酶活性升高。",
"sx_all":"1",
"sx_wrong":"0"
},
{
"sx_id":"1665",
"sx_type":"4",
"sx_title":"基础知识",
"sx_subject":"三羧酸循环中可以通过转氨形成氨基酸的酮酸是",
"sx_answera":"延胡索酸",
"sx_answerb":"柠檬酸",
"sx_answerc":"苹果酸",
"sx_answerd":"异柠檬酸",
"sx_answere":"草酰乙酸",
"sx_answer":"E",
"sx_analyze":"三羧酸循环是糖、脂肪、氨基酸及其他有机物质代谢的联系枢纽，三羧酸循环中产生的草酰乙酸可通过转氨形成天冬氨酸，α-酮戊二酸可通过转氨形成谷氨酸，其逆反应也可进行。",
"sx_all":"1",
"sx_wrong":"0"
},
{
"sx_id":"1666",
"sx_type":"4",
"sx_title":"基础知识",
"sx_subject":"可以在醌式结构和酚式结构之间互变的递氢体是",
"sx_answera":"NAD",
"sx_answerb":"FMN",
"sx_answerc":"FAD",
"sx_answerd":"CoA",
"sx_answere":"CoQ",
"sx_answer":"E",
"sx_analyze":"辅酶Q（CoQ），又称泛醌，它是依靠醌式结构与酚式结构之间的互变传递氢的一种递氢体。",
"sx_all":"1",
"sx_wrong":"0"
},
{
"sx_id":"1667",
"sx_type":"4",
"sx_title":"基础知识",
"sx_subject":"血液中转运内源性甘油三酯的脂蛋白是",
"sx_answera":"乳糜微粒",
"sx_answerb":"极低密度脂蛋白",
"sx_answerc":"低密度脂蛋白",
"sx_answerd":"高密度脂蛋白",
"sx_answere":"游离脂肪酸结合蛋白",
"sx_answer":"B",
"sx_analyze":"①乳糜微粒（CM）作用是运输外源（从肠道吸收的）的脂蛋白到组织。②极低密度脂蛋白（VLDL）作用是运输内源即肝脏合成的脂蛋白到肝外。③低密度脂蛋白（LDL）由VLDL的残余物形成，运送肝脏合成的内源胆固醇到组织细胞。④高密度脂蛋白（HDL）作用和LDL相反，是机体胆固醇的“清扫机”将外周衰老细胞膜、血浆中的胆固醇运回肝脏。",
"sx_all":"1",
"sx_wrong":"0"
},
{
"sx_id":"1668",
"sx_type":"4",
"sx_title":"基础知识",
"sx_subject":"动物氨基酸代谢中产生游离氨的反应是",
"sx_answera":"脱羧",
"sx_answerb":"异构",
"sx_answerc":"缩合",
"sx_answerd":"转氨",
"sx_answere":"脱氨",
"sx_answer":"E",
"sx_analyze":"多数情况下，氨基酸分解时首先脱氨基生成氨和α-酮酸；少数情况下氨基酸可经脱羧基作用生成二氧化碳和胺。",
"sx_all":"1",
"sx_wrong":"0"
},
{
"sx_id":"1669",
"sx_type":"4",
"sx_title":"基础知识",
"sx_subject":"胞嘧啶核苷三磷酸（CTP）除了用于核酸合成外，还参与",
"sx_answera":"磷脂合成",
"sx_answerb":"糖原合成",
"sx_answerc":"蛋白质合成",
"sx_answerd":"脂肪合成",
"sx_answere":"胆固醇合成",
"sx_answer":"A",
"sx_analyze":"许多核苷酸在调节代谢中起着重要作用。例如，ATP是能量通用货币和转移磷酸基团的主要分子，UTP参与单糖的转变和糖原的合成，CTP参与磷脂的合成，而GTP为蛋白质多肽链的生物合成所必需。",
"sx_all":"1",
"sx_wrong":"0"
},
{
"sx_id":"1670",
"sx_type":"4",
"sx_title":"基础知识",
"sx_subject":"血红蛋白分子中包含的金属离子是",
"sx_answera":"镁离子",
"sx_answerb":"铁离子",
"sx_answerc":"锌离子",
"sx_answerd":"锰离子",
"sx_answere":"铜离子",
"sx_answer":"B",
"sx_analyze":"血红蛋白分子是由两个α-亚基和两个β-亚基构成的四聚体，每个亚基都包括一条肽链和一个血红素，血红素中央的亚铁离子（Fe2+）是氧结合部位。",
"sx_all":"1",
"sx_wrong":"0"
},
{
"sx_id":"1671",
"sx_type":"4",
"sx_title":"基础知识",
"sx_subject":"结缔组织基质中的主要成分是",
"sx_answera":"糖胺聚糖",
"sx_answerb":"壳多糖",
"sx_answerc":"葡萄糖",
"sx_answerd":"乳糖",
"sx_answere":"糖原",
"sx_answer":"A",
"sx_analyze":"糖胺聚糖又称为氨基多糖、黏多糖，是结缔组织基质中的主要成分。",
"sx_all":"1",
"sx_wrong":"0"
},
{
"sx_id":"1672",
"sx_type":"4",
"sx_title":"基础知识",
"sx_subject":"为哺乳动物红细胞生理活动提供所需能量的主要途径是",
"sx_answera":"糖酵解途径",
"sx_answerb":"2，3-二磷酸甘油酸支路",
"sx_answerc":"柠檬酸循环",
"sx_answerd":"糖醛酸循环",
"sx_answere":"磷酸戊糖途径",
"sx_answer":"A",
"sx_analyze":"糖的有氧分解是动物获得能量的主要方式，但有氧分解的二、三阶段要在线粒体中进行。哺乳动物的成熟红细胞中没有线粒体，则完全依赖糖酵解供能。",
"sx_all":"1",
"sx_wrong":"0"
},
{
"sx_id":"1673",
"sx_type":"4",
"sx_title":"基础知识",
"sx_subject":"与调节血红蛋白和氧的亲和力有密切联系的途径是",
"sx_answera":"糖酵解途径",
"sx_answerb":"2，3-二磷酸甘油酸支路",
"sx_answerc":"柠檬酸循环",
"sx_answerd":"糖醛酸循环",
"sx_answere":"磷酸戊糖途径",
"sx_answer":"B",
"sx_analyze":"在糖无氧酵解中，2，3-二磷酸甘油酸支路可生成2，3-二磷酸甘油酸，其生理功能是降低血红蛋白与氧的亲和力，促进氧得到释放。",
"sx_all":"1",
"sx_wrong":"0"
}
]
}