{
"RECORDS":[
{
"sx_id":"363",
"sx_type":"5",
"sx_title":"疾病概论",
"sx_subject":"动物疾病发展不同时期中最具有临床上诊断价值的是（2009真题上55）&nbsp;",
"sx_answera":"潜伏期 ",
"sx_answerb":"前驱期",
"sx_answerc":"临床经过期 ",
"sx_answerd":"转归期 ",
"sx_answere":"终结期",
"sx_answer":"C",
"sx_analyze":"疾病可分为四个阶段，潜伏期、前驱期、临床经过期和终结期。在临床经过期，疾病的主要或典型症状已充分表现出来，致病因素所造成的损伤也表现得相当明显，对诊断该病很有价值。",
"sx_all":"1",
"sx_wrong":"0"
},
{
"sx_id":"365",
"sx_type":"5",
"sx_title":"疾病概论",
"sx_subject":"动物疾病发展过程中，从疾病出现最初症状到主要症状开始暴露的时期称为（2010真题上57）&nbsp;",
"sx_answera":"潜伏期 ",
"sx_answerb":"前驱期 ",
"sx_answerc":"临床经过期",
"sx_answerd":"转归期 ",
"sx_answere":"频危期 ",
"sx_answer":"B",
"sx_analyze":"疾病可分为四个阶段，潜伏期、前驱期、临床经过期和终结期。从疾病出现最初症状到主要症状开始暴露的时期称为前驱期。",
"sx_all":"1",
"sx_wrong":"0"
},
{
"sx_id":"367",
"sx_type":"5",
"sx_title":"疾病概论",
"sx_subject":"疾病发展过程中，从最初症状出现到典型症状开始暴露的时期称为（2013真题上57）",
"sx_answera":"潜伏期 ",
"sx_answerb":"前驱期",
"sx_answerc":"症状明显期  ",
"sx_answerd":"转归期 ",
"sx_answere":"隐蔽期",
"sx_answer":"B",
"sx_analyze":"疾病可分为四个阶段，潜伏期、前驱期、临床经过期和终结期。前驱期是指从疾病出现最初症状到主要症状开始暴露这一期间称为前驱期。\n<br>",
"sx_all":"1",
"sx_wrong":"0"
},
{
"sx_id":"486",
"sx_type":"5",
"sx_title":"组织细胞损伤",
"sx_subject":"一奶牛长期患病，临床表现咳嗽、呼吸困难、消瘦和贫血等。死后镜检可见其多种器官组织，尤其是肺、淋巴结和乳房等处有散在大小不等的结节性病变，切面有似豆腐渣样、质地松软的灰白色或黄白色物。&nbsp;&nbsp;\n<br>似豆腐渣样病理变化属于（2009真题上98）&nbsp;\n<br>",
"sx_answera":"蜡样坏死",
"sx_answerb":"湿性坏死 ",
"sx_answerc":"干酪样坏死  ",
"sx_answerd":" 液化性坏死 ",
"sx_answere":"贫血性梗死",
"sx_answer":"C",
"sx_analyze":"干酪样坏死灶局部除了凝固的蛋白质外，还含有多量的结核杆菌产生的脂类物质。使坏死灶外观呈灰白色或黄白色，松软无结构，似干酪样或豆腐渣样。",
"sx_all":"1",
"sx_wrong":"0"
},
{
"sx_id":"487",
"sx_type":"5",
"sx_title":"组织细胞损伤",
"sx_subject":"一奶牛长期患病，临床表现咳嗽、呼吸困难、消瘦和贫血等。死后镜检可见其多种器官组织，尤其是肺、淋巴结和乳房等处有散在大小不等的结节性病变，切面有似豆腐渣样、质地松软的灰白色或黄白色物。&nbsp;\n<br>该奶牛所患的病最有可能是（2009真题上99）\n<br>",
"sx_answera":"牛结核病",
"sx_answerb":"牛放线菌病",
"sx_answerc":"牛巴氏杆菌病 ",
"sx_answerd":"牛传染性鼻气管炎 ",
"sx_answere":"牛传染性胸膜肺炎 ",
"sx_answer":"A",
"sx_analyze":"干酪样坏死属于凝固性坏死的一种，见于结核杆菌（结核病病原）和鼻疽杆菌等引起的感染性炎症。",
"sx_all":"1",
"sx_wrong":"0"
},
{
"sx_id":"488",
"sx_type":"5",
"sx_title":"组织细胞损伤",
"sx_subject":"一奶牛长期患病，临床表现咳嗽、呼吸困难、消瘦和贫血等。死后镜检可见其多种器官组织，尤其是肺、淋巴结和乳房等处有散在大小不等的结节性病变，切面有似豆腐渣样、质地松软的灰白色或黄白色物。\n<br>进行病理组织学检查，似豆腐渣样物为（2009真题上100）\n<br>&nbsp;\n<br>&nbsp;",
"sx_answera":"肉芽组织  ",
"sx_answerb":"寄生虫结节 ",
"sx_answerc":"中性粒细胞团块",
"sx_answerd":"嗜酸性粒细胞团块 ",
"sx_answere":"无定型结构的坏死物",
"sx_answer":"E",
"sx_analyze":"干酪样坏死的坏死组织的固有结构完全被破坏而消失，融合成均质、红染的无定型结构，病程较长时，坏死灶内可见蓝染的颗粒状的钙盐沉着。",
"sx_all":"1",
"sx_wrong":"0"
},
{
"sx_id":"489",
"sx_type":"5",
"sx_title":"组织细胞损伤",
"sx_subject":"某肉鸡场病死鸡，剖检见营养状况良好，肝脏肿大，颜色淡黄、油亮，切面结构模糊，有油腻感，质脆如泥。&nbsp;\n<br>该鸡肝脏的病变为（2010真题上98）&nbsp;&nbsp;",
"sx_answera":"脂肪变性",
"sx_answerb":"颗粒变性 ",
"sx_answerc":"淀粉样变",
"sx_answerd":"脂肪浸润 ",
"sx_answere":"玻璃样变 ",
"sx_answer":"A",
"sx_analyze":"脂肪变性可见肝脏肿大，质地脆软，色泽淡黄至土黄，切面结构模糊，有油腻感，有的甚至质脆如泥。",
"sx_all":"1",
"sx_wrong":"0"
},
{
"sx_id":"490",
"sx_type":"5",
"sx_title":"组织细胞损伤",
"sx_subject":"某肉鸡场病死鸡，剖检见营养状况良好，肝脏肿大，颜色淡黄、油亮，切面结构模糊，有油腻感，质脆如泥。\n<br>将此肝脏作石蜡切片，HE染色后，镜下可见肝细胞内有（2010真题上99）&nbsp;&nbsp;&nbsp;",
"sx_answera":"红染团块 ",
"sx_answerb":"红染条索 ",
"sx_answerc":"红染小颗粒",
"sx_answerd":"均质红染圆滴 ",
"sx_answere":"大小不一的空泡 ",
"sx_answer":"E",
"sx_analyze":"在正常细胞结构中，脂滴以极小的微粒散布于细胞浆中，光镜下看不见；在病理情况下，细胞浆内脂类因代谢障碍而积聚，这时在石蜡切片中，脂滴因为被脂溶剂溶解而呈圆形空泡状，有时不易与水泡变性相区别。",
"sx_all":"1",
"sx_wrong":"0"
},
{
"sx_id":"491",
"sx_type":"5",
"sx_title":"组织细胞损伤",
"sx_subject":"某肉鸡场病死鸡，剖检见营养状况良好，肝脏肿大，颜色淡黄、油亮，切面结构模糊，有油腻感，质脆如泥。\n<br>若将肝脏作冰冻切片，证明该病变应采用（2010真题上100）&nbsp;",
"sx_answera":"PAS 染色  ",
"sx_answerb":"苏丹Ⅲ染色",
"sx_answerc":"刚果红染色  ",
"sx_answerd":"普鲁蓝染色 ",
"sx_answere":"甲苯胺蓝染色",
"sx_answer":"B",
"sx_analyze":"脂肪变性可作冰冻切片用脂肪染色显示，即用能溶于脂肪的染料染色，如苏丹Ⅲ或油红将脂肪染成橘红色，苏丹Ⅳ将脂肪染成红色，苏丹黑B及锇酸将脂肪染成黑色。",
"sx_all":"1",
"sx_wrong":"0"
},
{
"sx_id":"492",
"sx_type":"5",
"sx_title":"组织细胞损伤",
"sx_subject":"脂肪变性是指（2012真题上57）&nbsp;&nbsp;",
"sx_answera":"组织中出现脂肪细胞    ",
"sx_answerb":"脂肪细胞内脂肪滴增多 ",
"sx_answerc":"脂肪组织中脂肪细胞增多",
"sx_answerd":"组织内脂滴增多或脂肪细胞增多 ",
"sx_answere":"正常不见脂滴的细胞内出现脂滴，或细胞浆内脂滴增多",
"sx_answer":"E",
"sx_analyze":"脂肪变性是细胞内脂肪代谢障碍时的形态表现。其特点是胞浆内出现了正常情况下在光镜下看不见的脂肪滴或胞浆内脂肪滴增多。",
"sx_all":"1",
"sx_wrong":"0"
},
{
"sx_id":"493",
"sx_type":"5",
"sx_title":"组织细胞损伤",
"sx_subject":"细胞肿胀的常见原因不包括（2013真题上58）",
"sx_answera":"细菌感染 ",
"sx_answerb":"全身性营养不良   ",
"sx_answerc":"中毒 ",
"sx_answerd":"缺血 ",
"sx_answere":"缺氧",
"sx_answer":"B",
"sx_analyze":"引起细胞肿胀的原因：细菌和病毒感染、中毒、缺氧、缺血、脂质过氧化、免疫反应、机械性损伤、电离辐射等致病因素，凡是能改变细胞的离子浓度和水平衡的各种因素均能导致细胞肿胀。",
"sx_all":"1",
"sx_wrong":"0"
},
{
"sx_id":"494",
"sx_type":"5",
"sx_title":"组织细胞损伤",
"sx_subject":"某鸡场发生大量雏鸡死亡，剖检病死雏鸡见小脑肿胀，质地变软，软脑膜充血，镜下出现大小不一的坏死灶。\n<br>发生的疾病最可能是（2013真题上98）",
"sx_answera":"维生素A缺乏症",
"sx_answerb":"维生素B12缺乏症  ",
"sx_answerc":"维生素C缺乏症 ",
"sx_answerd":"维生素D缺乏症 ",
"sx_answere":"维生素E-硒缺乏症",
"sx_answer":"E",
"sx_analyze":"液化性坏死是指坏死组织因蛋白水解酶的作用而分解变为液态。脑组织坏死后很快液化，呈半流体状，故称脑软化。鸡硒-维生素E缺乏时引起的小脑软化属于液化性坏死。维生素E和硒具有抗氧化功能，能保护细胞质膜不受氧化物和自由基的损害。因此维生素E-硒缺乏引起脑软化的机制是抗氧化功能障碍。\n<br>",
"sx_all":"1",
"sx_wrong":"0"
},
{
"sx_id":"496",
"sx_type":"5",
"sx_title":"组织细胞损伤",
"sx_subject":"某鸡场发生大量雏鸡死亡，剖检病死雏鸡见小脑肿胀，质地变软，软脑膜充血，镜下出现大小不一的坏死灶。\n<br>病鸡脑组织病变的机制是（2013真题上99）",
"sx_answera":"缺血性梗死",
"sx_answerb":"干酪样坏死",
"sx_answerc":"蜡样坏死 ",
"sx_answerd":"液化性坏死  ",
"sx_answere":"湿性坏死",
"sx_answer":"D",
"sx_analyze":"液化性坏死是指坏死组织因蛋白水解酶的作用而分解变为液态。脑组织坏死后很快液化，呈半流体状，故称脑软化。鸡硒-维生素E缺乏时引起的小脑软化属于液化性坏死。维生素E和硒具有抗氧化功能，能保护细胞质膜不受氧化物和自由基的损害。因此维生素E-硒缺乏引起脑软化的机制是抗氧化功能障碍。\n<br>",
"sx_all":"1",
"sx_wrong":"0"
},
{
"sx_id":"498",
"sx_type":"5",
"sx_title":"组织细胞损伤",
"sx_subject":"某鸡场发生大量雏鸡死亡，剖检病死雏鸡见小脑肿胀，质地变软，软脑膜充血，镜下出现大小不一的坏死灶。\n<br>引起雏鸡脑病变的机制是（2013真题上100）",
"sx_answera":"氧化磷酸化过程障碍  ",
"sx_answerb":"抗氧化功能障碍   ",
"sx_answerc":"突触传递障碍  ",
"sx_answerd":"神经递质生成障碍  ",
"sx_answere":"离子通道障碍",
"sx_answer":"B",
"sx_analyze":"液化性坏死是指坏死组织因蛋白水解酶的作用而分解变为液态。脑组织坏死后很快液化，呈半流体状，故称脑软化。鸡硒-维生素E缺乏时引起的小脑软化属于液化性坏死。维生素E和硒具有抗氧化功能，能保护细胞质膜不受氧化物和自由基的损害。因此维生素E-硒缺乏引起脑软化的机制是抗氧化功能障碍。\n<br>",
"sx_all":"1",
"sx_wrong":"0"
},
{
"sx_id":"500",
"sx_type":"5",
"sx_title":"病理性物质沉着",
"sx_subject":"动物心力衰竭细胞中的色素颗粒是（2009真题上56）&nbsp;\n<br>",
"sx_answera":"脂褐素 ",
"sx_answerb":"黑色素",
"sx_answerc":"胆红素",
"sx_answerd":"细胞色素",
"sx_answere":"56．含铁血黄素",
"sx_answer":"E",
"sx_analyze":"在心衰竭时，因肺发生淤血，可有红细胞漏出于肺泡中，被肺巨噬细胞吞噬后形成含铁血黄素，从而使肺及支气管的分泌物呈淡棕色或铁锈色，这种出现于在心衰竭者肺内和痰内的含有含铁血黄素的巨噬细胞称为心力衰竭细胞。",
"sx_all":"1",
"sx_wrong":"0"
},
{
"sx_id":"502",
"sx_type":"5",
"sx_title":"病理性物质沉着",
"sx_subject":"动物发生转移性钙化时可以出现（2010真题上58）&nbsp;",
"sx_answera":"血磷不变 ",
"sx_answerb":"血钙不变 ",
"sx_answerc":"血钙升高",
"sx_answerd":"血钙降低",
"sx_answere":"血磷降低 ",
"sx_answer":"C",
"sx_analyze":"转移性钙化是由于全身性钙盐代谢障碍，血钙和（或）血磷升高，使钙盐在机体多处健康组织上沉积所致。",
"sx_all":"1",
"sx_wrong":"0"
},
{
"sx_id":"503",
"sx_type":"5",
"sx_title":"病理性物质沉着",
"sx_subject":"黄疸时引起全身皮肤黏膜发生黄染的是（2012真题上58）&nbsp;",
"sx_answera":"胆红素",
"sx_answerb":"脂褐素",
"sx_answerc":"黑素色 ",
"sx_answerd":"卟啉色素 ",
"sx_answere":"含铁血黄素",
"sx_answer":"A",
"sx_analyze":"黄疸是由高胆红素血症引起的全身皮肤、巩膜和黏膜等组织黄染的现象。",
"sx_all":"1",
"sx_wrong":"0"
},
{
"sx_id":"505",
"sx_type":"5",
"sx_title":"病理性物质沉着",
"sx_subject":"新生动物的核黄疸是由于胆红素进入脑组织内（2013真题上59）",
"sx_answera":"与葡萄糖结合  ",
"sx_answerb":"与蛋白质类物质结合",
"sx_answerc":"与脂肪类物质结合",
"sx_answerd":"与核酸结合",
"sx_answere":"与盐类结合",
"sx_answer":"C",
"sx_analyze":"新生儿溶血性黄疸时，胆红素进入脑组织内，与脑部基底核的脂类结合，将神经核染成黄色，称为核黄疸。",
"sx_all":"1",
"sx_wrong":"0"
},
{
"sx_id":"506",
"sx_type":"5",
"sx_title":"病理性物质沉着",
"sx_subject":"鸡传染性支气管炎肾脏中出现的石灰样物是（2013真题上88）",
"sx_answera":"尿酸盐  ",
"sx_answerb":"含铁血黄素 ",
"sx_answerc":"黑色素 ",
"sx_answerd":"胆红素 ",
"sx_answere":"脂褐素",
"sx_answer":"A",
"sx_analyze":"肾型鸡传染性支气管炎可引起尿酸盐在肾脏沉积，形成红白相间的“花斑肾”。",
"sx_all":"1",
"sx_wrong":"0"
},
{
"sx_id":"507",
"sx_type":"5",
"sx_title":"病理性物质沉着",
"sx_subject":"溶血性疾病时，脾脏HE染色切片中巨噬细胞内出现的棕色颗粒是（2013真题上89）",
"sx_answera":"尿酸盐 ",
"sx_answerb":"含铁血黄素  ",
"sx_answerc":"黑色素 ",
"sx_answerd":"胆红素",
"sx_answere":"脂褐素",
"sx_answer":"B",
"sx_analyze":"红细胞可以在血管内被破坏，也可以在肺、脾、淋巴结、骨髓、肾脏等器官内被巨噬细胞吞噬而破坏，在细胞酶的作用下，血红蛋白被分解为不含铁的橙色血质和含铁的含铁血黄素而沉着于组织内。\n<br>",
"sx_all":"1",
"sx_wrong":"0"
},
{
"sx_id":"509",
"sx_type":"5",
"sx_title":"血液循环障碍",
"sx_subject":"动物易发生出血性梗死的器官是（2009真题上57）&nbsp;",
"sx_answera":"心 ",
"sx_answerb":"肝  ",
"sx_answerc":"脾 ",
"sx_answerd":"肾  ",
"sx_answere":"胃",
"sx_answer":"C",
"sx_analyze":"出血性梗死常见于肺、脾、肠等组织结构疏松、血管吻合支较丰富的器官。",
"sx_all":"1",
"sx_wrong":"0"
},
{
"sx_id":"510",
"sx_type":"5",
"sx_title":"血液循环障碍",
"sx_subject":"“槟榔肝”的发生是由于（2010真题上59）&nbsp;",
"sx_answera":"肝淤血伴随肝细胞坏死",
"sx_answerb":"肝淤血伴随胆色素沉着 ",
"sx_answerc":"肝淤血伴随淀粉样物质沉着 ",
"sx_answerd":"慢性肝淤血伴随肝细胞脂肪变性 ",
"sx_answere":"慢性肝淤血伴随肝细胞颗粒变性 ",
"sx_answer":"D",
"sx_analyze":"慢性肝淤血时，在肝小叶中央静脉和窦状隙发生淤血的同时，肝小叶周边区肝细胞因淤血性缺氧而发生脂肪变性，呈灰黄色，因此在肉眼观察时，肝脏切面呈现暗红色和灰黄色相间的条纹，类似槟榔切面的纹理，故称为槟榔肝。",
"sx_all":"1",
"sx_wrong":"0"
},
{
"sx_id":"513",
"sx_type":"5",
"sx_title":"血液循环障碍",
"sx_subject":"发生淤血的组织局部（2012真题上59）&nbsp;",
"sx_answera":"温度升高，颜色鲜红  ",
"sx_answerb":"温度升高，颜色暗红 ",
"sx_answerc":"温度降低，颜色鲜红\t",
"sx_answerd":"温度降低，颜色暗红   ",
"sx_answere":"温度不变，颜色暗红",
"sx_answer":"D",
"sx_analyze":"淤血的组织或器官体积增大，颜色加深，呈暗红或紫红色，表面温度降低。",
"sx_all":"1",
"sx_wrong":"0"
},
{
"sx_id":"515",
"sx_type":"5",
"sx_title":"血液循环障碍",
"sx_subject":"心瓣膜上形成血栓，常见的类型是（2012真题上60）&nbsp;",
"sx_answera":"白色血栓",
"sx_answerb":"混合血栓 ",
"sx_answerc":"红色血栓 ",
"sx_answerd":"透明血栓  ",
"sx_answere":"败血型血栓",
"sx_answer":"A",
"sx_analyze":"白色血栓形成的过程是血小板的不断地析出和粘附在受伤的血管壁上，然后混入少量白细胞和纤维蛋白。白色血栓通常见于心脏和动脉系统内，如心瓣膜上。",
"sx_all":"1",
"sx_wrong":"0"
},
{
"sx_id":"516",
"sx_type":"5",
"sx_title":"血液循环障碍",
"sx_subject":"白色血栓的主要成分是（2013真题上60）",
"sx_answera":"血小板和白蛋白 ",
"sx_answerb":"血小板和纤维蛋白",
"sx_answerc":"血小板和红细胞 ",
"sx_answerd":"血小板和白细胞",
"sx_answere":"纤维蛋白和白细胞",
"sx_answer":"B",
"sx_analyze":"白色血栓的主要成分是血小板和纤维蛋白，还含有少量白细胞。",
"sx_all":"1",
"sx_wrong":"0"
},
{
"sx_id":"517",
"sx_type":"5",
"sx_title":"细胞、组织的适应与修复",
"sx_subject":"创伤愈合时，不属于肉芽组织固有成分的是（2009真题上58）&nbsp;\n<br>",
"sx_answera":"胶原纤维   ",
"sx_answerb":"成纤维细胞",
"sx_answerc":"中性粒细胞  ",
"sx_answerd":"平滑肌细胞",
"sx_answere":"新生毛细血管",
"sx_answer":"D",
"sx_analyze":"肉芽组织是由毛细血管内皮细胞和成纤维细胞分裂增殖所形成的富含毛细血管的幼稚的结缔组织。肉芽组织由幼稚纤维细胞、新生毛细血管、少量胶原纤维和多量炎性细胞等成分所组成。",
"sx_all":"1",
"sx_wrong":"0"
},
{
"sx_id":"518",
"sx_type":"5",
"sx_title":"细胞、组织的适应与修复",
"sx_subject":"构成肉芽组织的主要成分除毛细血管外，还有（2010真题上61）&nbsp;",
"sx_answera":"肌细胞  ",
"sx_answerb":"上皮细胞  ",
"sx_answerc":"纤维细胞  ",
"sx_answerd":"成纤维细胞  ",
"sx_answere":"多核巨细胞 ",
"sx_answer":"D",
"sx_analyze":"肉芽组织是由毛细血管内皮细胞和成纤维细胞分裂增殖形成的富含毛细血管的幼稚结缔组织。",
"sx_all":"1",
"sx_wrong":"0"
},
{
"sx_id":"520",
"sx_type":"5",
"sx_title":"细胞、组织的适应与修复",
"sx_subject":"构成肉芽组织的主要成分是毛细血管内皮细胞和（2012真题上61）&nbsp;",
"sx_answera":"肌细胞 ",
"sx_answerb":"多核巨细胞  ",
"sx_answerc":"成纤维细胞  ",
"sx_answerd":"上皮细胞  ",
"sx_answere":"纤维细胞",
"sx_answer":"C",
"sx_analyze":"由毛细血管内皮细胞和成纤维细胞分裂增殖所形成的富含毛细血管的幼稚结缔组织，称为肉芽组织。",
"sx_all":"1",
"sx_wrong":"0"
},
{
"sx_id":"522",
"sx_type":"5",
"sx_title":"细胞、组织的适应与修复",
"sx_subject":"萎缩是指已发育成熟的组织、器官（2013真题上61）",
"sx_answera":"体积不变、功能增强 ",
"sx_answerb":"体积不变、功能减退",
"sx_answerc":"体积缩小、功能增强  ",
"sx_answerd":"体积缩小、功能不变",
"sx_answere":"体积缩小、功能减退",
"sx_answer":"E",
"sx_analyze":"发育正常的组织、器官，因其组成细胞的体积减小和数量减少而引起的体积缩小，功能减退的过程，称为萎缩。\n<br>",
"sx_all":"1",
"sx_wrong":"0"
},
{
"sx_id":"525",
"sx_type":"5",
"sx_title":"水盐代谢及酸碱平衡紊乱",
"sx_subject":"左心功能不全常引起（2010真题上62）&nbsp;\n<br>",
"sx_answera":"肾水肿",
"sx_answerb":"肺水肿 ",
"sx_answerc":"脑水肿      ",
"sx_answerd":"肝水肿   ",
"sx_answere":"脾水肿",
"sx_answer":"B",
"sx_analyze":"心性水肿：是心功能不全、特别是右心功能不全时引起的一种全身性水肿，主要表现为四肢、胸腹部皮下水肿，严重时出现胸腔积水、腹腔积水；而左心功能不全引起肺水肿。\n<br>",
"sx_all":"1",
"sx_wrong":"0"
},
{
"sx_id":"528",
"sx_type":"5",
"sx_title":"水盐代谢及酸碱平衡紊乱",
"sx_subject":"左心功能不全常引起（2013真题上62）",
"sx_answera":"肾水肿",
"sx_answerb":"肝水肿 ",
"sx_answerc":"脑水肿  ",
"sx_answerd":"皮肤水肿 ",
"sx_answere":"肺水肿",
"sx_answer":"E",
"sx_analyze":"心性水肿，是心功能不全、特别是右心功能不全时引起的一种全身性水肿，主要表现为四肢、胸腹部皮下水肿，严重时出现胸腔积水、腹腔积水；而左心功能不全引起肺水肿。",
"sx_all":"1",
"sx_wrong":"0"
},
{
"sx_id":"529",
"sx_type":"5",
"sx_title":"缺氧",
"sx_subject":"动物一氧化碳中毒时，血液呈（2010真题上63）&nbsp;",
"sx_answera":"黑色  ",
"sx_answerb":"咖啡色 ",
"sx_answerc":"紫红色",
"sx_answerd":"暗红色  ",
"sx_answere":"樱桃红色",
"sx_answer":"E",
"sx_analyze":"一氧化碳中毒：CO与血红蛋白有很高的亲和力，两者极易结合形成碳氧血红蛋白，从而使这部分血红蛋白丧失运O2的能力。碳氧血红蛋白增多使皮肤、黏膜呈樱桃红色。",
"sx_all":"1",
"sx_wrong":"0"
},
{
"sx_id":"531",
"sx_type":"5",
"sx_title":"缺氧",
"sx_subject":"动物亚硝酸盐中毒时，末梢血液呈（2012真题上63）&nbsp;",
"sx_answera":"浅红色 ",
"sx_answerb":"酱油色 ",
"sx_answerc":"鲜红色 ",
"sx_answerd":"樱桃红色  ",
"sx_answere":"玫瑰红色",
"sx_answer":"B",
"sx_analyze":"亚硝酸盐是一种强氧化剂，可使血红蛋白变成高铁血红蛋白，后者使得血液呈酱油色。",
"sx_all":"1",
"sx_wrong":"0"
},
{
"sx_id":"533",
"sx_type":"5",
"sx_title":"发热",
"sx_subject":"能引起恒温动物体温升高的物质是（2009真题上60）&nbsp;\n<br>",
"sx_answera":"钙离子  ",
"sx_answerb":"白细胞介素",
"sx_answerc":"精氨酸加压素 ",
"sx_answerd":"脂皮质蛋白",
"sx_answere":"α-黑素细胞刺激素",
"sx_answer":"B",
"sx_analyze":"内生性致热原通过血液循环进入体温调节中枢，引起发热。内生性致热原主要有白细胞介素、肿瘤坏死因子、干扰素、巨噬细胞炎症蛋白。",
"sx_all":"1",
"sx_wrong":"0"
},
{
"sx_id":"535",
"sx_type":"5",
"sx_title":"发热",
"sx_subject":"患化脓性炎症动物的热型通常为（2013真题上63）",
"sx_answera":"稽留热",
"sx_answerb":"弛张热   ",
"sx_answerc":"间歇热 ",
"sx_answerd":"回归热",
"sx_answere":"波状热",
"sx_answer":"B",
"sx_analyze":"驰张热特点是体温升高后一昼夜内变动范围较大，常超过2℃以上，但又不下降至常温。驰张热常见于化脓性疾病、小叶性肺炎。",
"sx_all":"1",
"sx_wrong":"0"
},
{
"sx_id":"536",
"sx_type":"5",
"sx_title":"应激与疾病",
"sx_subject":"因长途运输等应激因素引起的PSE猪肉的眼观病变特点是（2009真题上61）&nbsp;\n<br>",
"sx_answera":"肌肉呈黄色、变硬   ",
"sx_answerb":"肌肉因充血、出血而色暗",
"sx_answerc":"肌肉因强直或痉挛而僵硬   ",
"sx_answerd":"肌肉呈白色、柔软、有液汁渗出",
"sx_answere":"肌肉系水性强，腌制时易出现色斑",
"sx_answer":"D",
"sx_analyze":"PSE肉表面灰白，似经沸水烫过；肌肉内层为淡红色，质软，无弹性；断端充满水分，湿润，透明状，严重的有多量水分滴出；肌纤维松散，纹理粗糙，肌间结缔组织缺乏脂肪，透明变性及坏死。",
"sx_all":"1",
"sx_wrong":"0"
},
{
"sx_id":"538",
"sx_type":"5",
"sx_title":"应激与疾病",
"sx_subject":"应激时机体物质代谢改变的特点是（2012真题上64）&nbsp;&nbsp;",
"sx_answera":"血糖升高    ",
"sx_answerb":"代谢率下降 ",
"sx_answerc":"血中脂肪酸含量降低  ",
"sx_answerd":"血中酮体含量降低 ",
"sx_answere":"血中游离氨基酸含量降低",
"sx_answer":"A",
"sx_analyze":"应激反应时，物质代谢总的特点是动员增加，贮存减少，表现为代谢率增高，血糖、血中游离脂肪酸含量升高以及负氮平衡。",
"sx_all":"1",
"sx_wrong":"0"
},
{
"sx_id":"540",
"sx_type":"5",
"sx_title":"应激与疾病",
"sx_subject":"动物应激儿茶酚胺分泌增多时，可抑制分泌的激素是（2013真题上64）",
"sx_answera":"抗利尿激素",
"sx_answerb":"胰岛素",
"sx_answerc":"生长激素",
"sx_answerd":"胰高血糖素 ",
"sx_answere":"糖皮质激素",
"sx_answer":"B",
"sx_analyze":"应激时交感神经兴奋，儿茶酚胺分泌增多，对许多激素如胰高血糖素、甲状腺素等的分泌有促进作用，而对胰岛素有抑制作用。\n<br>",
"sx_all":"1",
"sx_wrong":"0"
},
{
"sx_id":"542",
"sx_type":"5",
"sx_title":"炎症",
"sx_subject":"红、肿、热、痛和机能障碍是指（2009真题上62）&nbsp;\n<br>",
"sx_answera":"炎症的本质   ",
"sx_answerb":"炎症的基本经过 ",
"sx_answerc":"炎症局部的主要表现 ",
"sx_answerd":"炎症时机体的全身反应 ",
"sx_answere":"炎症局部的基本病理变化",
"sx_answer":"C",
"sx_analyze":"炎症是动物疾病过程中最常见的基本病理过程。临床上，体表局部炎症的主要表现为：红、肿、热、痛和机能障碍。",
"sx_all":"1",
"sx_wrong":"0"
},
{
"sx_id":"544",
"sx_type":"5",
"sx_title":"炎症",
"sx_subject":"卡他性炎常发生在（2009真题上63）",
"sx_answera":"肌肉   ",
"sx_answerb":"皮肤 ",
"sx_answerc":"黏膜 ",
"sx_answerd":"浆膜 ",
"sx_answere":"实质器官",
"sx_answer":"C",
"sx_analyze":"卡他性炎是发生于黏膜的一种渗出性炎症。",
"sx_all":"1",
"sx_wrong":"0"
},
{
"sx_id":"546",
"sx_type":"5",
"sx_title":"炎症",
"sx_subject":"在病毒性脑炎时渗出的炎性细胞主要是（2009真题上91）&nbsp;",
"sx_answera":"淋巴细胞 ",
"sx_answerb":"单核细胞",
"sx_answerc":"中性粒细胞  ",
"sx_answerd":"嗜酸性粒细胞 ",
"sx_answere":"嗜碱性粒细胞 ",
"sx_answer":"A",
"sx_analyze":"病毒性脑炎主要是由病毒感染引起的脑组织的炎症过程，病变特征为神经组织变性坏死，血管反应和胶质细胞增生等。浸润的主要细胞成分是淋巴细胞，同时有数量不等的浆细胞和单核细胞，在小动脉和毛细血管周围形成血管袖套现象。",
"sx_all":"1",
"sx_wrong":"0"
},
{
"sx_id":"548",
"sx_type":"5",
"sx_title":"炎症",
"sx_subject":"在寄生虫性炎症或变态反应性炎症时，引起渗出的白细胞主要是（2009真题上92）&nbsp;\n<br>",
"sx_answera":"淋巴细胞  ",
"sx_answerb":"单核细胞",
"sx_answerc":"中性粒细胞 ",
"sx_answerd":"嗜酸性粒细胞",
"sx_answere":"嗜碱性粒细胞 ",
"sx_answer":"D",
"sx_analyze":"凡在炎症组织内聚集的白细胞都称为炎症细胞，主要有以下几类：中性粒细胞、嗜酸性粒细胞、嗜碱性粒细胞、单核细胞、淋巴细胞和浆细胞。嗜酸性粒细胞增多主要见于寄生虫病和某些变态反应性疾病。",
"sx_all":"1",
"sx_wrong":"0"
},
{
"sx_id":"549",
"sx_type":"5",
"sx_title":"炎症",
"sx_subject":"寄生虫性炎症病灶内特征性的炎性细胞是（2010真题上64）&nbsp;",
"sx_answera":"单核细胞 ",
"sx_answerb":"淋巴细胞 ",
"sx_answerc":"中性粒细胞  ",
"sx_answerd":"嗜酸性粒细胞 ",
"sx_answere":"嗜碱性粒细胞 ",
"sx_answer":"D",
"sx_analyze":"凡在炎症组织内聚集的白细胞都称为炎症细胞，主要有以下几类：中性粒细胞、嗜酸性粒细胞、嗜碱性粒细胞、单核细胞、淋巴细胞和浆细胞。嗜酸性粒细胞增多主要见于寄生虫病和某些变态反应性疾病。",
"sx_all":"1",
"sx_wrong":"0"
},
{
"sx_id":"550",
"sx_type":"5",
"sx_title":"炎症",
"sx_subject":"引起炎症局部疼痛的炎症介质是（2010真题上65）&nbsp;",
"sx_answera":"P 物质 ",
"sx_answerb":"组织胺   ",
"sx_answerc":"缓激肽",
"sx_answerd":"一氧化氮  ",
"sx_answere":"溶酶体酶 ",
"sx_answer":"C",
"sx_analyze":"炎症时局部疼痛与多种因素有关。炎症局部分解代谢增强，钾离子、氢离子积聚刺激神经末梢引起疼痛；炎症渗出引起组织肿胀，张力升高，压迫或牵拉神经末梢引起疼痛；以及缓激肽、前列腺素E2（PGE2）等炎症介质的刺激而引起疼痛。",
"sx_all":"1",
"sx_wrong":"0"
},
{
"sx_id":"551",
"sx_type":"5",
"sx_title":"炎症",
"sx_subject":"卡他性炎发生的部位在（2010真题上66）&nbsp;",
"sx_answera":"黏膜 ",
"sx_answerb":"浆膜  ",
"sx_answerc":"肌膜 ",
"sx_answerd":"筋膜  ",
"sx_answere":"滑膜",
"sx_answer":"A",
"sx_analyze":"卡他性炎是发生于黏膜的一种渗出性炎症。",
"sx_all":"1",
"sx_wrong":"0"
},
{
"sx_id":"552",
"sx_type":"5",
"sx_title":"炎症",
"sx_subject":"鸡感染了新城疫病毒，临诊见有观星姿势，组织病理学观察见有非化脓性脑炎，脑血管周围有大量炎性细胞浸润，该疾病炎症病灶中渗出的主要炎性细胞类型是（2010真题上88）&nbsp;",
"sx_answera":"单核细胞  ",
"sx_answerb":"淋巴细胞 ",
"sx_answerc":"中性粒细胞  ",
"sx_answerd":"嗜酸性粒细胞 ",
"sx_answere":"嗜碱性粒细胞 ",
"sx_answer":"B",
"sx_analyze":"凡在炎症组织内聚集的白细胞都称为炎症细胞，主要有以下几类：中性粒细胞、嗜酸性粒细胞、嗜碱性粒细胞、单核细胞、淋巴细胞和浆细胞。临诊上在慢性炎症、急性炎症的恢复期及病毒性炎症和迟发性变态反应过程中，淋巴细胞为主要的炎性细胞。中性粒细胞最常见于急性炎症的早期和化脓性炎症。",
"sx_all":"1",
"sx_wrong":"0"
},
{
"sx_id":"553",
"sx_type":"5",
"sx_title":"炎症",
"sx_subject":"犊牛感染了化脓性棒状杆菌，剖检见肾脏有明显的化脓灶，组织病理学观察见病灶局部有大量的炎性细胞浸润，该疾病炎症病灶中渗出的主要炎性细胞类型是（2010真题上89）&nbsp;",
"sx_answera":"单核细胞   ",
"sx_answerb":"淋巴细胞 ",
"sx_answerc":"中性粒细胞 ",
"sx_answerd":"嗜酸性粒细胞 ",
"sx_answere":"嗜碱性粒细胞 ",
"sx_answer":"C",
"sx_analyze":"凡在炎症组织内聚集的白细胞都称为炎症细胞，主要有以下几类：中性粒细胞、嗜酸性粒细胞、嗜碱性粒细胞、单核细胞、淋巴细胞和浆细胞。临诊上在慢性炎症、急性炎症的恢复期及病毒性炎症和迟发性变态反应过程中，淋巴细胞为主要的炎性细胞。中性粒细胞最常见于急性炎症的早期和化脓性炎症。",
"sx_all":"1",
"sx_wrong":"0"
},
{
"sx_id":"554",
"sx_type":"5",
"sx_title":"炎症",
"sx_subject":"动物机体抵抗力较强，且经适当治疗，多数急性炎症局部的结构和功能均可恢复正常，此情形炎症结局最可能是（2010真题上90）",
"sx_answera":"局部蔓延   ",
"sx_answerb":"血道扩散 ",
"sx_answerc":"完全愈合 ",
"sx_answerd":"不完全愈合 ",
"sx_answere":"淋巴道扩散 ",
"sx_answer":"C",
"sx_analyze":"完全痊愈是指在炎症过程中组织损伤较轻，机体抵抗力较强，治疗及时、恰当，致病因素被迅速清除，炎性渗出物被及时溶解、吸收，发炎组织完全恢复原有的结构和功能。\n<br>局部蔓延是指炎灶内的病原微生物可经组织间隙或器官的自然管道向周围组织、器官扩散。\n<br>",
"sx_all":"1",
"sx_wrong":"0"
},
{
"sx_id":"555",
"sx_type":"5",
"sx_title":"炎症",
"sx_subject":"动物机体抵抗力低下，或病原微生物侵入机体的数量多、毒力强时，炎症局部的病原微生物可通过自然通道或组织间隙向周围扩散，此情形炎症结局最可能是（2010真题上91）&nbsp;",
"sx_answera":"局部蔓延  ",
"sx_answerb":"血道扩散",
"sx_answerc":"完全愈合",
"sx_answerd":"不完全愈合 ",
"sx_answere":"淋巴道扩散",
"sx_answer":"A",
"sx_analyze":"完全痊愈是指在炎症过程中组织损伤较轻，机体抵抗力较强，治疗及时、恰当，致病因素被迅速清除，炎性渗出物被及时溶解、吸收，发炎组织完全恢复原有的结构和功能。\n<br>局部蔓延是指炎灶内的病原微生物可经组织间隙或器官的自然管道向周围组织、器官扩散。\n<br>",
"sx_all":"1",
"sx_wrong":"0"
},
{
"sx_id":"556",
"sx_type":"5",
"sx_title":"炎症",
"sx_subject":"炎性渗出物中的纤维素是指（2012真题上65）",
"sx_answera":"纤维组织 ",
"sx_answerb":"纤维蛋白",
"sx_answerc":"纤维细胞  ",
"sx_answerd":"纤维蛋白原",
"sx_answere":"纤维蛋白酶",
"sx_answer":"B",
"sx_analyze":"纤维素性炎是指渗出物中含有大量纤维蛋白为特征的渗出性炎症。",
"sx_all":"1",
"sx_wrong":"0"
},
{
"sx_id":"557",
"sx_type":"5",
"sx_title":"炎症",
"sx_subject":"结核性肉芽肿病灶内的上皮样细胞来源于（2012真题上66）&nbsp;",
"sx_answera":"淋巴细胞  ",
"sx_answerb":"浆细胞",
"sx_answerc":"巨噬细胞 ",
"sx_answerd":"中性粒细胞  ",
"sx_answere":"嗜酸性粒细胞",
"sx_answer":"C",
"sx_analyze":"特异性增生性炎又称肉芽肿性炎，是由结核杆菌、鼻疽杆菌等引起的炎症。其主要成分为巨噬细胞，它可变成上皮样细胞和多核巨细胞。",
"sx_all":"1",
"sx_wrong":"0"
},
{
"sx_id":"558",
"sx_type":"5",
"sx_title":"炎症",
"sx_subject":"鸡感染了新城疫病毒，临床见有观星姿势，组织病理学观察见有非化脓性脑炎，脑血管周围有大量炎性细胞浸润。该病灶中渗出的主要炎性细胞种类为（2012真题上88）&nbsp;&nbsp;",
"sx_answera":"淋巴细胞  ",
"sx_answerb":"中性粒细胞 ",
"sx_answerc":"嗜酸性粒细胞",
"sx_answerd":"嗜碱性粒细胞 ",
"sx_answere":"单核细胞",
"sx_answer":"A",
"sx_analyze":"非化脓性脑炎是指主要由病毒感染引起的脑组织的炎症过程，多见于猪瘟、鸡新城疫等病毒性传染病，其病变特征是神经组织的变性坏死、血管反应，以及胶质细胞增生等。其血管反应为充血和围管性炎性细胞浸润，浸润的细胞主要是淋巴细胞，同时也有数量不等的浆细胞和单核细胞。",
"sx_all":"1",
"sx_wrong":"0"
},
{
"sx_id":"559",
"sx_type":"5",
"sx_title":"炎症",
"sx_subject":"犊牛感染了化脓性棒状杆菌，剖检见肾脏有明显的化脓灶，组织病理学观察见病灶局部有大量的炎性细胞浸润。该病灶中渗出的主要炎性细胞种类为（2012真题上89）&nbsp;",
"sx_answera":"淋巴细胞   ",
"sx_answerb":"中性粒细胞 ",
"sx_answerc":"嗜酸性粒细胞  ",
"sx_answerd":"嗜碱性粒细胞 ",
"sx_answere":"单核细胞",
"sx_answer":"B",
"sx_analyze":"凡在炎症组织内聚集的白细胞都称为炎症细胞，主要有以下几类：中性粒细胞、嗜酸性粒细胞、嗜碱性粒细胞、单核细胞、淋巴细胞和浆细胞。中性粒细胞最常见于急性炎症的早期和化脓性炎症。\n<br>",
"sx_all":"1",
"sx_wrong":"0"
},
{
"sx_id":"561",
"sx_type":"5",
"sx_title":"炎症",
"sx_subject":"被称为“绒毛心”的炎症是心外膜的（2013真题上65）",
"sx_answera":"化脓性炎 ",
"sx_answerb":"出血性炎 ",
"sx_answerc":"浆液性炎   ",
"sx_answerd":"卡他性炎",
"sx_answere":"纤维素性炎",
"sx_answer":"E",
"sx_analyze":"发生于心外膜上的纤维素性炎，纤维蛋白被覆于心外膜上，由于心脏活动时不停地搏动、摩擦，使心外膜上的纤维蛋白形成无数绒毛状物，覆盖于心脏表面，所以称为绒毛心。\n<br>",
"sx_all":"1",
"sx_wrong":"0"
},
{
"sx_id":"564",
"sx_type":"5",
"sx_title":"败血症",
"sx_subject":"脓毒败血症的主要特点是（2009真题上64）\n<br>",
"sx_answera":"血液内出现化脓菌  ",
"sx_answerb":"体表有多发性脓肿",
"sx_answerc":"血液中白细胞增多 ",
"sx_answerd":"病畜不断从鼻孔流出带血脓汁",
"sx_answere":"血液中出现大量的化脓菌及其毒素",
"sx_answer":"E",
"sx_analyze":"在疾病过程中，血液内持续存在病原微生物及其毒素和毒性产物，造成广泛的组织损害，临诊上出现严重的全身反应，称为败血症。如果是化脓菌引起的败血症，则称为脓毒败血症。因此脓毒败血症的主要特点是血液中出现大量的化脓菌及其毒素。",
"sx_all":"1",
"sx_wrong":"0"
},
{
"sx_id":"566",
"sx_type":"5",
"sx_title":"败血症",
"sx_subject":"败血症是（2012真题上67）&nbsp;&nbsp;",
"sx_answera":"病畜血液内存在原虫",
"sx_answerb":"病畜血液内存在病原菌",
"sx_answerc":"病畜血液内存在病毒 ",
"sx_answerd":"病畜血液内存在毒素",
"sx_answere":"病原体侵入血液增殖、产生毒素引起的全身严重病变 ",
"sx_answer":"E",
"sx_analyze":"败血症是指病原体侵入机体后，当机体抵抗力降低，不能抑制或清除入侵的病原体，使其在体内大量繁殖增生和产生毒素，并迅速突破机体的防御机构而进入血液，造成机体严重的全身性中毒病症与产生一系列病理变化的病理过程。",
"sx_all":"1",
"sx_wrong":"0"
},
{
"sx_id":"567",
"sx_type":"5",
"sx_title":"肿瘤",
"sx_subject":"良性肿瘤的特点之一是（2009真题上65）&nbsp;\n<br>",
"sx_answera":"易转移  ",
"sx_answerb":"异型性小 ",
"sx_answerc":"异型性大",
"sx_answerd":"生长速度快 ",
"sx_answere":"常见核分裂相",
"sx_answer":"B",
"sx_analyze":"良性肿瘤的生长、发育较为缓慢，不易转移和再发，多半呈膨胀性生长或外生性生长，组织结构和原发组织相类似，异型性不显著，肿瘤细胞分化程度高，不易见到核分裂象。",
"sx_all":"1",
"sx_wrong":"0"
},
{
"sx_id":"568",
"sx_type":"5",
"sx_title":"肿瘤",
"sx_subject":"鳞状细胞癌组织中的癌细胞来源于（2010真题上68）&nbsp;",
"sx_answera":"上皮组织 ",
"sx_answerb":"神经组织 ",
"sx_answerc":"脂肪组织",
"sx_answerd":"纤维组织   ",
"sx_answere":"肌肉组织 ",
"sx_answer":"A",
"sx_analyze":"鳞状细胞癌是由上皮组织产生的未成熟型恶性肿瘤，多发生于皮肤和有复层上皮被覆的黏膜。\n<br>",
"sx_all":"1",
"sx_wrong":"0"
},
{
"sx_id":"569",
"sx_type":"5",
"sx_title":"肿瘤",
"sx_subject":"良性肿瘤常见的生长方式是（2012真题上68）&nbsp;&nbsp;",
"sx_answera":"浸润性生长/外生性生长",
"sx_answerb":"弥漫性生长/内生性生长 ",
"sx_answerc":"膨胀性生长/弥漫性生长",
"sx_answerd":"外生性生长/膨胀性生长",
"sx_answere":"内生性生长/弥漫性生长",
"sx_answer":"D",
"sx_analyze":"良性肿瘤的生长、发育较为缓慢，不易转移和再发，多半呈膨胀性生长或外生性生长，组织结构和原发组织相类似，异型性不显著，肿瘤细胞分化程度高，不易见到核分裂象。",
"sx_all":"1",
"sx_wrong":"0"
},
{
"sx_id":"571",
"sx_type":"5",
"sx_title":"肿瘤",
"sx_subject":"复层扁平上皮发生的恶性肿瘤称（2013真题上66）&nbsp;",
"sx_answera":"纤维肉瘤 ",
"sx_answerb":"纤维瘤 ",
"sx_answerc":"乳头状瘤",
"sx_answerd":"鳞状细胞癌 ",
"sx_answere":"癌肉瘤",
"sx_answer":"D",
"sx_analyze":"鳞状细胞癌是由上皮组织生产的未成熟型恶性肿瘤，多发生于皮肤和有复层上皮被覆的黏膜。",
"sx_all":"1",
"sx_wrong":"0"
},
{
"sx_id":"572",
"sx_type":"5",
"sx_title":"器官系统病概论",
"sx_subject":"发生急性猪丹毒时，脾脏的病变是（2009真题上67）\n<br>",
"sx_answera":"急性脾炎 ",
"sx_answerb":"慢性脾炎  ",
"sx_answerc":"化脓性脾炎  ",
"sx_answerd":"坏死性脾炎  ",
"sx_answere":"出血性梗死",
"sx_answer":"A",
"sx_analyze":"急性脾炎是伴有脾脏明显肿大的一种急性炎症，多见于炭疽、急性猪丹毒、急性副伤寒等传染病，又称为败血脾。脾的出血性梗死常在感染猪瘟时发生。",
"sx_all":"1",
"sx_wrong":"0"
},
{
"sx_id":"573",
"sx_type":"5",
"sx_title":"器官系统病概论",
"sx_subject":"引起鸡小脑软化的病因是（2009真题上89）&nbsp;\n<br>",
"sx_answera":"链球菌  ",
"sx_answerb":"猪瘟病毒 ",
"sx_answerc":"食盐中毒",
"sx_answerd":"维生素D缺乏",
"sx_answere":"维生素E-硒缺乏 ",
"sx_answer":"E",
"sx_analyze":"雏鸡营养性脑软化是由维生素E-硒缺乏症所致。发生于小脑，小脑肿胀、质软，甚至不成形，软脑膜充血，表面散在有出血点。",
"sx_all":"1",
"sx_wrong":"0"
},
{
"sx_id":"575",
"sx_type":"5",
"sx_title":"器官系统病概论",
"sx_subject":"引起猪化脓性脑炎的病因是（2009真题上90）",
"sx_answera":"链球菌    ",
"sx_answerb":"猪瘟病毒 ",
"sx_answerc":"食盐中毒  ",
"sx_answerd":"维生素D缺乏",
"sx_answere":"维生素E-硒缺乏 ",
"sx_answer":"A",
"sx_analyze":"化脓性脑炎是指脑组织由于化脓菌感染所引起的有大量中性粒细胞渗出，同时伴有局部组织的液化性坏死和形成脓汁为特征的炎症过程。引起化脓性脑炎的主要病原菌有葡萄球菌、链球菌、棒状杆菌、大肠杆菌等。",
"sx_all":"1",
"sx_wrong":"0"
},
{
"sx_id":"577",
"sx_type":"5",
"sx_title":"器官系统病概论",
"sx_subject":"支气管肺炎的始发病灶位于（2010真题上69）&nbsp;",
"sx_answera":"肺大叶  ",
"sx_answerb":"肺泡壁 ",
"sx_answerc":"肺小叶间质",
"sx_answerd":"肺支气管周围 ",
"sx_answere":"细支气管或肺小叶",
"sx_answer":"E",
"sx_analyze":"支气管肺炎的病变始发于支气管或细支气管，然后蔓延到邻近肺泡。每个病灶大致在一个肺小叶范围内，所以又称为小叶性肺炎。",
"sx_all":"1",
"sx_wrong":"0"
},
{
"sx_id":"579",
"sx_type":"5",
"sx_title":"器官系统病概论",
"sx_subject":"牛副结核病时的肠炎属于（2012真题上69）&nbsp;&nbsp;",
"sx_answera":"出血性肠炎",
"sx_answerb":"坏死性肠炎 ",
"sx_answerc":"增生性肠炎  ",
"sx_answerd":"慢性卡他性肠炎 ",
"sx_answere":"纤维素性坏死性肠炎",
"sx_answer":"C",
"sx_analyze":"增生性肠炎是指肠管壁明显增厚的一种炎症，多见于慢性疾病过程中受致病因子长期刺激的结果。如结核、副结核等病例，常见肠壁肥厚，又称为肥厚性肠炎。",
"sx_all":"1",
"sx_wrong":"0"
},
{
"sx_id":"580",
"sx_type":"5",
"sx_title":"器官系统病概论",
"sx_subject":"引起小叶性肺炎的常见原因是（2013真题上67）",
"sx_answera":"细菌 ",
"sx_answerb":"病毒  ",
"sx_answerc":"毒物 ",
"sx_answerd":"缺氧 ",
"sx_answere":"营养缺乏",
"sx_answer":"A",
"sx_analyze":"引起小叶性肺炎的原因主要为病原微生物，如巴氏杆菌、链球菌、嗜血杆菌、坏死杆菌、葡萄球菌、马棒状杆菌等细菌。",
"sx_all":"1",
"sx_wrong":"0"
},
{
"sx_id":"583",
"sx_type":"5",
"sx_title":"器官系统病概论",
"sx_subject":"铁钉等尖锐物被牛误吞入胃内易引起（2013真题上68）",
"sx_answera":"瘤胃炎 ",
"sx_answerb":"瓣胃炎",
"sx_answerc":"肠炎 ",
"sx_answerd":"皱胃炎",
"sx_answere":"网胃炎",
"sx_answer":"E",
"sx_analyze":"牛胃为多室胃，依次为瘤胃、网胃、瓣胃和皱胃，当牛吞食尖锐物体停留在网胃中时，常会穿通胃壁引起创伤性网胃炎。",
"sx_all":"1",
"sx_wrong":"0"
},
{
"sx_id":"585",
"sx_type":"5",
"sx_title":"器官系统病概论",
"sx_subject":"“白斑肾”见于（2013真题上69）",
"sx_answera":"急性肾小球肾炎 ",
"sx_answerb":"膜性肾小球肾炎",
"sx_answerc":"亚急性肾小球肾炎 ",
"sx_answerd":"化脓性肾炎",
"sx_answere":"间质性肾炎",
"sx_answer":"E",
"sx_analyze":"间质性肾炎中期，病灶扩大或相互融合，形成豆大或更大的灰白色斑块，称为“白斑肾”。后期，病变部结缔组织增生，质地变硬，实质萎缩，表面呈现凹凸不平的颗粒状，称为“皱缩肾”。",
"sx_all":"1",
"sx_wrong":"0"
},
{
"sx_id":"586",
"sx_type":"5",
"sx_title":"器官系统病概论",
"sx_subject":"仔猪发生口蹄疫时，心脏常常呈现“虎斑心”外观，镜下见心肌细胞脂肪变性，肌纤维断裂崩解，间质中见淋巴细胞，巨噬细胞等浸润。此病变为（2013真题上90）",
"sx_answera":"化脓性心肌炎   ",
"sx_answerb":"间质性心肌炎",
"sx_answerc":"实质性心肌炎 ",
"sx_answerd":"中毒性心肌炎",
"sx_answere":"免疫反应性心肌炎 ",
"sx_answer":"C",
"sx_analyze":"实质性心肌炎是指心肌纤维出现变质性变化为主的炎症过程。炎症性病变多为局灶状，呈灰黄色或灰白色斑块或条纹，散布于黄红色心肌上。当沿心冠部横切心脏时，可见灰黄色条纹围绕心腔，排列呈环层状，形似虎皮的斑纹，称为虎斑心。",
"sx_all":"1",
"sx_wrong":"0"
},
{
"sx_id":"587",
"sx_type":"5",
"sx_title":"器官系统病概论",
"sx_subject":"牛创伤性网胃心包炎时，引起心肌发炎，眼观心脏表面有大小不一的化脓汁，心肌上坏死、液化和大量中性粒细胞碎片，病灶周围血管扩张、充血、大量反应带。此病变为（2013真题上91）",
"sx_answera":"化脓性心肌炎 ",
"sx_answerb":"间质性心肌炎",
"sx_answerc":"实质性心肌炎  ",
"sx_answerd":"中毒性心肌炎",
"sx_answere":"免疫反应性心肌炎 ",
"sx_answer":"A",
"sx_analyze":"化脓性心肌炎是以大量中性粒细胞渗出和脓液形成为特征的心肌炎症。在心肌内见有大小不等的化脓灶，或为孤立散在性脓肿。化脓灶内的脓液，因感染细菌的不同，可呈灰白色、灰绿色或灰黄色。",
"sx_all":"1",
"sx_wrong":"0"
},
{
"sx_id":"588",
"sx_type":"5",
"sx_title":"病理解剖诊断",
"sx_subject":"动物死亡后，尸体组织在自身酶（如溶酶体酶）的作用下被消化，其中以胃、肠、胰腺出现的变化最为明显。该动物尸体变化类型属于（2012真题上90）&nbsp;",
"sx_answera":"尸冷 ",
"sx_answerb":"尸体自溶 ",
"sx_answerc":"尸僵  ",
"sx_answerd":"尸斑   ",
"sx_answere":"尸体腐败",
"sx_answer":"B",
"sx_analyze":"尸体自溶是指体内组织受到酶（细胞本身溶酶体内的酶、胃液、胰液中的蛋白分解酶等）的作用而引起的自体消化过程。",
"sx_all":"1",
"sx_wrong":"0"
},
{
"sx_id":"589",
"sx_type":"5",
"sx_title":"病理解剖诊断",
"sx_subject":"动物死亡后，可见尸体倒卧侧的皮肤出现青紫色淤血区，后期由于发生溶血，可使该部分染成红色。该动物尸体变化的类型属于（2012真题上91）&nbsp;",
"sx_answera":"尸冷 ",
"sx_answerb":"尸体自溶  ",
"sx_answerc":"尸僵 ",
"sx_answerd":"尸斑 ",
"sx_answere":"尸体腐败",
"sx_answer":"D",
"sx_analyze":"动物死后，全身肌肉僵直收缩，心脏和大动脉也收缩，将血液挤到了静脉系统内，又由于重力作用，血液逐渐流向尸体的下垂部位，一般反应在皮肤和内脏器官的下部，呈青紫色瘀血区，称为坠积性瘀血。尸体倒卧侧皮肤的坠积性瘀血称为尸斑。随着时间的延长，由于发生溶血使该部位组织染成污红色。",
"sx_all":"1",
"sx_wrong":"0"
},
{
"sx_id":"1494",
"sx_type":"5",
"sx_title":"血液循环障碍",
"sx_subject":"不常发生白色梗死的器官是（2010真题上60）&nbsp;",
"sx_answera":"肝脏 ",
"sx_answerb":"心脏 ",
"sx_answerc":"肾脏 ",
"sx_answerd":"大脑  ",
"sx_answere":"脾脏",
"sx_answer":"A",
"sx_analyze":"因动脉血流断绝而引起局部组织或器官发生坏死，称为梗死。\n<br>贫血性梗死常发生于心、脑、肾等组织结构较致密、侧支循环不丰富的器官组织。因梗死灶的颜色呈灰白色，故又称为白色梗死。\n<br>出血性梗死多见于肺、肠等组织结构疏松、血管吻合支较丰富的器官。因梗死灶的颜色呈暗红色，又称为红色梗死。\n<br>脾脏既可以发生贫血性梗死，也可以发生出血性梗死（如猪瘟）。\n<br>肝脏由于有双重供血，所以肝脏的梗死非常少见。因此肝脏既不常发生贫血性梗死，也不常发生出血性梗死。\n<br>官方给出的答案是E、脾脏，而我们认为本题的正确答案为A、肝脏。可能出题人认为脾脏不常发生贫血性梗死，但脾脏的梗死至少是比较有争议的，并且出题人可能并未考虑肝脏在梗死方面的特点。我们认为大家只要掌握好心、脑、肾常发生贫血性梗死，而肺、肠常发生出血性梗死即可。\n<br>",
"sx_all":"1",
"sx_wrong":"0"
},
{
"sx_id":"1495",
"sx_type":"5",
"sx_title":"水盐代谢及酸碱平衡紊乱",
"sx_subject":"动物某些原发性疾病导致体内NaHC03含量降低，主要引起（2009真题上59）&nbsp;\n<br>",
"sx_answera":"代谢性碱中毒",
"sx_answerb":"呼吸性碱中毒",
"sx_answerc":"代谢性酸中毒  ",
"sx_answerd":"呼吸性酸中毒",
"sx_answere":"呼吸性酸中毒合并代谢性碱中毒",
"sx_answer":"C",
"sx_analyze":"代谢性酸中毒是指由于体内固定酸增多或碱性物质丧失过多而引起的以血浆碳酸氢钠原发性减少为特征的病理过程；呼吸性酸中毒是指由于二氧化碳排出障碍或二氧化碳吸入过多而引起的以血浆碳酸氢钠浓度原发性升高为特征的病理过程；代谢性碱中毒是指由于体内碱性物质摄入过多或酸性物质丧失过多而引起的以血浆碳酸氢钠浓度原发性升高为特征的病理过程；呼吸性碱中毒是指由于二氧化碳排出过多而引起的以血浆碳酸浓度原发性降低为特征的病理过程。",
"sx_all":"1",
"sx_wrong":"0"
},
{
"sx_id":"1496",
"sx_type":"5",
"sx_title":"水盐代谢及酸碱平衡紊乱",
"sx_subject":"呼吸性碱中毒的特点（2012真题上62）&nbsp;",
"sx_answera":"血浆NaHCO3原发性增加     ",
"sx_answerb":"血浆NaHCO3原发性减少 ",
"sx_answerc":"血浆H2CO3 含量原发性增加",
"sx_answerd":"血浆H2CO3含量继发性增加  ",
"sx_answere":"血浆H2CO3含量原发性减少",
"sx_answer":"E",
"sx_analyze":"代谢性酸中毒是指由于体内固定酸增多或碱性物质丧失过多而引起的以血浆碳酸氢钠原发性减少为特征的病理过程；呼吸性酸中毒是指由于二氧化碳排出障碍或二氧化碳吸入过多而引起的以血浆碳酸氢钠浓度原发性升高为特征的病理过程；代谢性碱中毒是指由于体内碱性物质摄入过多或酸性物质丧失过多而引起的以血浆碳酸氢钠浓度原发性升高为特征的病理过程；呼吸性碱中毒是指由于二氧化碳排出过多而引起的以血浆碳酸浓度原发性降低为特征的病理过程。",
"sx_all":"1",
"sx_wrong":"0"
},
{
"sx_id":"1497",
"sx_type":"5",
"sx_title":"败血症",
"sx_subject":"动物发生急性传染病时导致死亡的主要原因是（2010真题上67）&nbsp;",
"sx_answera":"菌血症  ",
"sx_answerb":"毒血症   ",
"sx_answerc":"败血症",
"sx_answerd":"虫血症  ",
"sx_answere":"病毒血症 ",
"sx_answer":"C",
"sx_analyze":"败血症是指病原体侵入机体后，当机体抵抗力降低，不能抑制或清除入侵的病原体，使其在体内大量繁殖增生和产生毒素，并迅速突破机体的防御结构而进入血液，造成机体严重的全身性中毒病症与产生一系列病理变化的病理过程。动物传染性疾病造成死亡的原因大多是感染继发的败血症。\n<br>败血症有两个主要标志：一是血液中有病原微生物存在，出现1）菌血症，即细菌侵入血流。2）病毒血症，即病毒侵入血流。3）虫血症，即寄生原虫大量进入血液。若上述病原微生物在血液中只是暂时存在，能很快被机体清除，则对机体无影响。二是病原微生物侵入血液后未能被及时清除，且在血中繁殖，产生毒素，则造成毒血症。",
"sx_all":"1",
"sx_wrong":"0"
},
{
"sx_id":"1498",
"sx_type":"5",
"sx_title":"器官系统病概论",
"sx_subject":"肝硬化的后期组织学病变特点是（2009真题上66）&nbsp;\n<br>",
"sx_answera":"肝水肿 ",
"sx_answerb":"肝窦扩张、淤血 ",
"sx_answerc":"肝细胞大量坏死 ",
"sx_answerd":"假小叶生成和纤维化",
"sx_answere":"胆管上皮呈乳头状增生",
"sx_answer":"D",
"sx_analyze":"肝硬变是指大部分肝细胞被间质结缔组织取代，是肝脏变形、变硬的一种慢性病变。病理表现为肝细胞间质明显增宽，结缔组织明显增多，伴有淋巴细胞和单核细胞浸润。增生的纤维素将肝细胞分割为大小和形状不一的岛屿状，即假小叶。假小叶内肝细胞变性，一般无中央静脉；边缘有成堆的新生毛细胆管细胞，少见胆管腔。病程长久的病例，肝组织可能全部由结缔组织取代，最终导致肝硬变。",
"sx_all":"1",
"sx_wrong":"0"
},
{
"sx_id":"1500",
"sx_type":"5",
"sx_title":"器官系统病概论",
"sx_subject":"某牛场成年牛突然发病，症见高热，呼吸困难，听诊有明显的?音，叩诊有大面积浊音区，X射线检查可见肺部呈现大面积的渗出性阴影。死后剖检可见肺肿大，暗红色，质地坚实如肝脏，病变肺组织切块可沉入水底。\n<br>该牛肺的病变为（2012真题上98）&nbsp;",
"sx_answera":"过敏性肺炎 ",
"sx_answerb":"小叶性肺炎 ",
"sx_answerc":"大叶性肺炎",
"sx_answerd":"真菌性肺炎 ",
"sx_answere":"间质性肺炎",
"sx_answer":"C",
"sx_analyze":"大叶性肺炎是以肺泡内有大量的纤维素性渗出为特征的一种急性肺炎，又称纤维素性肺炎。病灶波及一个大叶或更大范围，甚至一侧肺或全肺。症状为高稽留热、铁锈色鼻液、肺部广泛浊音区。根据病理变化可分为四期：充血水肿期、红色肝变期、灰色肝变期和消散期。红色肝变期的特点是肺泡壁显著充血，肺泡内有大量的红细胞和纤维素渗出。眼观病变为肺叶肿大，暗红色，质地变硬如肝脏，此种肺组织切块能完全沉入水中。灰色肝变期的特点是：镜检可见肺泡壁的毛细血管收缩小，充血现象消失，肺泡腔内充满大量网状纤维素，红细胞几乎溶解消失。",
"sx_all":"1",
"sx_wrong":"0"
},
{
"sx_id":"1501",
"sx_type":"5",
"sx_title":"器官系统病概论",
"sx_subject":"某牛场成年牛突然发病，症见高热，呼吸困难，听诊有明显的?音，叩诊有大面积浊音区，X射线检查可见肺部呈现大面积的渗出性阴影。死后剖检可见肺肿大，暗红色，质地坚实如肝脏，病变肺组织切块可沉入水底。\n<br>该肺炎的变化处于（2012真题上99）&nbsp;",
"sx_answera":"充血期 ",
"sx_answerb":"红色肝变期  ",
"sx_answerc":"灰色肝变期 ",
"sx_answerd":"水肿期 ",
"sx_answere":"消散期",
"sx_answer":"B",
"sx_analyze":"大叶性肺炎是以肺泡内有大量的纤维素性渗出为特征的一种急性肺炎，又称纤维素性肺炎。病灶波及一个大叶或更大范围，甚至一侧肺或全肺。症状为高稽留热、铁锈色鼻液、肺部广泛浊音区。根据病理变化可分为四期：充血水肿期、红色肝变期、灰色肝变期和消散期。红色肝变期的特点是肺泡壁显著充血，肺泡内有大量的红细胞和纤维素渗出。眼观病变为肺叶肿大，暗红色，质地变硬如肝脏，此种肺组织切块能完全沉入水中。灰色肝变期的特点是：镜检可见肺泡壁的毛细血管收缩小，充血现象消失，肺泡腔内充满大量网状纤维素，红细胞几乎溶解消失。",
"sx_all":"1",
"sx_wrong":"0"
},
{
"sx_id":"1502",
"sx_type":"5",
"sx_title":"器官系统病概论",
"sx_subject":"某牛场成年牛突然发病，症见高热，呼吸困难，听诊有明显的?音，叩诊有大面积浊音区，X射线检查可见肺部呈现大面积的渗出性阴影。死后剖检可见肺肿大，暗红色，质地坚实如肝脏，病变肺组织切块可沉入水底。\n<br>如果病情进一步发展，该肺的病变会呈现（2012真题上100）&nbsp;&nbsp;",
"sx_answera":"充血明显，肺泡内充满大量网状物  ",
"sx_answerb":"充血消失，肺泡内见少量网状物 ",
"sx_answerc":"充血消失，肺泡内充满大量网状物",
"sx_answerd":"水肿明显，肺泡内见少量均质红染物 ",
"sx_answere":"出血明显，肺泡内充满大量网状物",
"sx_answer":"C",
"sx_analyze":"大叶性肺炎是以肺泡内有大量的纤维素性渗出为特征的一种急性肺炎，又称纤维素性肺炎。病灶波及一个大叶或更大范围，甚至一侧肺或全肺。症状为高稽留热、铁锈色鼻液、肺部广泛浊音区。根据病理变化可分为四期：充血水肿期、红色肝变期、灰色肝变期和消散期。红色肝变期的特点是肺泡壁显著充血，肺泡内有大量的红细胞和纤维素渗出。眼观病变为肺叶肿大，暗红色，质地变硬如肝脏，此种肺组织切块能完全沉入水中。灰色肝变期的特点是：镜检可见肺泡壁的毛细血管收缩小，充血现象消失，肺泡腔内充满大量网状纤维素，红细胞几乎溶解消失。",
"sx_all":"1",
"sx_wrong":"0"
},
{
"sx_id":"1674",
"sx_type":"5",
"sx_title":"基础知识",
"sx_subject":"不属于化学性致病因素的是",
"sx_answera":"强酸、强碱",
"sx_answerb":"蛇毒",
"sx_answerc":"芥子气",
"sx_answerd":"紫外线",
"sx_answere":"有机磷农药",
"sx_answer":"D",
"sx_analyze":"疾病发生的外因包括：生物性因素、化学性因素（强酸、强碱、蛇毒、芥子气、有机磷农药）、物理性因素（紫外线）。",
"sx_all":"1",
"sx_wrong":"0"
},
{
"sx_id":"1675",
"sx_type":"5",
"sx_title":"基础知识",
"sx_subject":"动物发生转移性钙化时",
"sx_answera":"血磷不变",
"sx_answerb":"血钙不变",
"sx_answerc":"血钙升高",
"sx_answerd":"血钙降低",
"sx_answere":"血磷降低",
"sx_answer":"C",
"sx_analyze":"由于全身性的钙、磷代谢障碍，引起机体血钙或血磷升高，导致钙盐在未受损伤的组织内沉积，称为转移性钙化。",
"sx_all":"1",
"sx_wrong":"0"
},
{
"sx_id":"1676",
"sx_type":"5",
"sx_title":"基础知识",
"sx_subject":"从静脉注入空气所形成的空气性栓子主要栓塞的器官是",
"sx_answera":"大脑",
"sx_answerb":"肺脏",
"sx_answerc":"肾脏",
"sx_answerd":"肝脏",
"sx_answere":"脾脏",
"sx_answer":"B",
"sx_analyze":"来自静脉系统的空气性栓子随静脉血流运行路径：从右心室射出的静脉血入肺动脉干，使静脉血变成含氧丰富的动脉血，再经肺静脉注入左心房，主要栓塞的器官是肺脏。",
"sx_all":"1",
"sx_wrong":"0"
},
{
"sx_id":"1677",
"sx_type":"5",
"sx_title":"基础知识",
"sx_subject":"休克早期机体微循环变化的特征是",
"sx_answera":"缺血",
"sx_answerb":"淤血",
"sx_answerc":"凝血",
"sx_answerd":"出血",
"sx_answere":"充血",
"sx_answer":"A",
"sx_analyze":"休克是由多种原因引起的有效循环血量减少，使微循环灌流量严重不足，按休克时间可以分为三个时期：微循环缺血期（少灌少流，灌少于流）、微循环淤血期、微循环凝血期。",
"sx_all":"1",
"sx_wrong":"0"
},
{
"sx_id":"1678",
"sx_type":"5",
"sx_title":"基础知识",
"sx_subject":"动物发生全身性萎缩时，最早萎缩的组织或器官是",
"sx_answera":"心脏",
"sx_answerb":"肝脏",
"sx_answerc":"肾脏",
"sx_answerd":"脂肪",
"sx_answere":"垂体",
"sx_answer":"D",
"sx_analyze":"动物发生全身性萎缩多见于长期营养不良或严重消耗性疾病，全身各组织器官发生萎缩的顺序：从脂肪一肌肉一肝肾一心脑。",
"sx_all":"1",
"sx_wrong":"0"
},
{
"sx_id":"1679",
"sx_type":"5",
"sx_title":"基础知识",
"sx_subject":"高渗性脱水的特点是",
"sx_answera":"细胞外液容量减少，渗透压降低",
"sx_answerb":"细胞外液容量増加，渗透压降低",
"sx_answerc":"细胞外液容量减少，渗透压増高",
"sx_answerd":"细胞外液容量増加，渗透压升高",
"sx_answere":"细胞外液容量减少，细胞内溶液量増加",
"sx_answer":"C",
"sx_analyze":"体液是由细胞外液（1/3）和细胞内液（2/3）组成。细胞外液渗透压95%由晶体渗透压（Na+）决定。高渗性脱水主要是失水多于失钠，所以细胞外液容量减少、渗透压升高。",
"sx_all":"1",
"sx_wrong":"0"
},
{
"sx_id":"1680",
"sx_type":"5",
"sx_title":"基础知识",
"sx_subject":"上呼吸道狭窄可引起",
"sx_answera":"血液性缺氧",
"sx_answerb":"低张性缺氧",
"sx_answerc":"缺血性缺氧",
"sx_answerd":"瘀血性缺氧",
"sx_answere":"组织性缺氧",
"sx_answer":"B",
"sx_analyze":"上呼吸道狭窄发生通气或换气障碍，导致肺泡氧分压降低，或静脉血分流入动脉，血液从肺摄取的氧减少，以致动脉氧分压降低，动脉血氧含量减少称为低张性缺氧。",
"sx_all":"1",
"sx_wrong":"0"
},
{
"sx_id":"1681",
"sx_type":"5",
"sx_title":"基础知识",
"sx_subject":"在应激素原作下，细胞表达明显増加的蛋白是",
"sx_answera":"角蛋白",
"sx_answerb":"热休克蛋白",
"sx_answerc":"纤维蛋白",
"sx_answerd":"白蛋白",
"sx_answere":"胶原蛋白",
"sx_answer":"B",
"sx_analyze":"应激时，细胞会出现一系列细胞内信号转导和相关基因的激活，表达一些多具保护作用的相关蛋白质，如热休克蛋白、急性期反应蛋白、某些酶或细胞因子等，成为机体在细胞、蛋白质、基因水平的应激反应表现。",
"sx_all":"1",
"sx_wrong":"0"
},
{
"sx_id":"1682",
"sx_type":"5",
"sx_title":"基础知识",
"sx_subject":"疏松结缔组织内的弥漫性化脓性炎称为",
"sx_answera":"纤维素性炎",
"sx_answerb":"蜂窝织炎",
"sx_answerc":"浆液性炎",
"sx_answerd":"出血性炎",
"sx_answere":"变质性炎",
"sx_answer":"B",
"sx_analyze":"蜂窝织炎多发生于疏松结缔组织的弥漫性化脓性炎症，多见于皮下或肌间，常由溶血性链球菌引起。",
"sx_all":"1",
"sx_wrong":"0"
},
{
"sx_id":"1683",
"sx_type":"5",
"sx_title":"基础知识",
"sx_subject":"鳞状细胞癌的癌细胞来源于",
"sx_answera":"上皮组织",
"sx_answerb":"神经组织",
"sx_answerc":"脂肪组织",
"sx_answerd":"纤维组织",
"sx_answere":"肌肉组织",
"sx_answer":"A",
"sx_analyze":"鳞状细胞癌是发于上皮组织的恶性肿瘤，异型性大，浸润性生长。",
"sx_all":"1",
"sx_wrong":"0"
},
{
"sx_id":"1684",
"sx_type":"5",
"sx_title":"基础知识",
"sx_subject":"原发性肾小球肾炎的发病机制是",
"sx_answera":"内源性毒物质损伤",
"sx_answerb":"外源性毒物质损伤",
"sx_answerc":"应激反应",
"sx_answerd":"缺血损伤",
"sx_answere":"变态反应",
"sx_answer":"E",
"sx_analyze":"以肾小球损害为主的炎症。它始于肾小球，而后波及肾小囊，最后累及肾小管和间质。一般为原发性，多是两侧弥漫性分布，发生机理至今还未完全清楚，但目前认为它是一种变态反应性疾病。",
"sx_all":"1",
"sx_wrong":"0"
},
{
"sx_id":"1685",
"sx_type":"5",
"sx_title":"基础知识",
"sx_subject":"进行牛的尸体剖检时通常采用",
"sx_answera":"左侧卧位",
"sx_answerb":"背卧位",
"sx_answerc":"右侧卧位",
"sx_answerd":"腹卧位",
"sx_answere":"吊挂式",
"sx_answer":"A",
"sx_analyze":"牛、羊尸体剖检时通常采取左侧卧位。为了避开左侧瘤胃的，使剖解更宜进行，更容易暴露体内的其它脏器。",
"sx_all":"1",
"sx_wrong":"0"
},
{
"sx_id":"1686",
"sx_type":"5",
"sx_title":"基础知识",
"sx_subject":"病死犬，死前出现蛋白尿，肾脏组织病理学观察可见肾上管上皮细胞内有大小不一均质红染的滴状物，此病变为",
"sx_answera":"气球样变",
"sx_answerb":"水泡变性",
"sx_answerc":"颗粒变性",
"sx_answerd":"脂肪变性",
"sx_answere":"透明变性",
"sx_answer":"E",
"sx_analyze":"气球样变性：细胞水肿胞质透明、淡染，严重时细胞膨大如气球。水泡变性：胞浆或胞核内出现大小不等的水泡，使整个细胞呈蜂窝状结构。颗粒变性：变性细胞的体积肿大，胞浆内出现蛋白质性颗粒。脂肪变性：表面和切面均呈土黄色，触之油腻感。细胞肿胀，胞浆内出现大小不一的空泡，苏丹Ⅲ染色时脂滴为橘红色。细胞内透明变性：常见于肾小管上皮细胞的胞浆内出现大小不一均质的红染滴状物。",
"sx_all":"1",
"sx_wrong":"0"
},
{
"sx_id":"1687",
"sx_type":"5",
"sx_title":"基础知识",
"sx_subject":"病死犬，肾脏组织病理学观察可见肾小管上皮细胞内有大小不一的空泡，油红染色呈橘红色，此病变为",
"sx_answera":"气球样变",
"sx_answerb":"水泡变性",
"sx_answerc":"颗粒变性",
"sx_answerd":"脂肪变性",
"sx_answere":"透明变性",
"sx_answer":"D",
"sx_analyze":"气球样变性：细胞水肿胞质透明、淡染，严重时细胞膨大如气球。水泡变性：胞浆或胞核内出现大小不等的水泡，使整个细胞呈蜂窝状结构。颗粒变性：变性细胞的体积肿大，胞浆内出现蛋白质性颗粒。脂肪变性：表面和切面均呈土黄色，触之油腻感。细胞肿胀，胞浆内出现大小不一的空泡，苏丹Ⅲ染色时脂滴为橘红色。细胞内透明变性：常见于肾小管上皮细胞的胞浆内出现大小不一均质的红染滴状物。",
"sx_all":"1",
"sx_wrong":"0"
},
{
"sx_id":"1688",
"sx_type":"5",
"sx_title":"基础知识",
"sx_subject":"发生在组织内的局限性化脓性炎是",
"sx_answera":"蓄脓",
"sx_answerb":"脓性卡他",
"sx_answerc":"脓肿",
"sx_answerd":"蜂窝织炎  ",
"sx_answere":"坏疽",
"sx_answer":"C",
"sx_analyze":"以大量中性粒细胞渗出，并伴有不同程度的组织坏死和脓液形成为特征的炎症，称为化脓性炎。脓肿是组织内局限性化脓性炎，脓性卡他是指黏膜表面的化脓性炎，积脓是脓液蓄积在浆膜腔内。",
"sx_all":"1",
"sx_wrong":"0"
},
{
"sx_id":"1689",
"sx_type":"5",
"sx_title":"基础知识",
"sx_subject":"发生在黏膜表面的化脓性炎是",
"sx_answera":"蓄脓",
"sx_answerb":"脓性卡他",
"sx_answerc":"脓肿",
"sx_answerd":"蜂窝织炎  ",
"sx_answere":"坏疽",
"sx_answer":"B",
"sx_analyze":"以大量中性粒细胞渗出，并伴有不同程度的组织坏死和脓液形成为特征的炎症，称为化脓性炎。脓肿是组织内局限性化脓性炎，脓性卡他是指黏膜表面的化脓性炎，积脓是脓液蓄积在浆膜腔内。",
"sx_all":"1",
"sx_wrong":"0"
},
{
"sx_id":"1690",
"sx_type":"5",
"sx_title":"基础知识",
"sx_subject":"病鸡心动迟缓，剖检见心包膜、肝和肾被膜及输尿管浆膜上有大量石灰样物质沉积，该沉积物是",
"sx_answera":"磷酸盐",
"sx_answerb":"碳酸盐",
"sx_answerc":"尿酸盐",
"sx_answerd":"草酸盐",
"sx_answere":"硫酸盐",
"sx_answer":"C",
"sx_analyze":"尿酸盐沉着，是指体内嘌呤代谢障碍，而引起的疾病，以鸡最为多见。易沉着在关节间隙、肾脏、输尿管及内脏器官的浆膜上。关节、肾脏或其他组织内有大量石灰样物质沉着而引起相应器官组织的损伤。",
"sx_all":"1",
"sx_wrong":"0"
},
{
"sx_id":"1691",
"sx_type":"5",
"sx_title":"基础知识",
"sx_subject":"家兔，出现神经症状，血液学检查见单核细胞数量明显増多。剖检见肝脏表面有坏死灶，脑内有细小化脓灶。脑组织切片检查见血管套现象。   该病原可能是",
"sx_answera":"巴氏杆菌",
"sx_answerb":"李氏杆菌",
"sx_answerc":"布氏杆菌",
"sx_answerd":"大肠杆菌",
"sx_answere":"链球菌",
"sx_answer":"B",
"sx_analyze":"李氏杆菌病是由李斯特菌引起的一种散发性人畜共患传染病。家畜以脑膜脑炎、败血症、流产为特征；家禽和兔以坏死性肝炎、脑内化脓灶及单核细胞増多症为特征。为确诊该病原进一步检查可用含5%绵羊红细胞的培养基进行病原分离及鉴定。兔病理剖解脑组织切片检查，呈现血管套现象，主要炎性细胞为单核细胞。",
"sx_all":"1",
"sx_wrong":"0"
},
{
"sx_id":"1692",
"sx_type":"5",
"sx_title":"基础知识",
"sx_subject":"家兔，出现神经症状，血液学检查见单核细胞数量明显増多。剖检见肝脏表面有坏死灶，脑内有细小化脓灶。脑组织切片检查见血管套现象。   为确诊，需进一步检查的项目是    ",
"sx_answera":"血常规检查",
"sx_answerb":"尿常规检查",
"sx_answerc":"抗体检查",
"sx_answerd":"细胞培养",
"sx_answere":"病原分离鉴定",
"sx_answer":"E",
"sx_analyze":"李氏杆菌病是由李斯特菌引起的一种散发性人畜共患传染病。家畜以脑膜脑炎、败血症、流产为特征；家禽和兔以坏死性肝炎、脑内化脓灶及单核细胞増多症为特征。为确诊该病原进一步检查可用含5%绵羊红细胞的培养基进行病原分离及鉴定。兔病理剖解脑组织切片检查，呈现血管套现象，主要炎性细胞为单核细胞。",
"sx_all":"1",
"sx_wrong":"0"
},
{
"sx_id":"1693",
"sx_type":"5",
"sx_title":"基础知识",
"sx_subject":"家兔，出现神经症状，血液学检查见单核细胞数量明显増多。剖检见肝脏表面有坏死灶，脑内有细小化脓灶。脑组织切片检查见血管套现象。   病兔的脑炎病灶中，形成血管套的主要炎性细胞是",
"sx_answera":"嗜酸性细胞",
"sx_answerb":"中性粒细胞",
"sx_answerc":"单核细胞",
"sx_answerd":"淋巴细胞",
"sx_answere":"浆细胞",
"sx_answer":"C",
"sx_analyze":"李氏杆菌病是由李斯特菌引起的一种散发性人畜共患传染病。家畜以脑膜脑炎、败血症、流产为特征；家禽和兔以坏死性肝炎、脑内化脓灶及单核细胞増多症为特征。为确诊该病原进一步检查可用含5%绵羊红细胞的培养基进行病原分离及鉴定。兔病理剖解脑组织切片检查，呈现血管套现象，主要炎性细胞为单核细胞。",
"sx_all":"1",
"sx_wrong":"0"
}
]
}