{
"RECORDS":[
{
"sx_id":"600",
"sx_type":"6",
"sx_title":"总论",
"sx_subject":"给犬内服磺胺类药物时，同时使用NaHC03的目的是（2009真题上68）\n<br>",
"sx_answera":"增加抗菌作用 ",
"sx_answerb":"加快药物的吸收",
"sx_answerc":"加快药物的代谢",
"sx_answerd":"防止结晶尿的形成",
"sx_answere":"防止药物排泄过快 ",
"sx_answer":"D",
"sx_analyze":"磺胺类药物经肝脏分解代谢后成为无效的乙酰磺胺，然后经肾脏由尿液排出体外。但乙酰磺胺（酸性）溶解度低，特别是在酸性条件下易析出结晶，从而损伤肾小管上皮。所以内服本药时可采取的措施是：多喝水，与弱碱性的NaHCO3&nbsp;同服，勿与酸性药物如维生素C同服。",
"sx_all":"1",
"sx_wrong":"0"
},
{
"sx_id":"601",
"sx_type":"6",
"sx_title":"总论",
"sx_subject":"用治疗剂量时，出现与用药目的无关的不良反应是指药物的（2009真题上69）\n<br>",
"sx_answera":"副作用",
"sx_answerb":"变态反应",
"sx_answerc":"毒性作用 ",
"sx_answerd":"继发性反应",
"sx_answere":"特异质反应 ",
"sx_answer":"A",
"sx_analyze":"副作用：治疗剂量下产生的与治疗无关或危害不大的不良反应。原因是药物选择性低，药理效应广泛。特点是不可避免，但一般可预见，能通过合并用药等缓解、纠正。例如阿托品。",
"sx_all":"1",
"sx_wrong":"0"
},
{
"sx_id":"602",
"sx_type":"6",
"sx_title":"总论",
"sx_subject":"一般情况下，作用选择性低的药物，在治疗量时对畜禽的（2012真题上70）&nbsp;",
"sx_answera":"毒性较小  ",
"sx_answerb":"副作用较多",
"sx_answerc":"副作用较少 ",
"sx_answerd":"不良反应较少 ",
"sx_answere":"过敏反应较剧烈",
"sx_answer":"B",
"sx_analyze":"副作用是指治疗剂量下产生的与治疗无关或危害不大的不良反应。原因是药物选择性低，药理效应广泛。特点是不可避免，但一般可预见，能通过合并用药等缓解、纠正。因此，选择性低的药物，副作用较多。",
"sx_all":"1",
"sx_wrong":"0"
},
{
"sx_id":"603",
"sx_type":"6",
"sx_title":"总论",
"sx_subject":"犬麻醉前使用阿托品时，可出现抑制腺体分泌、减轻心脏抑制、抑制胃肠平滑肌的作用，其中抑制胃肠平滑肌的作用属于（2012真题上92）&nbsp;&nbsp;",
"sx_answera":"副作用   ",
"sx_answerb":"毒性作用   ",
"sx_answerc":"过敏反应   ",
"sx_answerd":"二重感染 ",
"sx_answere":"后遗效应",
"sx_answer":"A",
"sx_analyze":"副作用：治疗剂量下产生的与治疗无关或危害不大的不良反应。原因是药物选择性低，药理效应广泛，利用其中一个作用作为治疗目的时，其他作用便成了副作用。如用阿托品作麻醉前给药，主要目的是抑制腺体分泌和减轻心脏抑制，同时产生的抑制胃肠平滑肌的作用便成了副作用。",
"sx_all":"1",
"sx_wrong":"0"
},
{
"sx_id":"604",
"sx_type":"6",
"sx_title":"总论",
"sx_subject":"猪长期使用乙酰甲喹后，可引起肝、肾损害，此作用属于（2012真题上92-93）&nbsp;",
"sx_answera":"副作用   ",
"sx_answerb":"毒性作用  ",
"sx_answerc":"过敏反应 ",
"sx_answerd":"二重感染",
"sx_answere":"后遗效应",
"sx_answer":"B",
"sx_analyze":"毒性作用：指用药剂量过大（急性）或用药时间过长（慢性），体内药物蓄积过多时所致机体的损害性反应。如长期使用乙酰甲喹引起的肝肾损害。",
"sx_all":"1",
"sx_wrong":"0"
},
{
"sx_id":"605",
"sx_type":"6",
"sx_title":"总论",
"sx_subject":"吸收是指药物进入（2013真题上70）&nbsp;",
"sx_answera":"胃肠道的过程",
"sx_answerb":"靶器官的过程",
"sx_answerc":"血液循环的过程   ",
"sx_answerd":"细胞内液的过程",
"sx_answere":"细胞外液的过程",
"sx_answer":"C",
"sx_analyze":"吸收是指药物从用药部位进入血液循环的过程。除静脉注射药物直接进入血液循环外，其它给药方法均有吸收过程。\n<br>",
"sx_all":"1",
"sx_wrong":"0"
},
{
"sx_id":"606",
"sx_type":"6",
"sx_title":" 化学合成抗菌药、抗生素与抗真菌药物",
"sx_subject":"四环素类药物的抗菌作用机制是抑制（2009真题上70）\n<br>",
"sx_answera":"细菌叶酸的合成 ",
"sx_answerb":"细菌蛋白质的合成",
"sx_answerc":"细菌细胞壁的合成   ",
"sx_answerd":"细菌细胞膜的通透性",
"sx_answere":"细菌DNA回旋酶的合成",
"sx_answer":"B",
"sx_analyze":"四环素类抗生素的抗菌作用机制是与细菌核糖体30S亚基结合，抑制蛋白质的合成。\n<br>",
"sx_all":"1",
"sx_wrong":"0"
},
{
"sx_id":"608",
"sx_type":"6",
"sx_title":"化学合成抗菌药、抗生素与抗真菌药物",
"sx_subject":"甲硝唑适用于治疗（2009真题上93）\n<br>",
"sx_answera":"鸡球虫病 ",
"sx_answerb":"皮肤真菌病 ",
"sx_answerc":"厌氧菌感染   ",
"sx_answerd":"猪支原体性肺炎",
"sx_answere":"猪放线杆菌性胸膜肺炎 ",
"sx_answer":"C",
"sx_analyze":"甲硝唑属硝基咪唑类抗菌药，抗原虫（滴虫、阿米巴原虫）和强效抗厌氧菌作用。",
"sx_all":"1",
"sx_wrong":"0"
},
{
"sx_id":"610",
"sx_type":"6",
"sx_title":" 化学合成抗菌药、抗生素与抗真菌药物",
"sx_subject":"头孢噻呋适用于治疗（2009真题上94）",
"sx_answera":"鸡球虫病 ",
"sx_answerb":"皮肤真菌病 ",
"sx_answerc":"厌氧菌感染 ",
"sx_answerd":"猪支原体性肺炎",
"sx_answere":"猪放线杆菌性胸膜肺炎 ",
"sx_answer":"E",
"sx_analyze":"头孢噻呋的抗菌谱与广谱青霉素类似，对G+、G-&nbsp;均有效。敏感菌主要有巴氏杆菌、胸膜肺炎放线杆菌、大肠杆菌、沙门氏菌、链球菌、葡萄球菌等。",
"sx_all":"1",
"sx_wrong":"0"
},
{
"sx_id":"612",
"sx_type":"6",
"sx_title":" 化学合成抗菌药、抗生素与抗真菌药物",
"sx_subject":"灰黄毒素适用于治疗（2009真题上95）\n<br>&nbsp;",
"sx_answera":"鸡球虫病  ",
"sx_answerb":"皮肤真菌病 ",
"sx_answerc":"厌氧菌感染",
"sx_answerd":"猪支原体性肺炎",
"sx_answere":"猪放线杆菌性胸膜肺炎",
"sx_answer":"B",
"sx_analyze":"主要的抗真菌药有两性霉素B、制霉菌素、灰黄霉素、酮康唑、克霉唑等。",
"sx_all":"1",
"sx_wrong":"0"
},
{
"sx_id":"614",
"sx_type":"6",
"sx_title":" 化学合成抗菌药、抗生素与抗真菌药物",
"sx_subject":"8月龄母猪，因怀疑患细菌性肺炎，用青霉素、链霉素肌注治疗3天，疗效欠佳，经实验室诊断为支原体肺炎混合感染胸膜肺炎放线杆菌，应改用的治疗药物是（2009真题上97）&nbsp;\n<br>",
"sx_answera":"新霉素 ",
"sx_answerb":"头孢噻呋  ",
"sx_answerc":"泰妙菌素",
"sx_answerd":"氟苯尼考",
"sx_answere":"地美硝唑",
"sx_answer":"C",
"sx_analyze":"泰妙菌素属截短侧耳素类抗生素，抗菌谱与大环内酯类相似。对鸡败血支原体、猪肺炎支原体、猪胸膜肺炎放线杆菌，猪密螺旋体痢疾有较强的抗菌作用。",
"sx_all":"1",
"sx_wrong":"0"
},
{
"sx_id":"615",
"sx_type":"6",
"sx_title":" 化学合成抗菌药、抗生素与抗真菌药物",
"sx_subject":"青霉素类抗生素的抗菌作用机理是抑制细菌（2010真题上70）&nbsp;",
"sx_answera":"叶酸的合成",
"sx_answerb":"蛋白质的合成 ",
"sx_answerc":"细胞壁的合成 ",
"sx_answerd":"细胞膜的合成 ",
"sx_answere":"DNA 回旋酶的合成 ",
"sx_answer":"C",
"sx_analyze":"青霉素类抗生素属于β-内酰胺类，能与细菌胞质膜上的青霉素结合蛋白（PBP）结合使其活性丧失，从而抑制细菌细胞壁的合成。",
"sx_all":"1",
"sx_wrong":"0"
},
{
"sx_id":"617",
"sx_type":"6",
"sx_title":" 化学合成抗菌药、抗生素与抗真菌药物",
"sx_subject":"犬，8月龄，患大肠杆菌病，兽医采用肌内注射复方磺胺嘧啶钠注射液，剂量为每千克体重20mg&nbsp;磺胺嘧啶钠和4mg甲氧苄啶的用药方案，该联合用药最有可能发生的相互作用是（2010真题上92）&nbsp;",
"sx_answera":"配伍禁忌 ",
"sx_answerb":"协同作用",
"sx_answerc":"相加作用",
"sx_answerd":"颉颃作用",
"sx_answere":"无关作用 ",
"sx_answer":"B",
"sx_analyze":"甲氧苄啶（TMP），二甲氧苄啶（DVD）等因能增强磺胺药和多种抗生素的疗效，故称为抗菌增效剂。与磺胺药合用时，可从两个不同环节同时阻断叶酸代谢而起到双重阻断作用，使抗菌作用增强几倍至几十倍。",
"sx_all":"1",
"sx_wrong":"0"
},
{
"sx_id":"619",
"sx_type":"6",
"sx_title":" 化学合成抗菌药、抗生素与抗真菌药物",
"sx_subject":"犬，2&nbsp;月龄，为预防外科手术后的细菌感染，兽医在犬日粮中添加磺胺二甲嘧啶（500mg/kg日粮）10&nbsp;天，根据药物的使用剂量、时间，最有可能发生的不良反应是（2010真题上94）&nbsp;",
"sx_answera":"耳毒性    ",
"sx_answerb":"结晶尿",
"sx_answerc":"致突变 ",
"sx_answerd":"免疫抑制 ",
"sx_answere":"软骨变性 ",
"sx_answer":"B",
"sx_analyze":"磺胺类药物的不良反应分为急性中毒（见于用药速度过快或剂量过大时，表现为神经兴奋、共济失调、肌无力、呕吐、昏迷等）和慢性中毒（常见于连续用药超过1周以上的长期用药，主要症状为结晶尿、血尿、蛋白尿及消化系统障碍和草食动物的多发性肠炎。）",
"sx_all":"1",
"sx_wrong":"0"
},
{
"sx_id":"620",
"sx_type":"6",
"sx_title":" 化学合成抗菌药、抗生素与抗真菌药物",
"sx_subject":"犬，2月龄，患细菌性腹泻，兽医在犬日粮中添加恩诺沙星（200mg/kg日粮）10&nbsp;天，根据药物的使用剂量、时间，最有可能发生的不良反应是（2010真题上95）&nbsp;",
"sx_answera":"耳毒性 ",
"sx_answerb":"结晶尿 ",
"sx_answerc":"致突变",
"sx_answerd":"免疫抑制  ",
"sx_answere":"软骨变性 ",
"sx_answer":"E",
"sx_analyze":"喹诺酮类药物的不良反应：可使幼龄动物软骨变性，引起跛行及疼痛；肉食动物高剂量用药可出现结晶尿；皮肤反应有红斑、瘙痒、荨麻疹及光敏反应等。",
"sx_all":"1",
"sx_wrong":"0"
},
{
"sx_id":"621",
"sx_type":"6",
"sx_title":" 化学合成抗菌药、抗生素与抗真菌药物",
"sx_subject":"犬，15&nbsp;月龄，初步诊断为感染性皮炎，用恩诺沙星肌注治疗3&nbsp;天，疗效差，经实验室确诊为表皮癣菌感染，应改用的治疗药物是（2010真题上96）",
"sx_answera":"红霉素 ",
"sx_answerb":"土霉素 ",
"sx_answerc":"酮康唑 ",
"sx_answerd":"左旋咪唑  ",
"sx_answere":"庆大霉素 ",
"sx_answer":"C",
"sx_analyze":"真菌感染分为浅表真菌感染（由各种?菌引起）和深部真菌感染，主要的抗真菌药有两性霉素B、制霉菌素、灰黄霉素、酮康唑和克霉唑等。酮康唑为广谱抗真菌药，对全身及浅表真菌均有抗菌活性。而左旋咪唑为抗寄生虫药，红霉素、庆大霉素、土霉素为抗菌药。",
"sx_all":"1",
"sx_wrong":"0"
},
{
"sx_id":"622",
"sx_type":"6",
"sx_title":" 化学合成抗菌药、抗生素与抗真菌药物",
"sx_subject":"治疗犬脑部细菌感染应该首选（2012真题上71）&nbsp;",
"sx_answera":"新霉素内服 ",
"sx_answerb":"庆大霉素内服 ",
"sx_answerc":"磺胺氯丙嗪内服",
"sx_answerd":"磺胺嘧啶内服",
"sx_answere":"磺胺二甲嘧啶内服",
"sx_answer":"D",
"sx_analyze":"分子较大、极性较高、与血浆蛋白结合的药物不能通过血脑屏障。进入血液的磺胺药大部分与血浆蛋白结合，而磺胺嘧啶的血浆蛋白结合率最低，仅为17％，所以磺胺嘧啶易于通过血脑屏障进入脑脊液，其脑脊液浓度可达到血药浓度的50％-80％。",
"sx_all":"1",
"sx_wrong":"0"
},
{
"sx_id":"623",
"sx_type":"6",
"sx_title":" 化学合成抗菌药、抗生素与抗真菌药物",
"sx_subject":"青霉素类抗生素的抗菌作用机理是抑制细菌（2012真题上72）&nbsp;&nbsp;",
"sx_answera":"叶酸的合成 ",
"sx_answerb":"蛋白质合成 ",
"sx_answerc":"细胞壁的合成 ",
"sx_answerd":"细胞膜的合成 ",
"sx_answere":"DNA 回旋酶的合成",
"sx_answer":"C",
"sx_analyze":"青霉素类抗生素属于β-内酰胺类，能与细菌细胞质膜上的青霉素结合蛋白结合使其活性丧失，从而抑制细菌细胞壁的合成。",
"sx_all":"1",
"sx_wrong":"0"
},
{
"sx_id":"624",
"sx_type":"6",
"sx_title":" 化学合成抗菌药、抗生素与抗真菌药物",
"sx_subject":"鸡，35日龄，初步诊断为大肠杆菌病，用庆大霉素治疗3天，疗效欠佳，经实验室确诊为大肠杆菌并发支原体感染，应加用的治疗药物是（2012真题上96）&nbsp;",
"sx_answera":"杆菌肽  ",
"sx_answerb":"土霉素",
"sx_answerc":"头孢噻呋  ",
"sx_answerd":"莫能菌素  ",
"sx_answere":"磺胺嘧啶",
"sx_answer":"B",
"sx_analyze":"土霉素属四环素类抗生素，是广谱抑菌剂。对革兰氏阳性菌、革兰氏阴性菌、立克次氏体、衣原体、支原体、螺旋体、放线菌、某些原虫有作用。应用于大肠杆菌、沙门氏菌引起的下痢如仔猪黄痢，多杀性巴氏杆菌引起的牛出血性败血症、猪肺疫、禽霍乱，支原体引起的猪喘气病等。",
"sx_all":"1",
"sx_wrong":"0"
},
{
"sx_id":"625",
"sx_type":"6",
"sx_title":" 化学合成抗菌药、抗生素与抗真菌药物",
"sx_subject":"因连续用药而产生的耐药性是指（2013真题上71）",
"sx_answera":"病原体对药物的敏感性降低    ",
"sx_answerb":"患病畜禽对药物的敏感性降低",
"sx_answerc":"病原体对药物产生了依赖性  ",
"sx_answerd":"病原体对药物的敏感性提高",
"sx_answere":"患病畜禽对药物的敏感性提高",
"sx_answer":"A",
"sx_analyze":"耐药性是指病原体在长期多次接触药物后，产生了结构、生理及生化功能的改变，对药物的敏感性下降或消失的现象。",
"sx_all":"1",
"sx_wrong":"0"
},
{
"sx_id":"626",
"sx_type":"6",
"sx_title":" 化学合成抗菌药、抗生素与抗真菌药物",
"sx_subject":"不属于畜禽专用的抗生素是（2013真题上72）",
"sx_answera":"泰拉霉素 ",
"sx_answerb":"多西环素",
"sx_answerc":"泰乐菌素   ",
"sx_answerd":"替米考星 ",
"sx_answere":"沃尼妙林",
"sx_answer":"B",
"sx_analyze":"畜禽专用的大环内酯类抗生素有：泰乐菌素，泰万菌素，泰拉霉素，替米考星。沃尼妙林为截短侧耳素类类畜禽专用抗生素。",
"sx_all":"1",
"sx_wrong":"0"
},
{
"sx_id":"627",
"sx_type":"6",
"sx_title":" 化学合成抗菌药、抗生素与抗真菌药物",
"sx_subject":"5月龄公猪，因怀疑患猪肺疫，用头孢噻呋肌注治疗3天，疗效欠佳，经实验室诊断为支原体肺炎混合感染巴氏杆菌，进一步治疗应加用的药物是（2013真题上96）",
"sx_answera":"磺胺对甲氧嘧啶 ",
"sx_answerb":"乙酰甲喹  ",
"sx_answerc":"阿莫西林 ",
"sx_answerd":"泰乐菌素 ",
"sx_answere":"喹乙醇",
"sx_answer":"D",
"sx_analyze":"泰乐菌素属畜禽专用的大环内酯类抗生素，常用于支原体、螺旋体、猪胸膜肺炎放线杆菌、巴氏杆菌等。",
"sx_all":"1",
"sx_wrong":"0"
},
{
"sx_id":"629",
"sx_type":"6",
"sx_title":"消毒防腐药",
"sx_subject":"适用于熏蒸消毒的药是（2010真题上71）&nbsp;",
"sx_answera":"复合酚 ",
"sx_answerb":"过氧化氢",
"sx_answerc":"苯扎溴铵 ",
"sx_answerd":"二氯异氰脲酸 ",
"sx_answere":"甲醛溶液 ",
"sx_answer":"E",
"sx_analyze":"熏蒸消毒的优点：药物能均匀地分布到禽舍的各个角落，消毒全面彻底省事省力，特别适用于禽舍内空气污染的消毒。甲醛（刚装修好的房子里满是甲醛的味道）、过氧乙酸（乙酸就是醋，很容易挥发）比较容易挥发成气体，适用于熏蒸消毒。",
"sx_all":"1",
"sx_wrong":"0"
},
{
"sx_id":"631",
"sx_type":"6",
"sx_title":"消毒防腐药",
"sx_subject":"可用于饮水消毒的药物是（2012真题上73）&nbsp;&nbsp;",
"sx_answera":"复合酚",
"sx_answerb":"戊二醛 ",
"sx_answerc":"含氯石灰",
"sx_answerd":"聚维酮碘 ",
"sx_answere":"溴氯海因",
"sx_answer":"C",
"sx_analyze":"含氯石灰加入水中生成次氯酸，后者释放活性氧和初生氧而呈现杀菌作用，对细菌繁殖体、细菌芽孢、病毒及真菌都有杀灭作用。其杀菌作用快而强，但不持久，可用于饮水消毒和厩舍、场地、车辆、排泄物等的消毒。因为杀菌作用不持久，所以用于饮水消毒不会对人体造成伤害。\n<br>",
"sx_all":"1",
"sx_wrong":"0"
},
{
"sx_id":"633",
"sx_type":"6",
"sx_title":"抗寄生虫药",
"sx_subject":"具有抗球虫作用的药物是（2009真题上77）&nbsp;\n<br>",
"sx_answera":"伊维菌素 ",
"sx_answerb":"多西环素",
"sx_answerc":"莫能菌素 ",
"sx_answerd":"大观霉素 ",
"sx_answere":"泰乐菌素 ",
"sx_answer":"C",
"sx_analyze":"抗球虫药大致分为两大类：一类是聚醚类离子载体抗生素，包括莫能菌素、盐霉素、甲基盐霉素、马杜霉素等；另一类是化学合成的抗球虫药，包括妥曲珠利、地克珠利、常山酮、氨丙啉、尼卡巴嗪等。",
"sx_all":"1",
"sx_wrong":"0"
},
{
"sx_id":"634",
"sx_type":"6",
"sx_title":"抗寄生虫药",
"sx_subject":"犬，4&nbsp;月龄，生长缓慢、呕吐、腹泻、贫血，经粪便检查确诊为蛔虫和复孔绦虫混合感染，最佳的治疗药物是（2010真题上97）&nbsp;",
"sx_answera":"吡喹酮  ",
"sx_answerb":"阿苯达唑  ",
"sx_answerc":"伊维菌素 ",
"sx_answerd":"地克珠利  ",
"sx_answere":"三氯苯达唑 ",
"sx_answer":"B",
"sx_analyze":"阿苯达唑为广谱驱虫药，是畜禽常见胃肠道线虫、肺线虫、肝片吸虫和绦虫的有效驱虫药，对多种寄生虫混合感染也有效。本药不但对成虫作用强，对幼虫、虫卵也有作用。\n<br>吡喹酮具有广谱抗血吸虫和抗绦虫作用，主要用于血吸虫病，也用于绦虫病和囊尾蚴病。",
"sx_all":"1",
"sx_wrong":"0"
},
{
"sx_id":"636",
"sx_type":"6",
"sx_title":"抗寄生虫药",
"sx_subject":"通过干扰球虫细胞内钠、钾离子的正常浸透而产生杀虫作用的抗球虫药是（2012真题上94）&nbsp;",
"sx_answera":"地克珠利  ",
"sx_answerb":"莫能菌素  ",
"sx_answerc":"托曲珠利 ",
"sx_answerd":"尼卡巴嗪 ",
"sx_answere":"氯羟吡啶",
"sx_answer":"B",
"sx_analyze":"聚醚类离子载体抗生素的作用机理是通过干扰球虫细胞内K+、Na+的正常渗透，使大量的Na+进入细胞内。为了平衡渗透压，大量水分进入球虫细胞，引起肿胀而死亡。包括莫能菌素、盐霉素、甲基盐霉素、马杜霉素等。",
"sx_all":"1",
"sx_wrong":"0"
},
{
"sx_id":"638",
"sx_type":"6",
"sx_title":"抗寄生虫药",
"sx_subject":"既能用于预防鸡球虫病，又能作用肉牛促生长使用的抗球虫药是（2012真题上95）&nbsp;",
"sx_answera":"地克珠利 ",
"sx_answerb":"莫能菌素 ",
"sx_answerc":"托曲珠利",
"sx_answerd":"尼卡巴嗪",
"sx_answere":"氯羟吡啶",
"sx_answer":"B",
"sx_analyze":"能用于预防鸡球虫病的聚醚类离子载体抗生素：莫能菌素促进牛生长，盐霉素促进畜禽生长，甲基盐霉素促进猪生长。",
"sx_all":"1",
"sx_wrong":"0"
},
{
"sx_id":"639",
"sx_type":"6",
"sx_title":"抗寄生虫药",
"sx_subject":"对羊胃肠道线虫，牛绦虫和肝片吸虫均有效的药物是（2013真题上73）",
"sx_answera":"阿维菌素 ",
"sx_answerb":"阿苯达唑 ",
"sx_answerc":"氯硝柳胺 ",
"sx_answerd":"砒喹酮",
"sx_answere":"三氯苯达唑",
"sx_answer":"B",
"sx_analyze":"阿苯达唑为广谱驱虫药，用于线虫、绦虫、吸虫及混合感染，对幼虫、虫卵也有作用。",
"sx_all":"1",
"sx_wrong":"0"
},
{
"sx_id":"641",
"sx_type":"6",
"sx_title":"抗寄生虫药",
"sx_subject":"某25日龄蛋用鸡群，因患维生素B1缺乏症已在饲料中添加维生素B1进行治疗，此时预防球虫病，不适宜添加的药物是（2013真题上97）&nbsp;",
"sx_answera":"磺胺喹?啉    ",
"sx_answerb":"地克珠利",
"sx_answerc":"盐酸氨丙啉 ",
"sx_answerd":"氯羟吡啶",
"sx_answere":"莫能菌素",
"sx_answer":"C",
"sx_analyze":"盐酸氨丙啉属化学合成抗球虫药，作用机理是干扰虫体硫胺素（维生素B1）的代谢，易导致雏鸡患硫胺素缺乏症。\n<br>",
"sx_all":"1",
"sx_wrong":"0"
},
{
"sx_id":"643",
"sx_type":"6",
"sx_title":"外周神经系统药物",
"sx_subject":"肾上腺素适合于治疗动物的（2009真题上72）&nbsp;",
"sx_answera":"心律失常 ",
"sx_answerb":"心脏骤停",
"sx_answerc":"急性心力衰竭     ",
"sx_answerd":"慢性心力衰竭",
"sx_answere":"充血性心力衰竭",
"sx_answer":"B",
"sx_analyze":"心脏骤停：肾上腺素，可激动α和β受体，从而产生广泛而复杂的作用。能使心肌收缩力增强、兴奋性增高，传导加速，心输出量增多；扩张冠状动脉和骨骼肌血管；收缩皮肤、粘膜和内脏血管；松弛支气管平滑肌。可缓解心跳微弱、血压下降、呼吸困难等症状。用于心脏骤停的急救，急性、严重的过敏反应。",
"sx_all":"1",
"sx_wrong":"0"
},
{
"sx_id":"644",
"sx_type":"6",
"sx_title":"外周神经系统药物",
"sx_subject":"适用于表面麻醉的药物是（2009真题上73）&nbsp;\n<br>",
"sx_answera":"丁卡因 ",
"sx_answerb":"咖啡因 ",
"sx_answerc":"戊巴比妥 ",
"sx_answerd":"普鲁卡因",
"sx_answere":"73．硫喷妥钠",
"sx_answer":"A",
"sx_analyze":"普鲁卡因：短效，穿透力差，故不适于表面麻醉。但刺激性小、毒性低，故适于浸润、传导、硬膜外、封闭麻醉。\n<br>利多卡因：中效，穿透力强，可用于表面、浸润、传导、硬膜外麻醉。\n<br>丁卡因：长效，穿透力强，适于眼科、鼻、喉头等表面麻醉。",
"sx_all":"1",
"sx_wrong":"0"
},
{
"sx_id":"645",
"sx_type":"6",
"sx_title":"外周神经系统药物",
"sx_subject":"毛果芸香碱的药理作用是（2010真题上72）",
"sx_answera":"镇静 ",
"sx_answerb":"镇痛",
"sx_answerc":"缩小瞳孔  ",
"sx_answerd":"抑制腺体分泌",
"sx_answere":"抑制胃肠平滑肌收缩 ",
"sx_answer":"C",
"sx_analyze":"毛果芸香碱是M胆碱受体激动药，选择性激动M&nbsp;受体，产生与节后胆碱能神经兴奋时相似的效应。特点是对多种腺体和胃肠平滑肌有强烈的兴奋作用，包括唾液腺、泪腺、支气管腺、胰腺、汗腺。对眼部作用明显，能兴奋虹膜括约肌上的M胆碱受体，使虹膜括约肌收缩，从而缩小瞳孔、降低眼内压、调节痉挛。",
"sx_all":"1",
"sx_wrong":"0"
},
{
"sx_id":"646",
"sx_type":"6",
"sx_title":"外周神经系统药物",
"sx_subject":"奶牛，出现瘤胃迟缓，用氨甲酰胆碱200毫克皮下注射，10分钟后出现不安，唾液分泌过多，诊断为氨甲酰胆碱中毒，有效的解毒药是（2012真题上97）&nbsp;",
"sx_answera":"阿托品",
"sx_answerb":"亚甲蓝",
"sx_answerc":"解磷定",
"sx_answerd":"新斯的明  ",
"sx_answere":"毛果芸香碱",
"sx_answer":"A",
"sx_analyze":"氨甲酰胆碱为拟胆碱药（胆碱受体激动药），具有直接兴奋M受体和N受体的作用，并可促进胆碱能神经末梢释放乙酰胆碱。抗胆碱药（胆碱受体阻断药）阿托品能与乙酰胆碱竞争M胆碱受体，阻断受体与乙酰胆碱或其他胆碱能激动药结合，产生竞争性抑制作用。所以乙酰胆碱可作为解毒药阻断氨甲酰胆碱的兴奋效应。",
"sx_all":"1",
"sx_wrong":"0"
},
{
"sx_id":"647",
"sx_type":"6",
"sx_title":"中枢神经系统药物",
"sx_subject":"临床上常用的吸入性麻醉药是（2009真题上76）&nbsp;",
"sx_answera":"丙泊酚 ",
"sx_answerb":"异氟醚",
"sx_answerc":"水合氯醛",
"sx_answerd":"硫喷妥钠  ",
"sx_answere":"普鲁卡因",
"sx_answer":"B",
"sx_analyze":"吸入性麻醉药大多是挥发性液体和气体，主要有氟烷、异氟醚（烷）。",
"sx_all":"1",
"sx_wrong":"0"
},
{
"sx_id":"649",
"sx_type":"6",
"sx_title":"中枢神经系统药物",
"sx_subject":"咖啡因的药理作用不包括（2010真题上73）&nbsp;",
"sx_answera":"扩张血管   ",
"sx_answerb":"抑制呼吸 ",
"sx_answerc":"松驰平滑肌",
"sx_answerd":"增强心肌收缩力 ",
"sx_answere":"兴奋中枢神经系统 ",
"sx_answer":"B",
"sx_analyze":"咖啡因为中枢兴奋药，药理作用有：兴奋中枢神经系统；较大剂量时则直接兴奋延脑呼吸中枢和血管运动中枢，还可松弛支气管平滑肌，使呼吸加深加快；可直接兴奋心脏，增强心肌收缩力；扩张血管（冠状血管、肾血管等）。",
"sx_all":"1",
"sx_wrong":"0"
},
{
"sx_id":"650",
"sx_type":"6",
"sx_title":"中枢神经系统药物",
"sx_subject":"对创伤、手术等引起的剧烈疼痛有良好镇痛效果的药物是（2012真题上74）&nbsp;&nbsp;",
"sx_answera":"地西泮",
"sx_answerb":"氯丙嗪 ",
"sx_answerc":"安乃近 ",
"sx_answerd":"杜冷丁",
"sx_answere":"扑热息痛",
"sx_answer":"D",
"sx_analyze":"临诊上缓解疼痛的药物分为两类：一类是能选择性地作用于中枢神经系统，缓解剧痛的药物，称镇痛药，如吗啡、哌替啶（杜冷丁）；另一类作用部位不在中枢神经系统，用于缓解钝痛，还有解热消炎作用，即解热镇痛抗炎药，如阿司匹林、对乙酰氨基酚、安乃近。",
"sx_all":"1",
"sx_wrong":"0"
},
{
"sx_id":"651",
"sx_type":"6",
"sx_title":"解热镇痛抗炎药",
"sx_subject":"抗生素治疗动物严重感染时，辅助应用糖皮质激素类药物的目的是（2009真题上71）&nbsp;\n<br>",
"sx_answera":"增强机体的免疫机能    ",
"sx_answerb":"增强抗生素的抗菌作用",
"sx_answerc":"延长抗生素的作用时间   ",
"sx_answerd":"控制机体过度的炎症反应",
"sx_answere":"E、拮抗抗生素的某些副作用",
"sx_answer":"D",
"sx_analyze":"糖皮质激素的作用：抗炎；免疫抑制；抗毒素；抗休克；影响代谢。",
"sx_all":"1",
"sx_wrong":"0"
},
{
"sx_id":"658",
"sx_type":"6",
"sx_title":"解热镇痛抗炎药",
"sx_subject":"氟尼新葡甲胺的药理作用不包括（2009真题上74）",
"sx_answera":"解热 ",
"sx_answerb":"镇静 ",
"sx_answerc":"抗炎",
"sx_answerd":"镇痛 ",
"sx_answere":"74．抗风湿 ",
"sx_answer":"B",
"sx_analyze":"解热镇痛抗炎药的共同机理是抑制前列腺素合成：在中枢解热；在外周镇痛；在炎症组织中抗炎、抗风湿。氟尼辛葡甲胺为动物专用的解热镇痛抗炎药，具有解热、镇痛、抗炎、抗风湿作用。",
"sx_all":"1",
"sx_wrong":"0"
},
{
"sx_id":"659",
"sx_type":"6",
"sx_title":"解热镇痛抗炎药",
"sx_subject":"动物专用的解热镇痛抗炎药是（2010真题上74）&nbsp;",
"sx_answera":"安乃近 ",
"sx_answerb":"萘普生 ",
"sx_answerc":"阿斯匹林 ",
"sx_answerd":"氨基比林",
"sx_answere":"氟尼新葡甲胺 ",
"sx_answer":"E",
"sx_analyze":"氟尼新葡甲胺是动物专用的解热镇痛抗炎药。",
"sx_all":"1",
"sx_wrong":"0"
},
{
"sx_id":"661",
"sx_type":"6",
"sx_title":"解热镇痛抗炎药",
"sx_subject":"猫禁用的解热镇痛抗炎药物是（2012真题上75）&nbsp;&nbsp;",
"sx_answera":"安乃近  ",
"sx_answerb":"萘普生",
"sx_answerc":"安替比林",
"sx_answerd":"对乙酰氨基酚  ",
"sx_answere":"氟尼新葡甲胺 ",
"sx_answer":"D",
"sx_analyze":"对乙酰氨基酚的代谢产物亚氨基醌可使血红蛋白氧化失去携氧能力，猫没有相应的酶去代谢，微量即可死亡。&nbsp;\n<br>",
"sx_all":"1",
"sx_wrong":"0"
},
{
"sx_id":"662",
"sx_type":"6",
"sx_title":"解热镇痛抗炎药",
"sx_subject":"解热镇痛抗炎药的抗炎作用机理是抑制（2013真题上75）",
"sx_answera":"环氧化酶  ",
"sx_answerb":"磷酸二酯酶",
"sx_answerc":"葡萄糖苷酸转移酶  ",
"sx_answerd":"胆碱酯酶",
"sx_answere":"二氢叶酸还原酶",
"sx_answer":"A",
"sx_analyze":"解热镇痛抗炎药能够抑制环氧化酶，减少前列腺素的合成和释放，从而起到抗炎作用。",
"sx_all":"1",
"sx_wrong":"0"
},
{
"sx_id":"664",
"sx_type":"6",
"sx_title":"解热镇痛抗炎药",
"sx_subject":"不属于糖皮质激素类药物的是（2013真题上76）",
"sx_answera":"地塞米松 ",
"sx_answerb":"可的松 ",
"sx_answerc":"泼尼松 ",
"sx_answerd":"氟轻松",
"sx_answere":"保泰松",
"sx_answer":"E",
"sx_analyze":"糖皮质激素类药物主要有（氢化）可的松、泼尼松、&nbsp;地塞米松、倍他米松、泼尼松龙、曲安西龙、（醋酸）氟轻松等。",
"sx_all":"1",
"sx_wrong":"0"
},
{
"sx_id":"665",
"sx_type":"6",
"sx_title":"解热镇痛抗炎药",
"sx_subject":"犬，2岁，发生不明原因高热，选用的对症治疗药物是（2013真题上92）",
"sx_answera":"氨茶碱  ",
"sx_answerb":"尼可刹米  ",
"sx_answerc":"地塞米松 ",
"sx_answerd":"氟尼新葡甲胺   ",
"sx_answere":"氟轻松",
"sx_answer":"D",
"sx_analyze":"氟尼辛葡甲胺为新型动物专用的解热镇痛抗炎药，用于家畜和小动物的发热性、炎性疾病，肌肉痛和软组织痛等。",
"sx_all":"1",
"sx_wrong":"0"
},
{
"sx_id":"667",
"sx_type":"6",
"sx_title":"解热镇痛抗炎药",
"sx_subject":"奶牛，3岁，产后1周食欲减退，便秘，迅速消瘦，产奶量下降，乳中血酮含量显著升高，应选用的治疗药物是（2013真题上93）",
"sx_answera":"氨茶碱  ",
"sx_answerb":"尼可刹米",
"sx_answerc":"地塞米松  ",
"sx_answerd":"氟尼新葡甲胺",
"sx_answere":"氟轻松",
"sx_answer":"C",
"sx_analyze":"糖皮质激素对牛酮血症疗效显著，可使血糖很快升高到正常，酮体缓慢下降，食欲24h内改善，产奶量回升。氢化可的松、泼尼松、地塞米松均可。氟轻松是外用药，用于皮肤病。",
"sx_all":"1",
"sx_wrong":"0"
},
{
"sx_id":"669",
"sx_type":"6",
"sx_title":" 作用于消化系统的药物",
"sx_subject":"松节油内服可用于（2009真题上78）\n<br>",
"sx_answera":"止泻  ",
"sx_answerb":"镇吐  ",
"sx_answerc":"中和胃酸  ",
"sx_answerd":"止酵健胃",
"sx_answere":"解胃肠痉挛",
"sx_answer":"D",
"sx_analyze":"消沫药松节油可使小气泡融合成大气泡，从而容易破裂排出；还可刺激消化道黏膜，促进胃肠蠕动，起到健胃作用；还可抑菌，减少胃肠内容物的异常发酵，起到制酵作用。",
"sx_all":"1",
"sx_wrong":"0"
},
{
"sx_id":"670",
"sx_type":"6",
"sx_title":" 作用于消化系统的药物",
"sx_subject":"具有增加肠内容积、软化粪便、加速粪便排泄作用的药物是（2010真题上75）&nbsp;",
"sx_answera":"稀盐酸   ",
"sx_answerb":"硫酸钠   ",
"sx_answerc":"鱼石脂 ",
"sx_answerd":"铋制剂",
"sx_answere":"鞣酸蛋白 ",
"sx_answer":"B",
"sx_analyze":"容积性泻药硫酸钠、硫酸镁，在肠内解离出离子，提高肠内渗透压，吸水软化粪便，加速粪便排泄。",
"sx_all":"1",
"sx_wrong":"0"
},
{
"sx_id":"671",
"sx_type":"6",
"sx_title":" 作用于消化系统的药物",
"sx_subject":"内服硫酸钠可用于治疗犬（2012真题上76）&nbsp;",
"sx_answera":"胃炎 ",
"sx_answerb":"肠炎 ",
"sx_answerc":"胃溃疡",
"sx_answerd":"胃肠鼓气   ",
"sx_answere":"大肠便秘",
"sx_answer":"E",
"sx_analyze":"容积性泻药硫酸钠、硫酸镁，在肠内解离出离子，提高肠内渗透压，吸水软化粪便，加速粪便排泄。",
"sx_all":"1",
"sx_wrong":"0"
},
{
"sx_id":"672",
"sx_type":"6",
"sx_title":"作用于呼吸系统的药物",
"sx_subject":"通过松弛支气管平滑肌产生平喘作用的药物是（2009真题上75）&nbsp;\n<br>",
"sx_answera":"氨茶碱 ",
"sx_answerb":"氯化铵  ",
"sx_answerc":"碘化钾 ",
"sx_answerd":"可待因 ",
"sx_answere":"喷托维林 ",
"sx_answer":"A",
"sx_analyze":"平喘药是指能解除支气管平滑肌痉挛，扩张支气管的一类药物。平喘药氨茶碱是通过松弛支气管平滑肌而起到平喘作用。\n<br>",
"sx_all":"1",
"sx_wrong":"0"
},
{
"sx_id":"674",
"sx_type":"6",
"sx_title":"血液循环系统药物",
"sx_subject":"用于治疗动物充血性心力衰竭的药物是（2010真题上76）&nbsp;",
"sx_answera":"樟脑",
"sx_answerb":"咖啡因 ",
"sx_answerc":"氨茶碱  ",
"sx_answerd":"肾上腺素 ",
"sx_answere":"洋地黄毒苷 ",
"sx_answer":"E",
"sx_analyze":"充血性心力衰竭的首选治疗药物仍是强心苷类，包括洋地黄毒苷、地高辛等。其药理作用有：加强心肌收缩力，减慢心率和房室传导，利尿作用。",
"sx_all":"1",
"sx_wrong":"0"
},
{
"sx_id":"676",
"sx_type":"6",
"sx_title":"血液循环系统药物",
"sx_subject":"用于治疗动物充血性心力衰竭的药物是（2012真题上77）&nbsp;&nbsp;",
"sx_answera":"樟脑 ",
"sx_answerb":"咖啡因 ",
"sx_answerc":"氨茶碱 ",
"sx_answerd":"肾上腺素 ",
"sx_answere":"洋地黄毒苷",
"sx_answer":"E",
"sx_analyze":"充血性心力衰竭的首选治疗药物仍是强心苷类，包括洋地黄毒苷、地高辛等。其药理作用有：加强心肌收缩力，减慢心率和房室传导，利尿作用。",
"sx_all":"1",
"sx_wrong":"0"
},
{
"sx_id":"678",
"sx_type":"6",
"sx_title":"血液循环系统药物",
"sx_subject":"能增强心肌收缩力，并使心率减慢的药物是（2013真题上77）",
"sx_answera":"肾上腺素",
"sx_answerb":"去甲肾上腺素",
"sx_answerc":"咖啡因 ",
"sx_answerd":"氨茶碱  ",
"sx_answere":"洋地黄毒苷",
"sx_answer":"E",
"sx_analyze":"充血性心力衰竭的首选治疗药物仍是强心苷类，包括洋地黄毒苷、地高辛等。其药理作用有：加强心肌收缩力，减慢心率和房室传导，利尿作用。",
"sx_all":"1",
"sx_wrong":"0"
},
{
"sx_id":"680",
"sx_type":"6",
"sx_title":"泌尿生殖系统药物",
"sx_subject":"应避免与呋塞米合用的抗生素（2013真题上78）",
"sx_answera":"庆大霉素  ",
"sx_answerb":"红霉素 ",
"sx_answerc":"阿莫西林    ",
"sx_answerd":"泰妙菌素 ",
"sx_answere":"土霉素",
"sx_answer":"A",
"sx_analyze":"利尿药呋塞米有耳毒性，而氨基糖苷类的庆大霉素也有耳毒性。二者合用会增加耳毒性的风险。",
"sx_all":"1",
"sx_wrong":"0"
},
{
"sx_id":"681",
"sx_type":"6",
"sx_title":"泌尿生殖系统药物",
"sx_subject":"后备母猪，10月龄，未见发情，应选用的催情药物是（2013真题上94）",
"sx_answera":"缩宫素",
"sx_answerb":"丙酸睾酮  ",
"sx_answerc":"垂体后叶素",
"sx_answerd":"呋塞米",
"sx_answere":"雌二醇",
"sx_answer":"E",
"sx_analyze":"雌二醇为母畜分泌的天然激素，作用有：促进母畜性器官形成及第二性征发育；诱导母畜发情；促进乳房发育和泌乳等。&nbsp;",
"sx_all":"1",
"sx_wrong":"0"
},
{
"sx_id":"682",
"sx_type":"6",
"sx_title":"泌尿生殖系统药物",
"sx_subject":"成年公犬，因雄性激素缺乏出现隐睾症，应选用的治疗药物是（2013真题上95）",
"sx_answera":"缩宫素 ",
"sx_answerb":"丙酸睾酮  ",
"sx_answerc":"垂体后叶素 ",
"sx_answerd":"呋塞米 ",
"sx_answere":"雌二醇",
"sx_answer":"B",
"sx_analyze":"丙酸睾酮作用于天然睾酮相似，具有促进雄性性器官发育，维持第二性征，保证精子正常发育、成熟，诱导性欲的作用。用于雄性动物，治疗雄激素缺乏所致的隐睾症、性欲不足。",
"sx_all":"1",
"sx_wrong":"0"
},
{
"sx_id":"683",
"sx_type":"6",
"sx_title":"调节组织代谢药物",
"sx_subject":"对动物钙、磷代谢及幼畜骨骼生长有重要影响的药物是（2010真题上77）&nbsp;",
"sx_answera":"维生素A ",
"sx_answerb":"维生素B1   ",
"sx_answerc":"维生素C  ",
"sx_answerd":"维生素D ",
"sx_answere":"维生素E ",
"sx_answer":"D",
"sx_analyze":"维生素D的生理功能是促进钙、磷在小肠的正常吸收，维持体液中钙、磷的正常水平。维生素D缺乏会影响钙、磷代谢及幼畜骨骼生长，引起幼畜佝偻病、成年动物软骨症。",
"sx_all":"1",
"sx_wrong":"0"
},
{
"sx_id":"684",
"sx_type":"6",
"sx_title":"组胺受体阻断药",
"sx_subject":"马来酸氯苯那敏抗过敏作用的机理是（2012真题上78）&nbsp;",
"sx_answera":"激动H1受体",
"sx_answerb":"阻断H1受体 ",
"sx_answerc":"激动H2受体",
"sx_answerd":"阻断H2受体 ",
"sx_answere":"激动N1受体 ",
"sx_answer":"B",
"sx_analyze":"H1受体阻断药能对抗组胺兴奋H1受体所致的血管扩张及平滑肌痉挛等作用，主要有苯海拉明、异丙嗪、马来酸氯苯那敏（扑尔敏）。\n<br>",
"sx_all":"1",
"sx_wrong":"0"
},
{
"sx_id":"685",
"sx_type":"6",
"sx_title":"解毒药",
"sx_subject":"解磷定用于解救动物严重有机磷中毒时，必须联合应用的药物是（2010真题上78）&nbsp;",
"sx_answera":"亚甲蓝  ",
"sx_answerb":"阿托品",
"sx_answerc":"亚硝酸钠 ",
"sx_answerd":"氨甲酰胆碱 ",
"sx_answere":"毛果芸香碱 ",
"sx_answer":"B",
"sx_analyze":"有机磷农药与胆碱酯酶结合，使酶失去水解乙酰胆碱的活性，导致乙酰胆碱蓄积而中毒。胆碱酯酶复活剂解磷定等与磷原子亲和力强，能夺取有机磷农药，使酶复活。但解磷定无法消除已蓄积的乙酰胆碱，而胆碱受体阻断药阿托品能迅速有效地解除由乙酰胆碱引起的中毒症状，因此必须联合应用的药物是阿托品。",
"sx_all":"1",
"sx_wrong":"0"
},
{
"sx_id":"1503",
"sx_type":"6",
"sx_title":"化学合成抗菌药、抗生素与抗真菌药物",
"sx_subject":"猪，3&nbsp;月龄，患链球菌病并继发肺炎支原体感染，兽医采用肌内注射青霉素钠治疗（每千克体重3万单位），并同时肌内注射盐酸土霉素（每千克体重15mg）的治疗方案，该联合用药最有可能发生的相互作用是（2010真题上93）",
"sx_answera":"配伍禁忌 ",
"sx_answerb":"协同作用",
"sx_answerc":"相加作用",
"sx_answerd":"颉颃作用 ",
"sx_answere":"无关作用 ",
"sx_answer":"D",
"sx_analyze":"药物分类：\n<br>Ⅰ繁殖期杀菌药：青霉素类、头孢菌素类&nbsp;\n<br>Ⅱ静止期杀菌药：氨基糖苷类、喹诺酮类&nbsp;\n<br>Ⅲ&nbsp;快效抑菌药：&nbsp;四环素类、氯霉素类、大环内酯类&nbsp;\n<br>Ⅳ&nbsp;慢效抑菌药：&nbsp;磺胺类&nbsp;\n<br>联合作用的结果：\n<br>Ⅰ&nbsp;+&nbsp;Ⅱ：&nbsp;协同&nbsp;&nbsp;&nbsp;&nbsp;Ⅱ&nbsp;+&nbsp;Ⅲ：相加或协同&nbsp;\n<br>Ⅰ&nbsp;+&nbsp;Ⅲ：&nbsp;拮抗&nbsp;&nbsp;&nbsp;&nbsp;Ⅱ&nbsp;+&nbsp;Ⅳ：无关或相加&nbsp;\n<br>Ⅰ&nbsp;+&nbsp;Ⅳ：无关或相加&nbsp;&nbsp;Ⅲ&nbsp;+&nbsp;Ⅳ：相加\n<br>青霉素是繁殖期杀菌药，土霉素属四环素类是快效抑菌药，二者同时应用相互拮抗。",
"sx_all":"1",
"sx_wrong":"0"
},
{
"sx_id":"1504",
"sx_type":"6",
"sx_title":"外周神经系统药物",
"sx_subject":"阿托品不适用于（2013真题上74）&nbsp;",
"sx_answera":"麻醉前给药",
"sx_answerb":"有机磷农药中毒的解救",
"sx_answerc":"治疗虹膜炎  ",
"sx_answerd":"治疗瘤胃弛缓",
"sx_answere":"治疗马疝痛",
"sx_answer":"D",
"sx_analyze":"阿托品为M胆碱受体阻断药，竞争性抑制乙酰胆碱与M受体结合。药理作用有：麻醉前给药，抑制唾液腺等的分泌及改善心脏活动；平滑肌松弛作用，主要用于胃肠道及支气管平滑肌的过度痉挛，也用作马疝痛的解痉药；与胆碱酯酶复活药配合用于有机磷农药中毒；0.5-1％溶液用作散瞳药，治疗虹膜炎、周期性眼炎及做眼底检查。因其能抑制胃肠道蠕动，不能用于治疗瘤胃迟缓。",
"sx_all":"1",
"sx_wrong":"0"
},
{
"sx_id":"1694",
"sx_type":"6",
"sx_title":"基础知识",
"sx_subject":"药物在畜禽组织中的浓度高于血浆浓度是显示",
"sx_answera":"药时曲线下面积大",
"sx_answerb":"表观分布容积大",
"sx_answerc":"峰浓度高",
"sx_answerd":"生物利用度大",
"sx_answere":"消除半衰期长",
"sx_answer":"B",
"sx_analyze":"表观分布容积（Vd）是指药物在体内的分布达到动态平衡时，药物总量按血浆药物浓度在体内分布时所需的总容积。Vd值反应药物在体内的分布是否广泛。一般Vd值越大，药物进入组织越多，分布越广，血中药物浓度越低。",
"sx_all":"1",
"sx_wrong":"0"
},
{
"sx_id":"1695",
"sx_type":"6",
"sx_title":"基础知识",
"sx_subject":"在我国，目前可用作猪促生长的药物是",
"sx_answera":"雌二醇",
"sx_answerb":"沙丁胺醇",
"sx_answerc":"碘化酪蛋白",
"sx_answerd":"喹乙醇",
"sx_answere":"地西泮",
"sx_answer":"D",
"sx_analyze":"喹乙醇属于喹噁啉类化学合成抗菌药，具有促进蛋白同化作用，能提高饲料转化率，増加瘦肉率，促进猪生长。",
"sx_all":"1",
"sx_wrong":"0"
},
{
"sx_id":"1696",
"sx_type":"6",
"sx_title":"基础知识",
"sx_subject":"用于犬手术皮肤消毒的乙醇最佳浓度是",
"sx_answera":"0.95",
"sx_answerb":"0.85",
"sx_answerc":"0.75",
"sx_answerd":"0.65",
"sx_answere":"0.55",
"sx_answer":"C",
"sx_analyze":"乙醇，对芽孢无效，75%的水溶液用于手、皮肤、体温计等消毒，是目前临诊上使用最广泛的皮肤消毒药。",
"sx_all":"1",
"sx_wrong":"0"
},
{
"sx_id":"1697",
"sx_type":"6",
"sx_title":"基础知识",
"sx_subject":"东莨菪碱的药理作用机制是",
"sx_answera":"阻断M受体",
"sx_answerb":"兴奋M受体",
"sx_answerc":"阻断N受体",
"sx_answerd":"兴奋N受体",
"sx_answere":"阻断α受体",
"sx_answer":"A",
"sx_analyze":"胆碱受体阻断药又称抗胆碱药，主要药物有阿托品和东莨菪碱，两者的药理作用机制类似，都是选择性地与乙酰胆碱竞争M受体，产生阻断作用。",
"sx_all":"1",
"sx_wrong":"0"
},
{
"sx_id":"1698",
"sx_type":"6",
"sx_title":"基础知识",
"sx_subject":"对犬进行诱导麻醉时，首选的药物是",
"sx_answera":"硫喷妥钠",
"sx_answerb":"戊巴比妥钠",
"sx_answerc":"氯胺酮",
"sx_answerd":"异氟烷",
"sx_answere":"水合氯醛",
"sx_answer":"A",
"sx_analyze":"全身麻醉分为4个时期：Ⅰ期、Ⅱ期合称麻醉诱导期，Ⅲ期称为外科麻醉期。全身麻醉药种类很多，但每种药单独应用都不理想。为了克服药物的缺点，増强麻醉效果，减少剂量，降低毒副作用等，临床上常采用复合麻醉方式，比如诱导麻醉与维持麻醉，为避免麻醉药诱导期过长的缺点，先用诱导期短的药物如硫喷妥钠、丙泊酚，使动物快速进入外科麻醉期，然后再用其他麻醉药如乙醚来维持麻醉。",
"sx_all":"1",
"sx_wrong":"0"
},
{
"sx_id":"1699",
"sx_type":"6",
"sx_title":"基础知识",
"sx_subject":"具有较强解热作用的药物是",
"sx_answera":"替泊沙林",
"sx_answerb":"安乃近",
"sx_answerc":"保泰松",
"sx_answerd":"氢化可的松",
"sx_answere":"地塞米松",
"sx_answer":"B",
"sx_analyze":"安乃近的解热、镇痛、抗炎、抗风湿作用都很强。",
"sx_all":"1",
"sx_wrong":"0"
},
{
"sx_id":"1700",
"sx_type":"6",
"sx_title":"基础知识",
"sx_subject":"兽医临床上氨茶碱主要用于",
"sx_answera":"平喘",
"sx_answerb":"抗过敏",
"sx_answerc":"倒泻",
"sx_answerd":"镇痛",
"sx_answere":"抗炎",
"sx_answer":"A",
"sx_analyze":"平喘药是指能解除支气管平滑肌痉挛，扩张支气管的一类药物。临诊常用的拟肾上腺素类药物（如麻黄碱、异丙肾上腺素）和茶碱类药物（如氨茶碱），是通过松弛支气管平滑肌而起到平喘作用。",
"sx_all":"1",
"sx_wrong":"0"
},
{
"sx_id":"1701",
"sx_type":"6",
"sx_title":"基础知识",
"sx_subject":"强心苷类药物不具有的药理作用是",
"sx_answera":"正性肌力",
"sx_answerb":"负性心率",
"sx_answerc":"收缩血管",
"sx_answerd":"继发性利尿",
"sx_answere":"心肌耗氧减少",
"sx_answer":"C",
"sx_analyze":"强心苷类药物是治疗充血性心力衰竭的首选药物，其药理作用有：増强心肌的收缩力（正性肌力作用），使心输出量増加和心肌耗氧量降低；减慢心率（负性心率作用）；继发性利尿作用。",
"sx_all":"1",
"sx_wrong":"0"
},
{
"sx_id":"1702",
"sx_type":"6",
"sx_title":"基础知识",
"sx_subject":"用于治疗犬干眼病的药物是",
"sx_answera":"维生素A",
"sx_answerb":"维生素D",
"sx_answerc":"维生素K",
"sx_answerd":"维生素C",
"sx_answere":"维生素E",
"sx_answer":"A",
"sx_analyze":"维生素A具有促进生长、维持上皮组织如皮肤、结膜、角膜等机能正常的作用，并参与视紫红质的合成，増强视网膜感光力。用于防治维生素A缺乏症所致的角膜软化症、干眼病、夜盲症及皮肤粗糙等，也可用于皮肤、黏膜炎症的辅助治疗。",
"sx_all":"1",
"sx_wrong":"0"
},
{
"sx_id":"1703",
"sx_type":"6",
"sx_title":"基础知识",
"sx_subject":"可用乙酰胺解救的动物中毒病是",
"sx_answera":"有机氟中毒",
"sx_answerb":"亚硝酸盐中毒",
"sx_answerc":"有机磷中毒",
"sx_answerd":"有机砷中毒",
"sx_answere":"氰化物中毒",
"sx_answer":"A",
"sx_analyze":"乙酰胺（解氟灵）为有机氟杀虫和杀鼠药氟乙酰胺、氟乙酸钠等中毒的解毒剂，其解毒机理是由于其化学结构与氟乙酰胺相似，乙酰胺的乙酰基与氟乙酰胺争夺酰胺酶，使氟乙酰胺不能脱胺转化为氟乙酸；乙酰胺被酰胺酶分解生成乙酸，阻止氟乙酸对三羧酸循环的干扰，恢复组织正常代谢功能，从而消除有机氟对机体的毒性。",
"sx_all":"1",
"sx_wrong":"0"
},
{
"sx_id":"1704",
"sx_type":"6",
"sx_title":"基础知识",
"sx_subject":"治疗耐青霉素的金黄色葡萄球菌引起的奶牛乳房炎时，用于乳房注入的药物应是",
"sx_answera":"泰万菌素",
"sx_answerb":"苯唑西林",
"sx_answerc":"黏菌素",
"sx_answerd":"氨苄青霉素",
"sx_answere":"灰黄霉素",
"sx_answer":"B",
"sx_analyze":"青霉素类抗生素可分为3大类：（1）长效青霉素，有普鲁卡因青霉素和苄星青霉素，用于轻度或慢性感染；（2）广谱青霉素，有氨苄西林和阿莫西林，对产P-内酰胺酶的金黄色葡萄球菌无效，但对革兰氏阴性菌作用强；（3）耐酶青霉素，有苯唑西林和氯唑西林，对产β-内酰胺酶的金黄色葡萄球菌有效。",
"sx_all":"1",
"sx_wrong":"0"
},
{
"sx_id":"1705",
"sx_type":"6",
"sx_title":"基础知识",
"sx_subject":"可用于治疗犊牛、马属动物皮肤真菌病的药物是",
"sx_answera":"泰万菌素",
"sx_answerb":"苯唑西林",
"sx_answerc":"黏菌素",
"sx_answerd":"氨苄青霉素",
"sx_answere":"灰黄霉素",
"sx_answer":"E",
"sx_analyze":"抗真菌药主要有：两性霉素（深部真菌感染的首选药）、制霉菌素、灰黄霉素、克霉唑、酮康唑（广谱抗真菌药，对全身及浅表真菌都有良好效果）。",
"sx_all":"1",
"sx_wrong":"0"
},
{
"sx_id":"1706",
"sx_type":"6",
"sx_title":"基础知识",
"sx_subject":"防治鸡群球虫感染的药物是",
"sx_answera":"马拉硫磷",
"sx_answerb":"非泼罗尼",
"sx_answerc":"环丙氯嗪",
"sx_answerd":"常山酮",
"sx_answere":"三氮脒",
"sx_answer":"D",
"sx_analyze":"抗球虫的药物主要有聚醚类离子载体抗球虫药（莫能菌素、盐霉素、甲基盐霉素、马杜霉素）、地克珠利、托曲珠利、尼卡巴嗪、氨丙啉、氯羟吡啶、常山酮。",
"sx_all":"1",
"sx_wrong":"0"
},
{
"sx_id":"1707",
"sx_type":"6",
"sx_title":"基础知识",
"sx_subject":"治疗放牧黄牛牛皮蝇蛆感染的药物是",
"sx_answera":"马拉硫磷",
"sx_answerb":"非泼罗尼",
"sx_answerc":"环丙氯嗪",
"sx_answerd":"常山酮",
"sx_answere":"三氮脒",
"sx_answer":"A",
"sx_analyze":"杀虫药是指能杀灭节肢昆虫，主要是螨、蜱、虱、蚤、蝇、蚊等外寄生虫的药物。分为：（1）有机磷化合物：二嗪农、蝇毒磷和马拉硫磷。（2）拟除虫菊酯类：氰戊菊酯和溴氰菊酯。（3）其他杀虫药：双甲脒主要用于杀螨；环丙氨嗪主要用于控制动物厩舍内蝇蛆的繁殖",
"sx_all":"1",
"sx_wrong":"0"
},
{
"sx_id":"1708",
"sx_type":"6",
"sx_title":"基础知识",
"sx_subject":"5日龄仔猪，出现血痢，疑为厌氧菌感染。防治该病应选择的药物是",
"sx_answera":"酮康唑",
"sx_answerb":"左旋咪唑",
"sx_answerc":"磺胺对甲氧嘧啶",
"sx_answerd":"甲硝唑",
"sx_answere":"喹烯酮",
"sx_answer":"D",
"sx_analyze":"硝基咪唑类具有强效抗厌氧菌的作用，主要有甲硝唑、地美硝唑。",
"sx_all":"1",
"sx_wrong":"0"
}
]
}