{
"RECORDS":[
{
"sx_id":"1165",
"sx_type":"9",
"sx_title":"基础知识",
"sx_subject":"猪蛔虫最主要的致病作用是（2009真题上140）",
"sx_answera":"免疫损伤  ",
"sx_answerb":"继发感染",
"sx_answerc":"毒素作用 ",
"sx_answerd":"机械性损伤",
"sx_answere":"夺取宿主营养",
"sx_answer":"D",
"sx_analyze":"猪蛔虫幼虫和成虫阶段引起的临诊症状不同。幼虫移行过程中会造成宿主肝肺等组织损伤，引起肝出血、肺炎等；成虫在肠道内导致猪营养不良，严重时成为僵猪。寄生数量多时，会造成肠阻塞或肠破裂。因此，猪蛔虫最主要的致病作用是机械性损伤。\n<br>",
"sx_all":"1",
"sx_wrong":"0"
},
{
"sx_id":"1167",
"sx_type":"9",
"sx_title":"基础知识",
"sx_subject":"猪是猪带绦虫的（2010真题上144）",
"sx_answera":"中间宿主   ",
"sx_answerb":"终末宿主 ",
"sx_answerc":"贮藏宿主  ",
"sx_answerd":"补充宿主",
"sx_answere":"保虫宿主",
"sx_answer":"A",
"sx_analyze":"幼虫为猪囊尾蚴，俗称猪囊虫，寄生在猪的心肌和横纹肌中，人吃了未煮熟的带有活囊尾蚴的猪肉或被污染的食物而感染。成虫为猪带绦虫，寄生于人的小肠中，其孕节不断脱落并随人的粪便排出体外，猪或人吃了从而感染。所以猪是猪带绦虫的中间宿主。",
"sx_all":"1",
"sx_wrong":"0"
},
{
"sx_id":"1169",
"sx_type":"9",
"sx_title":"基础知识",
"sx_subject":"锥虫的免疫逃避机制主要是（2010真题上145）",
"sx_answera":"抗原变异 ",
"sx_answerb":"抗原伪装 ",
"sx_answerc":"免疫抑制  ",
"sx_answerd":"代谢抑制",
"sx_answere":"组织学隔离",
"sx_answer":"A",
"sx_analyze":"伊氏锥虫在血液中迅速增殖，产生大量毒素，宿主也产生抗体使锥虫溶解死亡，同时锥虫的表面糖蛋白具有极强的抗原变异性，一部分虫体被消灭，另一部分变异的虫体逃避了抗体的作用继续增殖，如此反复。",
"sx_all":"1",
"sx_wrong":"0"
},
{
"sx_id":"1170",
"sx_type":"9",
"sx_title":"基础知识",
"sx_subject":"猪带绦虫终末宿主是（2012真题上144）&nbsp;",
"sx_answera":" 猪",
"sx_answerb":"猫 ",
"sx_answerc":"人",
"sx_answerd":"犬 ",
"sx_answere":"鼠",
"sx_answer":"C",
"sx_analyze":"终末宿主是指寄生虫成虫（性成熟阶段）或有性生殖阶段虫体所寄生的动物。猪带绦虫（成虫）寄生于人的小肠内，所以人是猪带绦虫的终末宿主。",
"sx_all":"1",
"sx_wrong":"0"
},
{
"sx_id":"1174",
"sx_type":"9",
"sx_title":"基础知识",
"sx_subject":"寄生于宿主体表的寄生虫称为（2013真题上144）",
"sx_answera":"内寄生虫    ",
"sx_answerb":"外寄生虫   ",
"sx_answerc":"单宿主寄生虫 ",
"sx_answerd":"多宿主寄生虫  ",
"sx_answere":"暂时性寄生虫",
"sx_answer":"B",
"sx_analyze":"从寄生部位来分，寄生在宿主体内的称为内寄生虫，如寄生于消化道的线虫、绦虫、吸虫等；寄生在宿主体表的称为外寄生虫，如寄生于皮肤表面的蜱、螨、虱等。",
"sx_all":"1",
"sx_wrong":"0"
},
{
"sx_id":"1175",
"sx_type":"9",
"sx_title":"基础知识",
"sx_subject":"疥螨的感染途径（2013真题上145）",
"sx_answera":"经空气感染 ",
"sx_answerb":"经吸血感染  ",
"sx_answerc":"经胎盘感染",
"sx_answerd":"接触感染  ",
"sx_answere":"经口感染",
"sx_answer":"D",
"sx_analyze":"接触感染是指寄生虫通过宿主之间互相直接接触或用具、人员等的间接接触，在易感动物之间传播流行。属于这种传播方式的主要是一些外寄生虫，如蜱、螨、虱等。\n<br>",
"sx_all":"1",
"sx_wrong":"0"
},
{
"sx_id":"1177",
"sx_type":"9",
"sx_title":"人兽共患寄生虫病",
"sx_subject":"长江流域某放牧牛群，部分牛只出现食欲下降、行动迟缓、营养不良、贫血等症状，剖检见肝、脾肿胀，腹水，肝脏上有结节，在肠系膜静脉内，见雌雄合抱的线状虫体。该病原的感染途径是（2013真题上179）",
"sx_answera":"经皮肤感染  ",
"sx_answerb":"经蜱叮咬感染 ",
"sx_answerc":"经蚊叮咬感染",
"sx_answerd":"经白蛉叮咬感染 ",
"sx_answere":"经口感染",
"sx_answer":"A",
"sx_analyze":"经皮肤感染是寄生虫通过易感动物的皮肤进入宿主体内的方式，例如钩虫、血吸虫的感染方式。日本分体吸虫也称血吸虫，成虫寄生于宿主门静脉和肠系膜静脉内，雌雄异体，寄生时呈雌雄合抱状态。牛血吸虫感染的症状为行动迟缓、呆立不动，不规则间歇热，腹泻或便血，贫血。基本病变是由虫卵沉着在组织中形成虫卵结节。",
"sx_all":"1",
"sx_wrong":"0"
},
{
"sx_id":"1179",
"sx_type":"9",
"sx_title":"诊断与防控技术",
"sx_subject":"确诊寄生虫病最可靠的方法是（2010真题上146）",
"sx_answera":"病变观察 ",
"sx_answerb":"病原检查",
"sx_answerc":"血清学检验",
"sx_answerd":"临床症状观察",
"sx_answere":"流行病学调查",
"sx_answer":"B",
"sx_analyze":"病原体检查是寄生虫最可靠的诊断方法，无论是粪便中的虫卵，还是组织内不同阶段的虫体，只要能够发现其一，便可确诊。",
"sx_all":"1",
"sx_wrong":"0"
},
{
"sx_id":"1181",
"sx_type":"9",
"sx_title":"诊断与防控技术",
"sx_subject":"动物驱虫期间，对其粪便最适宜的处理方法是（2010真题上147）",
"sx_answera":"深埋 ",
"sx_answerb":"直接喂鱼",
"sx_answerc":"生物热发酵  ",
"sx_answerd":"使用消毒剂 ",
"sx_answere":"直接用作肥料",
"sx_answer":"C",
"sx_analyze":"粪便堆积发酵，利用生物热可以杀灭虫卵或幼虫。",
"sx_all":"1",
"sx_wrong":"0"
},
{
"sx_id":"1182",
"sx_type":"9",
"sx_title":"诊断与防控技术",
"sx_subject":"确诊寄生虫病最可靠的方法是（2012真题上146）&nbsp;",
"sx_answera":"临床症状观察 ",
"sx_answerb":"流行病学调查 ",
"sx_answerc":"病变观察    ",
"sx_answerd":"病原检查 ",
"sx_answere":"血清学检验",
"sx_answer":"D",
"sx_analyze":"病原体检查是寄生虫最可靠的诊断方法，无论是粪便中的虫卵，还是组织内不同阶段的虫体，只要能够发现其一，便可确诊。",
"sx_all":"1",
"sx_wrong":"0"
},
{
"sx_id":"1184",
"sx_type":"9",
"sx_title":"诊断与防控技术",
"sx_subject":"动物驱虫期间，最适宜的粪便处理方法是（2012真题上147）&nbsp;&nbsp;",
"sx_answera":"深埋  ",
"sx_answerb":"生物热发酵 ",
"sx_answerc":"使用消毒机",
"sx_answerd":"直接用作肥料 ",
"sx_answere":"直接喂鱼",
"sx_answer":"B",
"sx_analyze":"驱虫应在专门的、有隔离条件的场所进行。驱虫后排出的粪便应统一集中，用“生物热发酵法”进行无害化处理。",
"sx_all":"1",
"sx_wrong":"0"
},
{
"sx_id":"1186",
"sx_type":"9",
"sx_title":"诊断与防控技术",
"sx_subject":"从粪便中检出含六钩蚴的虫卵，该动物感染的寄生虫是（2013真题上146）",
"sx_answera":"线虫  ",
"sx_answerb":"球虫 ",
"sx_answerc":"绦虫  ",
"sx_answerd":"吸虫  ",
"sx_answere":"棘头虫",
"sx_answer":"C",
"sx_analyze":"圆叶目绦虫卵呈圆形、方形或三角形，其虫卵中央有一椭圆形的六钩蚴（胚胎），有的绦虫卵内胚膜上形成突起，称之为梨形器。",
"sx_all":"1",
"sx_wrong":"0"
},
{
"sx_id":"1187",
"sx_type":"9",
"sx_title":"人兽共患寄生虫病",
"sx_subject":"从猫粪中排出的弓形虫发育阶段是（2009真题上146）",
"sx_answera":"包囊",
"sx_answerb":"卵囊",
"sx_answerc":"裂殖子",
"sx_answerd":"速殖子",
"sx_answere":"配子体",
"sx_answer":"B",
"sx_analyze":"<p>猫或猫科动物经口感染了卵囊、包囊，其内子孢子和缓殖子在小肠内逸出后侵入肠上皮细胞，经过裂殖生殖和配子生殖后形成卵囊，卵囊随粪便排出体外，在适宜条件下经2-4d发育为具有感染性的孢子化卵囊。</p>",
"sx_all":"1",
"sx_wrong":"0"
},
{
"sx_id":"1188",
"sx_type":"9",
"sx_title":"人兽共患寄生虫病",
"sx_subject":"猪急性弓形虫病剖检病变主要见于（2009真题上147）&nbsp;\n<br>",
"sx_answera":"脑、脑干、脊髓  ",
"sx_answerb":"鼻腔、咽喉、气管",
"sx_answerc":"输尿管、膀脱、尿道 ",
"sx_answerd":"十二指肠、结肠、盲肠",
"sx_answere":"肝、肺、肠系膜淋巴结",
"sx_answer":"E",
"sx_analyze":"弓形虫急性发病的病变主要是肺脏、淋巴结、肝脏、肾脏等内脏器官肿胀、硬结、质脆、渗出增加、坏死以及全身多发性出血、瘀血等。",
"sx_all":"1",
"sx_wrong":"0"
},
{
"sx_id":"1189",
"sx_type":"9",
"sx_title":"人兽共患寄生虫病",
"sx_subject":"用压片法检查旋毛虫肌肉包囊型幼虫时，应将肉样剪成麦粒大小的（2009真题上151）&nbsp;\n<br>",
"sx_answera":"4块 ",
"sx_answerb":"8块  ",
"sx_answerc":"12块 ",
"sx_answerd":"16块 ",
"sx_answere":"24块",
"sx_answer":"E",
"sx_analyze":"旋毛虫病压片镜检法：取可疑肌肉，自肉上剪取麦粒大小的肉样24粒，使肉粒均匀地在玻片上排成一排，用另一玻片压紧，置显微镜下检查，发现包囊幼虫即可确诊。",
"sx_all":"1",
"sx_wrong":"0"
},
{
"sx_id":"1190",
"sx_type":"9",
"sx_title":"人兽共患寄生虫病",
"sx_subject":"防控猪旋毛虫病应采取的关键措施是（2009真题上152）",
"sx_answera":"防止犬进入猪场    ",
"sx_answerb":"消灭猪场的蚊蝇",
"sx_answerc":"猪粪的无害化处理   ",
"sx_answerd":"控制猪的饲养密度",
"sx_answere":"消灭猪场周围的鼠类 ",
"sx_answer":"E",
"sx_analyze":"旋毛虫病是由旋毛虫寄生于人、猪、犬、猫、鼠等而引起的人兽共患病，成虫与幼虫寄生于同一宿主。宿主因摄食了含有包囊幼虫的动物肌肉而受感染。猪感染旋毛虫病主要是因为吞食了老鼠。",
"sx_all":"1",
"sx_wrong":"0"
},
{
"sx_id":"1192",
"sx_type":"9",
"sx_title":"人兽共患寄生虫病",
"sx_subject":"我国细粒棘球蚴感染率最高的动物是（2009真题上153）&nbsp;\n<br>",
"sx_answera":"猪  ",
"sx_answerb":"马  ",
"sx_answerc":"牛  ",
"sx_answerd":"羊  ",
"sx_answere":"犬",
"sx_answer":"D",
"sx_analyze":"棘球蚴病是由寄生于犬、狼、狐狸等动物小肠的棘球绦虫中绦期幼虫??棘球蚴感染中间宿主而引起的人兽共患寄生虫病。绵羊、山羊、牛、猪等多种动物都是较敏感的中间宿主，其中绵羊最为易感。",
"sx_all":"1",
"sx_wrong":"0"
},
{
"sx_id":"1193",
"sx_type":"9",
"sx_title":"人兽共患寄生虫病",
"sx_subject":"确诊棘球蚴病的方法是（2009真题上154）",
"sx_answera":"粪便检查 ",
"sx_answerb":"血液检查",
"sx_answerc":"动物接种 ",
"sx_answerd":"皮屑检查",
"sx_answere":"尸体剖检",
"sx_answer":"E",
"sx_analyze":"物棘球蚴病的生前诊断较困难。对动物尸体剖检时，在肝、肺等处发现棘球蚴可以确诊。",
"sx_all":"1",
"sx_wrong":"0"
},
{
"sx_id":"1195",
"sx_type":"9",
"sx_title":"人兽共患寄生虫病",
"sx_subject":"尸体剖检利什曼原虫病病犬时，可见显著肿胀的器官是（2009真题上155）&nbsp;\n<br>",
"sx_answera":"肝脏 ",
"sx_answerb":"肾脏  ",
"sx_answerc":"肺脏 ",
"sx_answerd":"脾脏",
"sx_answere":"心脏",
"sx_answer":"D",
"sx_analyze":"利什曼原虫病是流行于人、犬及多种野生动物的重要人兽共患病，主要寄生在犬的网状内皮细胞内，由吸血昆虫白蛉传播。死后剖检可见脾和淋巴结肿胀。\n<br>",
"sx_all":"1",
"sx_wrong":"0"
},
{
"sx_id":"1196",
"sx_type":"9",
"sx_title":"人兽共患寄生虫病",
"sx_subject":"某群牛发病，犊牛比成牛症状明显。表现精神沉郁，行动迟缓，体温升高，腹泻或便血，严重时全身衰竭而死。取粪便采用毛蚴孵化法检查为阳性。目前本病主要流行在（2009真题下142）&nbsp;\n<br>",
"sx_answera":"河北 ",
"sx_answerb":"湖南 ",
"sx_answerc":"山东 ",
"sx_answerd":"新疆 ",
"sx_answere":"黑龙江 ",
"sx_answer":"B",
"sx_analyze":"根据牛群发病，犊牛症状明显，表现体温升高，腹泻和便血，严重时全身衰竭而死等特征和粪便检出毛蚴，可初步诊断为日本分体吸虫病。而日本分体吸虫病主要流行于钉螺（日本分体吸虫的中间宿主）分布地区如湖南、湖北、江西、安徽等地。\n<br>",
"sx_all":"1",
"sx_wrong":"0"
},
{
"sx_id":"1198",
"sx_type":"9",
"sx_title":"人兽共患寄生虫病",
"sx_subject":"细粒棘球蚴多寄生于家畜和人的（2010真题上150）",
"sx_answera":"脑和眼球  ",
"sx_answerb":"胃和小肠",
"sx_answerc":"心脏和血管",
"sx_answerd":"肝脏和肺脏",
"sx_answere":"肾脏和膀胱",
"sx_answer":"D",
"sx_analyze":"细粒棘球绦虫寄生于终末宿主犬、狼、狐狸等的小肠，其中绦期幼虫细粒棘球蚴寄生于牛、羊、猪、马、骆驼等家畜及多种野生动物和人的肝、肺及其他器官中。",
"sx_all":"1",
"sx_wrong":"0"
},
{
"sx_id":"1199",
"sx_type":"9",
"sx_title":"人兽共患寄生虫病",
"sx_subject":"某猪群出现食欲废绝，高热稽留，呼吸困难，体表淋巴结肿大，皮肤发绀。孕猪出现流产、死胎。取病死猪肝、肺、淋巴结及腹水抹片染色镜检见香蕉形虫体，该寄生虫病可能是（2010真题上191）",
"sx_answera":"球虫病  ",
"sx_answerb":"鞭虫病    ",
"sx_answerc":"蛔虫病  ",
"sx_answerd":"弓形虫病   ",
"sx_answere":"旋毛虫病",
"sx_answer":"D",
"sx_analyze":"猪弓形虫病表现为便秘或腹泻，呕吐，呼吸困难，咳嗽，肌肉强直，体表淋巴结肿大，耳部和腹下有瘀血斑发绀。孕猪出现流产、死胎。弓形虫对动物致病及与传播有关的发育期为滋养体、包囊和卵囊。滋养体呈香蕉形或半月形。",
"sx_all":"1",
"sx_wrong":"0"
},
{
"sx_id":"1201",
"sx_type":"9",
"sx_title":"人兽共患寄生虫病",
"sx_subject":"检疫人员进行生猪宰后检疫时，肉眼发现某屠宰猪肉膈肌中有针尖大小的白色小点，低倍镜检查见梭形包囊，囊内有卷曲的虫体。该虫体最可能是（2010真题上193）",
"sx_answera":"旋毛虫  ",
"sx_answerb":"弓形虫",
"sx_answerc":"棘球蚴 ",
"sx_answerd":"猪囊尾蚴  ",
"sx_answere":"肉孢子虫",
"sx_answer":"A",
"sx_analyze":"旋毛虫幼虫被血液带至全身各处，但只有进入横纹肌纤维内才能进一步发育，幼虫在活动量较大的肋间肌、膈肌、嚼肌中较多。幼虫在感染后第17-20d开始卷曲盘绕起来，随后肌纤维逐渐形成梭形包囊，幼虫位于包囊之中。\n<br>",
"sx_all":"1",
"sx_wrong":"0"
},
{
"sx_id":"1202",
"sx_type":"9",
"sx_title":"人兽共患寄生虫病",
"sx_subject":"我国南方某放牧牛群出现食欲减退，精神不振，腹泻，便血，严重贫血，衰竭死亡。剖检见肝脏肿大、有大量虫卵结节。\n<br>该病的病原最可能是（2010真题上198）",
"sx_answera":"肝片形吸虫 ",
"sx_answerb":"大片形吸虫",
"sx_answerc":"腔阔盘吸虫  ",
"sx_answerd":"日本分体吸虫",
"sx_answere":"矛形歧腔吸虫",
"sx_answer":"D",
"sx_analyze":"日本分体吸虫的成虫寄生于门静脉和肠系膜静脉内。牛大量感染时，表现行动迟缓，呆立不动。同时，体温升高，呈不规则间歇热，继而腹泻或便血，贫血，衰竭而死。\n<br>诊断：推荐方法为病原学诊断（粪便毛蚴孵化法）和血清学诊断（间接血凝实验）",
"sx_all":"1",
"sx_wrong":"0"
},
{
"sx_id":"1203",
"sx_type":"9",
"sx_title":"人兽共患寄生虫病",
"sx_subject":"我国南方某放牧牛群出现食欲减退，精神不振，腹泻，便血，严重贫血，衰竭死亡。剖检见肝脏肿大、有大量虫卵结节。\n<br>确诊该病常用的粪检方法是（2010真题上199）",
"sx_answera":"虫卵漂浮法  ",
"sx_answerb":"毛蚴孵化法",
"sx_answerc":"直接涂片法 ",
"sx_answerd":"幼虫分离法",
"sx_answere":"肉眼观察法",
"sx_answer":"B",
"sx_analyze":"日本分体吸虫的成虫寄生于门静脉和肠系膜静脉内。牛大量感染时，表现行动迟缓，呆立不动。同时，体温升高，呈不规则间歇热，继而腹泻或便血，贫血，衰竭而死。\n<br>诊断：推荐方法为病原学诊断（粪便毛蚴孵化法）和血清学诊断（间接血凝实验）",
"sx_all":"1",
"sx_wrong":"0"
},
{
"sx_id":"1205",
"sx_type":"9",
"sx_title":"人兽共患寄生虫病",
"sx_subject":"我国南方某放牧牛群出现食欲减退，精神不振，腹泻，便血，严重贫血，衰竭死亡。剖检见肝脏肿大、有大量虫卵结节。\n<br>死后剖检，最可能检出成虫的部位是（2010真题上200）",
"sx_answera":"肺脏",
"sx_answerb":"肾脏",
"sx_answerc":"胰脏 ",
"sx_answerd":"颈静脉",
"sx_answere":"肠系膜静脉",
"sx_answer":"E",
"sx_analyze":"日本分体吸虫的成虫寄生于门静脉和肠系膜静脉内。牛大量感染时，表现行动迟缓，呆立不动。同时，体温升高，呈不规则间歇热，继而腹泻或便血，贫血，衰竭而死。\n<br>诊断：推荐方法为病原学诊断（粪便毛蚴孵化法）和血清学诊断（间接血凝实验）",
"sx_all":"1",
"sx_wrong":"0"
},
{
"sx_id":"1207",
"sx_type":"9",
"sx_title":"人兽共患寄生虫病",
"sx_subject":"细粒棘球绦虫的终末宿主是（2012真题上148）&nbsp;",
"sx_answera":"犬 ",
"sx_answerb":"山羊 ",
"sx_answerc":"人 ",
"sx_answerd":"猪 ",
"sx_answere":"绵羊",
"sx_answer":"A",
"sx_analyze":"细粒棘球绦虫寄生于终末宿主犬、狼、狐狸等的小肠，其中绦期幼虫细粒棘球蚴寄生于牛、羊、猪、马、骆驼等家畜及多种野生动物和人的肝、肺及其他器官中。\n<br>",
"sx_all":"1",
"sx_wrong":"0"
},
{
"sx_id":"1208",
"sx_type":"9",
"sx_title":"人兽共患寄生虫病",
"sx_subject":"某猪群出现食欲废绝，高热稽留，呼吸困难，体表淋巴结肿大，皮肤发绀。孕猪出现流产、死胎。取病猪肝、肺、淋巴结触片染色镜检见香蕉形虫体。该寄生虫病可能是（2012真题上192）&nbsp;&nbsp;",
"sx_answera":"球虫病",
"sx_answerb":"鞭虫病  ",
"sx_answerc":"旋毛虫病  ",
"sx_answerd":"弓形虫病",
"sx_answere":"蛔虫病",
"sx_answer":"D",
"sx_analyze":"猪弓形虫病可呈急性经过，病猪突然废食，高热稽留，便秘或腹泻，呕吐，呼吸困难，肌肉强直，体表淋巴结肿大，耳部和腹下有瘀血斑发绀。孕猪出现流产、死胎。\n<br>弓形虫对人体和动物致病及与传播有关的发育期为滋养体、包囊和卵囊。滋养体呈香蕉形或半月形，主要出现于疾病的急性期。",
"sx_all":"1",
"sx_wrong":"0"
},
{
"sx_id":"1215",
"sx_type":"9",
"sx_title":"人兽共患寄生虫病",
"sx_subject":"我国南方某放牧牛群食欲减退，体温升高，精神不振，腹泻便血，严重贫血，衰竭死亡。剖检见肝、脾肿大，肝组织内有大量虫卵结节。该病的病原最可能是（2012真题上198）",
"sx_answera":"肝片吸虫 ",
"sx_answerb":"矛形歧腔吸虫 ",
"sx_answerc":"腔阔盘吸虫 ",
"sx_answerd":"日本分体吸虫",
"sx_answere":"大片形吸虫",
"sx_answer":"D",
"sx_analyze":"日本分体吸虫病的症状：牛表现行动迟缓，呆立不动。体温升高，呈不规则间歇热，继而消化不良，腹泻或便血，贫血，严重时全身衰竭而死。",
"sx_all":"1",
"sx_wrong":"0"
},
{
"sx_id":"1217",
"sx_type":"9",
"sx_title":"人兽共患寄生虫病",
"sx_subject":"我国南方某放牧牛群食欲减退，体温升高，精神不振，腹泻便血，严重贫血，衰竭死亡。剖检见肝、脾肿大，肝组织内有大量虫卵结节。\n<br>确诊该病常用的粪检方法是（2012真题上199）&nbsp;&nbsp;",
"sx_answera":"饱和盐水漂浮法 ",
"sx_answerb":"毛蚴孵化法 ",
"sx_answerc":"直接涂片法  ",
"sx_answerd":"幼虫分离法",
"sx_answere":"离心沉淀法",
"sx_answer":"B",
"sx_analyze":"日本分体吸虫的诊断：推荐方法为病原学诊断（粪便毛蚴孵化法）和血清学诊断（间接血凝实验）。",
"sx_all":"1",
"sx_wrong":"0"
},
{
"sx_id":"1218",
"sx_type":"9",
"sx_title":"人兽共患寄生虫病",
"sx_subject":"我国南方某放牧牛群食欲减退，体温升高，精神不振，腹泻便血，严重贫血，衰竭死亡。剖检见肝、脾肿大，肝组织内有大量虫卵结节。病死后剖检，最可能检出成虫的部位是（2012真题上200）&nbsp;&nbsp;&nbsp;&nbsp;",
"sx_answera":"胰脏  ",
"sx_answerb":"颈静脉 ",
"sx_answerc":"肺脏 ",
"sx_answerd":"肾脏",
"sx_answere":"肠系膜静脉",
"sx_answer":"E",
"sx_analyze":"日本分体吸虫的病变：成虫寄生于门静脉和肠系膜静脉内，基本病变是由虫卵沉着在组织中形成虫卵结节，主要在肠道、肝脏、脾脏等脏器。",
"sx_all":"1",
"sx_wrong":"0"
},
{
"sx_id":"1220",
"sx_type":"9",
"sx_title":"人兽共患寄生虫病",
"sx_subject":"细粒棘球蚴寄生的主要动物是（2013真题上147）",
"sx_answera":"鸡  ",
"sx_answerb":"鸭 ",
"sx_answerc":"羊 ",
"sx_answerd":"犬 ",
"sx_answere":"猫",
"sx_answer":"C",
"sx_analyze":"棘球蚴病又名包虫病，是由寄生于犬、狼、狐狸等终末宿主的小肠的棘球绦虫的中绦期幼虫棘球蚴感染绵羊（最易感）、山羊、牛、猪等中间宿主而引起的人兽共患寄生虫病。因此细粒棘球蚴寄生的主要动物是羊。",
"sx_all":"1",
"sx_wrong":"0"
},
{
"sx_id":"1222",
"sx_type":"9",
"sx_title":"人兽共患寄生虫病",
"sx_subject":"猪感染旋毛虫主要是因为食入（2013真题下107）&nbsp;&nbsp;",
"sx_answera":"螺蛳   ",
"sx_answerb":"鼠",
"sx_answerc":"蚯蚓",
"sx_answerd":"甲虫  ",
"sx_answere":"剑水蚤",
"sx_answer":"B",
"sx_analyze":"旋毛虫病是由旋毛虫寄生于人、猪、犬、猫、鼠等而引起的人兽共患病，成虫与幼虫寄生于同一宿主，宿主因摄食了含有包囊幼虫的动物肌肉而受感染。猪感染旋毛虫病主要是因为吞食了老鼠。\n<br>",
"sx_all":"1",
"sx_wrong":"0"
},
{
"sx_id":"1224",
"sx_type":"9",
"sx_title":"人兽共患寄生虫病",
"sx_subject":"母猪群，高热稽留，腹泻，呼吸困难，耳部及腹下皮肤有较大面积发绀，部分孕猪发生流产、死胎，取淋巴结染色镜检，发现香蕉形虫体。\n<br>该疾病可能是（2013真题下172）",
"sx_answera":"棘头虫病",
"sx_answerb":"旋毛虫病 ",
"sx_answerc":"肾虫病 ",
"sx_answerd":"球虫病  ",
"sx_answere":"弓形虫病",
"sx_answer":"E",
"sx_analyze":"猪弓形虫病的病猪高热稽留，便秘或腹泻，呕吐，呼吸困难，肌肉强直，体表淋巴结肿大，耳部和腹下有瘀血斑发绀。孕猪出现流产、死胎。\n<br>病原：弓形虫对人体和动物致病及与传播有关的发育期为滋养体、包囊和卵囊。滋养体呈香蕉形或半月形，主要出现于疾病的急性期。",
"sx_all":"1",
"sx_wrong":"0"
},
{
"sx_id":"1226",
"sx_type":"9",
"sx_title":"人兽共患寄生虫病",
"sx_subject":"母猪群，高热稽留，腹泻，呼吸困难，耳部及腹下皮肤有较大面积发绀，部分孕猪发生流产、死胎，取淋巴结染色镜检，发现香蕉形虫体。\n<br>治疗该病的有效药物是（2013真题下173）",
"sx_answera":"砒喹酮  ",
"sx_answerb":"阿苯达唑  ",
"sx_answerc":"盐霉素",
"sx_answerd":"氯霉素",
"sx_answere":"磺胺六甲氧嘧啶",
"sx_answer":"E",
"sx_analyze":"猪弓形虫病的治疗：磺胺类药物有很好的效果，与抗菌增效剂合用疗效更好。可选用磺胺六甲氧嘧啶等。",
"sx_all":"1",
"sx_wrong":"0"
},
{
"sx_id":"1239",
"sx_type":"9",
"sx_title":"人兽共患寄生虫病",
"sx_subject":"梅雨季节，某4周龄鸡群出现精神沉郁，食欲废绝，剖检见小肠中段肿胀，黏膜出血、坏死，浆膜层有圆形白色斑点。\n<br>该疾病可能是（2013真题下174）",
"sx_answera":"大肠杆菌病",
"sx_answerb":"禽霍乱 ",
"sx_answerc":"小鹅瘟",
"sx_answerd":"禽流感",
"sx_answere":"球虫病",
"sx_answer":"E",
"sx_analyze":"鸡毒害艾美耳球虫病的病理变化：病变主要发生在小肠中段，肠管高度肿胀，显著充血、出血和坏死。肠壁增厚，肠内容物中含有多量血液、血凝块和脱落的黏膜。从浆膜面可见病灶区有小的白斑和红斑点，此为本病的特异性病变。\n<br>",
"sx_all":"1",
"sx_wrong":"0"
},
{
"sx_id":"1241",
"sx_type":"9",
"sx_title":"人兽共患寄生虫病",
"sx_subject":"梅雨季节，某4周龄鸡群出现精神沉郁，食欲废绝，剖检见小肠中段肿胀，黏膜出血、坏死，浆膜层有圆形白色斑点。\n<br>进一步确诊的方法是（2013真题下175）",
"sx_answera":"肠黏膜镜检  ",
"sx_answerb":"病毒分离鉴定",
"sx_answerc":"细菌分离鉴定",
"sx_answerd":"血清学检查   ",
"sx_answere":"血液涂检查",
"sx_answer":"A",
"sx_analyze":"鸡毒害艾美耳球虫病的诊断：可用饱和盐水漂浮法或直接涂片法检查粪便中的球虫卵囊。对病死鸡，可刮取肠黏膜镜检有无各发育阶段虫体。\n<br>",
"sx_all":"1",
"sx_wrong":"0"
},
{
"sx_id":"1256",
"sx_type":"9",
"sx_title":"多种动物共患寄生虫病",
"sx_subject":"预防伊氏锥虫病最实用的措施为（2009真题上143）&nbsp;",
"sx_answera":"疫苗免疫",
"sx_answerb":"药物预防 ",
"sx_answerc":"淘汰病畜  ",
"sx_answerd":"搞好环境卫生",
"sx_answere":"消灭媒介昆虫",
"sx_answer":"E",
"sx_analyze":"伊氏锥虫病是由伊氏锥虫寄生于马属动物、牛、水牛、骆驼的血液、淋巴液以及造血器官中引起的常见寄生虫病。主要经吸血昆虫（虻、吸血蝇类）机械性传播。因此，预防最实用的措施是加强饲养管理，消灭媒介昆虫。",
"sx_all":"1",
"sx_wrong":"0"
},
{
"sx_id":"1258",
"sx_type":"9",
"sx_title":"多种动物共患寄生虫病",
"sx_subject":"伊氏锥虫病最可靠的诊断依据是（2009真题上144）&nbsp;",
"sx_answera":"粪便中检出虫体",
"sx_answerb":"血液中检出虫体",
"sx_answerc":"血清中检出抗体",
"sx_answerd":"皮屑中检出虫体",
"sx_answere":"淋巴结穿刺物中检出虫体 ",
"sx_answer":"B",
"sx_analyze":"伊氏锥虫病的诊断可根据流行病学特点、症状、血清学诊断和病原学检查进行综合判断，但确诊需检出病原。在血液中查出虫体是最可靠的诊断依据，应反复多次采血检查。",
"sx_all":"1",
"sx_wrong":"0"
},
{
"sx_id":"1259",
"sx_type":"9",
"sx_title":"多种动物共患寄生虫病",
"sx_subject":"治疗伊氏锥虫病的药物是（2009真题上145）&nbsp;\n<br>",
"sx_answera":"甲硝唑 ",
"sx_answerb":"喹嘧胺 ",
"sx_answerc":"三氯苯唑   ",
"sx_answerd":"氯硝柳胺 ",
"sx_answere":"伊维菌素",
"sx_answer":"B",
"sx_analyze":"治疗伊氏锥虫病的药物有萘磺苯酰脲，喹嘧胺，三氮脒，氯化氮胺菲啶盐酸盐。",
"sx_all":"1",
"sx_wrong":"0"
},
{
"sx_id":"1261",
"sx_type":"9",
"sx_title":"多种动物共患寄生虫病",
"sx_subject":"可致禽类腹泻的隐孢子虫是（2009真题上178）&nbsp;\n<br>",
"sx_answera":"贝氏隐孢子虫",
"sx_answerb":"火鸡隐孢子虫",
"sx_answerc":"鼠隐孢子虫  ",
"sx_answerd":"微小隐孢子虫",
"sx_answere":"安氏隐孢子虫 ",
"sx_answer":"B",
"sx_analyze":"禽类以贝氏隐孢子虫最流行，也感染火鸡隐孢子虫。火鸡隐孢子虫寄生于肠上皮细胞可致禽类腹泻，贝氏隐孢子虫还寄生于气管上皮、法氏囊上皮、泄殖腔等，寄生于气管中的可致禽类鼻腔、气管分泌物增多。",
"sx_all":"1",
"sx_wrong":"0"
},
{
"sx_id":"1262",
"sx_type":"9",
"sx_title":"多种动物共患寄生虫病",
"sx_subject":"寄生于禽类法氏囊、泄殖腔等器官的隐孢子虫是（2009真题上179）&nbsp;",
"sx_answera":"贝氏隐孢子虫 ",
"sx_answerb":"火鸡隐孢子虫",
"sx_answerc":"鼠隐孢子虫  ",
"sx_answerd":"微小隐孢子虫",
"sx_answere":"安氏隐孢子虫",
"sx_answer":"A",
"sx_analyze":"禽类以贝氏隐孢子虫最流行，也感染火鸡隐孢子虫。火鸡隐孢子虫寄生于肠上皮细胞可致禽类腹泻，贝氏隐孢子虫还寄生于气管上皮、法氏囊上皮、泄殖腔等，寄生于气管中的可致禽类鼻腔、气管分泌物增多。",
"sx_all":"1",
"sx_wrong":"0"
},
{
"sx_id":"1264",
"sx_type":"9",
"sx_title":"多种动物共患寄生虫病",
"sx_subject":"可致禽类鼻腔、气管有过量分泌物的隐孢子虫是（2009真题上180）&nbsp;\n<br>",
"sx_answera":"贝氏隐孢子虫 ",
"sx_answerb":"火鸡隐孢子虫",
"sx_answerc":"鼠隐孢子虫 ",
"sx_answerd":"微小隐孢子虫",
"sx_answere":"安氏隐孢子虫",
"sx_answer":"A",
"sx_analyze":"禽类以贝氏隐孢子虫最流行，也感染火鸡隐孢子虫。火鸡隐孢子虫寄生于肠上皮细胞可致禽类腹泻，贝氏隐孢子虫还寄生于气管上皮、法氏囊上皮、泄殖腔等，寄生于气管中的可致禽类鼻腔、气管分泌物增多。\n<br>",
"sx_all":"1",
"sx_wrong":"0"
},
{
"sx_id":"1273",
"sx_type":"9",
"sx_title":"多种动物共患寄生虫病",
"sx_subject":"治疗犬蠕形螨病的首选药物是（2009真题下119）&nbsp;\n<br>",
"sx_answera":"吡喹酮  ",
"sx_answerb":"三氮脒",
"sx_answerc":"伊维菌素 ",
"sx_answerd":"左旋咪唑 ",
"sx_answere":"氯硝柳胺 ",
"sx_answer":"C",
"sx_analyze":"犬蠕形螨病是由节肢动物蠕形螨寄生于犬的毛囊和皮脂腺内的一种顽固性皮肤寄生虫病，属于外寄生虫病。伊维菌素、阿维菌素和多拉菌素属大环内酯类半合成抗寄生虫药，对线虫和节肢动物有特效，所以治疗常用伊维菌素。",
"sx_all":"1",
"sx_wrong":"0"
},
{
"sx_id":"1276",
"sx_type":"9",
"sx_title":"多种动物共患寄生虫病",
"sx_subject":"某猪群病猪出现剧痒、皮肤损伤、脱毛、结痂、增厚乃至龟裂以及消瘦等症状。\n<br>该病最可能的诊断是（2009真题下171）&nbsp;\n<br>&nbsp;\n<br>",
"sx_answera":"蜱感染",
"sx_answerb":"疥螨病 ",
"sx_answerc":"痒螨病 ",
"sx_answerd":"蠕形螨病",
"sx_answere":"血虱感染",
"sx_answer":"B",
"sx_analyze":"疥螨病是由疥螨寄生于动物表皮内而引起的慢性寄生性皮肤病，症状为剧痒，湿疹性皮炎，脱毛，结痂，皮肤生皱褶或龟裂。\n<br>疥螨病诊断：在健康与病变皮肤交界处采集病料，显微镜下检查发现虫体即可确诊。\n<br>治疗用伊维菌素或阿维菌素类药物。\n<br>",
"sx_all":"1",
"sx_wrong":"0"
},
{
"sx_id":"1277",
"sx_type":"9",
"sx_title":"多种动物共患寄生虫病",
"sx_subject":"某猪群病猪出现剧痒、皮肤损伤、脱毛、结痂、增厚乃至龟裂以及消瘦等症状。\n<br>确诊时，采集病料应该选择（2009真题下172）&nbsp;\n<br>&nbsp;\n<br>&nbsp;",
"sx_answera":"健康皮肤  ",
"sx_answerb":"病灶中央",
"sx_answerc":"病灶边缘 ",
"sx_answerd":"皮肤龟裂处",
"sx_answere":"健康与病变皮肤交界处 ",
"sx_answer":"E",
"sx_analyze":"疥螨病是由疥螨寄生于动物表皮内而引起的慢性寄生性皮肤病，症状为剧痒，湿疹性皮炎，脱毛，结痂，皮肤生皱褶或龟裂。\n<br>疥螨病诊断：在健康与病变皮肤交界处采集病料，显微镜下检查发现虫体即可确诊。\n<br>治疗用伊维菌素或阿维菌素类药物。\n<br>",
"sx_all":"1",
"sx_wrong":"0"
},
{
"sx_id":"1279",
"sx_type":"9",
"sx_title":"多种动物共患寄生虫病",
"sx_subject":"某猪群病猪出现剧痒、皮肤损伤、脱毛、结痂、增厚乃至龟裂以及消瘦等症状。\n<br>治疗该病可用（2009真题下173）&nbsp;\n<br>&nbsp;\n<br>&nbsp;",
"sx_answera":"吡喹酮   ",
"sx_answerb":"盐霉素  ",
"sx_answerc":"阿苯达唑 ",
"sx_answerd":"左旋咪唑",
"sx_answere":"阿维菌素",
"sx_answer":"E",
"sx_analyze":"疥螨病是由疥螨寄生于动物表皮内而引起的慢性寄生性皮肤病，症状为剧痒，湿疹性皮炎，脱毛，结痂，皮肤生皱褶或龟裂。\n<br>疥螨病诊断：在健康与病变皮肤交界处采集病料，显微镜下检查发现虫体即可确诊。\n<br>治疗用伊维菌素或阿维菌素类药物。\n<br>",
"sx_all":"1",
"sx_wrong":"0"
},
{
"sx_id":"1288",
"sx_type":"9",
"sx_title":"多种动物共患寄生虫病",
"sx_subject":"华支睾吸虫成虫寄生于犬、猫的（2010真题上151）",
"sx_answera":"血管",
"sx_answerb":"气管 ",
"sx_answerc":"胆管 ",
"sx_answerd":"肠管",
"sx_answere":"淋巴管",
"sx_answer":"C",
"sx_analyze":"华支睾吸虫成虫寄生在人、犬、猫和猪等的胆管内，所产虫卵随粪便排出，为中间宿主淡水螺吞食，在螺的消化道内孵出毛蚴，发育为包蚴、雷蚴和尾蚴。成熟尾蚴离开螺体进入第二中间宿主肌肉内形成囊蚴。人、犬、猫和猪等由于吞食含有囊蚴的生鱼虾或未煮熟的鱼肉或虾而感染。",
"sx_all":"1",
"sx_wrong":"0"
},
{
"sx_id":"1290",
"sx_type":"9",
"sx_title":"多种动物共患寄生虫病",
"sx_subject":"猪疥螨的寄生部位是（2010真题上152）",
"sx_answera":"体毛",
"sx_answerb":"表皮",
"sx_answerc":"血液",
"sx_answerd":"脂肪",
"sx_answere":"肌肉",
"sx_answer":"B",
"sx_analyze":"疥螨病是由疥螨寄生在动物表皮内而引起的慢性寄生性皮肤病。",
"sx_all":"1",
"sx_wrong":"0"
},
{
"sx_id":"1292",
"sx_type":"9",
"sx_title":"多种动物共患寄生虫病",
"sx_subject":"某仔猪群精神不振，消瘦，腹部膨大，腹泻。粪检见大量壳薄透明的卵圆形虫卵，内含折刀样幼虫，该病例最可能的致病病原是（2010真题上178）",
"sx_answera":"蛔虫  ",
"sx_answerb":"隐孢子虫  ",
"sx_answerc":"类圆线虫 ",
"sx_answerd":"毛尾线虫 ",
"sx_answere":"食道口线虫",
"sx_answer":"C",
"sx_analyze":"类圆线虫虫卵呈卵圆形，透明，壳薄，内含折刀样幼虫。\n<br>症状：感染早期当幼虫经过皮肤进入宿主体内，能引起皮肤湿疹；进入肺脏引起支气管炎和胸膜炎；在肠内大量寄生时，能引起肠粘膜的剧烈炎症而发生腹痛，消瘦，腹部膨大，精神不振，腹泻甚至呕吐等。",
"sx_all":"1",
"sx_wrong":"0"
},
{
"sx_id":"1294",
"sx_type":"9",
"sx_title":"多种动物共患寄生虫病",
"sx_subject":"某羔羊群食欲减退，消瘦、贫血、腹泻，死前数日排水样血色便，并有脱落的黏膜。粪检见大量腰鼓形棕黄色虫卵，两端有卵塞，该病例最可能的致病病原是（2010真题上179）",
"sx_answera":"蛔虫 ",
"sx_answerb":"隐孢子虫 ",
"sx_answerc":"类圆线虫",
"sx_answerd":"毛尾线虫",
"sx_answere":"食道口线虫",
"sx_answer":"D",
"sx_analyze":"毛尾线虫虫卵呈棕黄色，腰鼓形，卵壳厚，两端有卵塞。\n<br>症状：严重感染时贫血、腹泻，死前数日排水样血色便，并有黏液。",
"sx_all":"1",
"sx_wrong":"0"
},
{
"sx_id":"1296",
"sx_type":"9",
"sx_title":"多种动物共患寄生虫病",
"sx_subject":"人吃生鱼片和醉虾最可能感染的寄生虫是（2012真题上149）&nbsp;",
"sx_answera":"华支睾吸虫",
"sx_answerb":"前后盘吸虫 ",
"sx_answerc":"肝片吸虫 ",
"sx_answerd":"胰阔盘吸虫 ",
"sx_answere":"布氏姜片吸虫",
"sx_answer":"A",
"sx_analyze":"华支睾吸虫的发育过程需2个中间宿主，第一中间宿主是淡水螺，第二中间宿主是淡水鱼和虾，人、犬、猫和猪等由于吞食含有囊蚴的生鱼虾或未煮熟的鱼肉或虾而感染。",
"sx_all":"1",
"sx_wrong":"0"
},
{
"sx_id":"1297",
"sx_type":"9",
"sx_title":"多种动物共患寄生虫病",
"sx_subject":"确诊羊疥螨病主要根据（2012真题上150）&nbsp;",
"sx_answera":"血液嗜碱性粒细胞增加",
"sx_answerb":"血液涂片镜检见有虫体 ",
"sx_answerc":"皮肤病料镜检见大量虫卵  ",
"sx_answerd":"血液嗜酸性粒细胞增加 ",
"sx_answere":"时常擦痒，皮肤表面形成痂块，大面积脱毛",
"sx_answer":"C",
"sx_analyze":"疥螨病诊断：在健康与病变皮肤交界处采集病料，显微镜下检查发现虫体或虫卵即可确诊，采集病料时应刮至稍微出血。",
"sx_all":"1",
"sx_wrong":"0"
},
{
"sx_id":"1298",
"sx_type":"9",
"sx_title":"多种动物共患寄生虫病",
"sx_subject":"伊氏雏虫的感染途径是经（2013真题上148）",
"sx_answera":"皮肤主动侵入  ",
"sx_answerb":"呼吸道感染",
"sx_answerc":"食物感染 ",
"sx_answerd":"饮水感染  ",
"sx_answere":"虻机械性传播",
"sx_answer":"E",
"sx_analyze":"伊氏雏虫的感染途径：虻及吸血蝇类在吸血时食入感染动物体内的虫体，再次吸血时将虫体注入其他动物体内进行机械性传播。此外，消毒不完全的手术器械也可造成感染，孕畜感染后可传给胎儿。",
"sx_all":"1",
"sx_wrong":"0"
},
{
"sx_id":"1300",
"sx_type":"9",
"sx_title":"多种动物共患寄生虫病",
"sx_subject":"犬新孢子虫在犬肠上皮细胞内发育的方式类似于（2013真题上149）",
"sx_answera":"球虫 ",
"sx_answerb":"蛔虫 ",
"sx_answerc":"滴虫 ",
"sx_answerd":"贾第虫",
"sx_answere":"巴贝斯虫",
"sx_answer":"A",
"sx_analyze":"犬作为终末宿主食入含新孢子虫组织包囊的动物组织，虫体释放出来侵入肠上皮细胞进行球虫型发育，卵囊随粪便排出。",
"sx_all":"1",
"sx_wrong":"0"
},
{
"sx_id":"1302",
"sx_type":"9",
"sx_title":"多种动物共患寄生虫病",
"sx_subject":"某猫病死前出现消化不良，下痢贫血、水肿、消瘦等症状。剖检见肝脏肿大，胆管增生、胆囊及胆管内有多条呈叶形、体长1-2cm的虫体。该病可能是（2013真题上192）",
"sx_answera":"肝片吸虫病  ",
"sx_answerb":"并殖吸虫病  ",
"sx_answerc":"华支睾吸虫病   ",
"sx_answerd":"细粒棘球绦虫病  ",
"sx_answere":"孟氏迭宫绦虫病",
"sx_answer":"C",
"sx_analyze":"华支睾吸虫的症状：消化不良，下痢贫血、水肿、消瘦甚至腹水。\n<br>病变：虫体寄生于动物的胆管和胆囊内，引起胆管炎、胆囊炎，胆管管壁增厚。虫体阻塞胆管，使胆汁分泌障碍，出现黄疸。长期寄生引起肝脏肿大、肝硬化等。",
"sx_all":"1",
"sx_wrong":"0"
},
{
"sx_id":"1303",
"sx_type":"9",
"sx_title":"多种动物共患寄生虫病",
"sx_subject":"某绵羊群部分羊耳、背及臀部等处被毛脱落，患部皮肤湿润、结痂。取痂皮置于底部垫有色纸张的平皿内，用热源对皿底加热，肉眼仔细观察，可见白色虫体从痂皮中爬出。该病可能是（2013真题上193）",
"sx_answera":"虱病  ",
"sx_answerb":"蜱病  ",
"sx_answerc":"蝇蛆病 ",
"sx_answerd":"痒螨病 ",
"sx_answere":"皮刺螨病",
"sx_answer":"D",
"sx_analyze":"痒螨病的症状：首先皮肤奇痒，进而出现针头大到米粒大的结节，然后形成水疱和脓疱。由于擦痒而引起表皮损伤，被毛脱落。患部渗出液增多，最后形成痂皮。诊断：在患部刮取皮屑在显微镜下发现虫体即可确诊。\n<br>",
"sx_all":"1",
"sx_wrong":"0"
},
{
"sx_id":"1305",
"sx_type":"9",
"sx_title":"多种动物共患寄生虫病",
"sx_subject":"治疗痒螨病的药物是（2013真题下108）",
"sx_answera":"伊维菌素",
"sx_answerb":"丙硫咪唑 ",
"sx_answerc":"砒喹酮  ",
"sx_answerd":"地克珠利 ",
"sx_answere":"磺胺嘧啶",
"sx_answer":"A",
"sx_analyze":"痒螨病的治疗药物：口服/注射或喷洒/涂抹伊维菌素或阿维菌素类药物，药浴可用溴氰菊酯、二嗪农等。",
"sx_all":"1",
"sx_wrong":"0"
},
{
"sx_id":"1306",
"sx_type":"9",
"sx_title":" 猪",
"sx_subject":"引起病猪尿液中出现白色粘稠絮状物或脓液的寄生虫是（2009真题上148）&nbsp;\n<br>",
"sx_answera":"猪蛔虫 ",
"sx_answerb":"猪毛尾线虫",
"sx_answerc":"有齿冠尾线虫  ",
"sx_answerd":"野猪后圆线虫",
"sx_answere":"有齿食道口线虫",
"sx_answer":"C",
"sx_analyze":"有齿冠尾线虫俗称猪肾虫，猪患病初期表现为皮肤炎症，有丘疹和红色小结节，体表局部淋巴结肿大。随着病程的发展，病猪出现后肢无力，跛行，走路时后躯左右摇摆。尿液中常有白色粘稠的絮状物或脓液。有时可继发后躯麻痹或后躯僵硬，不能站立，拖地爬行，仔猪发育停滞，母猪不孕或流产。\n<br>",
"sx_all":"1",
"sx_wrong":"0"
},
{
"sx_id":"1308",
"sx_type":"9",
"sx_title":"猪",
"sx_subject":"猪等孢球虫病的主要发病日龄是（2010真题下102）&nbsp;\n<br>",
"sx_answera":"7-21 天  ",
"sx_answerb":"25-35 天 ",
"sx_answerc":"36-45 天  ",
"sx_answerd":"46-55 天  ",
"sx_answere":"56-65 天 ",
"sx_answer":"A",
"sx_analyze":"猪球虫病由艾美耳属和等孢属引起，致病性较强的是猪等孢球虫、蒂氏艾美耳球虫和粗糙艾美耳球虫。该病主要发生在仔猪，以7-21日龄多见，成年猪多为隐性感染。",
"sx_all":"1",
"sx_wrong":"0"
},
{
"sx_id":"1309",
"sx_type":"9",
"sx_title":" 猪",
"sx_subject":"蛭形巨吻棘头虫在猪体内的寄生部位是（2010真题下103）&nbsp;\n<br>",
"sx_answera":"胃 ",
"sx_answerb":"食道 ",
"sx_answerc":"小肠 ",
"sx_answerd":"大肠 ",
"sx_answere":"肾脏 ",
"sx_answer":"C",
"sx_analyze":"蛭形巨吻棘头虫的发育过程：成虫寄生于猪的小肠，雌虫所产虫卵随粪便排出体外，散布到外界环境中，如被中间宿主金龟子或其他甲虫的幼虫吞食后，在其肠内孵化，最终形成棘头囊，到达感染阶段，猪吞食含棘头囊的甲虫则被感染，随后在猪消化道中脱囊，以吻突固着于肠壁上发育为成虫。",
"sx_all":"1",
"sx_wrong":"0"
},
{
"sx_id":"1311",
"sx_type":"9",
"sx_title":" 猪",
"sx_subject":"某猪群，部分3-4&nbsp;月龄育肥猪出现消瘦，顽固性腹泻，用抗生素治疗效果不佳，剖检死亡猪在结肠壁上见到大量结节，肠腔内检获长为8-11mm的线状虫体。\n<br>可能发生的寄生虫病是（2010真题下166）&nbsp;",
"sx_answera":"蛔虫病 ",
"sx_answerb":"肾虫病",
"sx_answerc":"旋毛虫病  ",
"sx_answerd":"后圆线虫病",
"sx_answere":"食道口线虫病 ",
"sx_answer":"E",
"sx_analyze":"猪食道口线虫寄生于猪的大肠，主要是结肠。\n<br>症状及病变：幼虫钻入宿主肠壁引起炎症，刺激机体产生免疫反应导致局部组织形成大量结节，故又称结节虫病，结节破溃后形成顽固性肠炎，持续腹泻。\n<br>治疗药物：左旋咪唑、阿苯达唑、阿维菌素或伊维菌素。",
"sx_all":"1",
"sx_wrong":"0"
},
{
"sx_id":"1313",
"sx_type":"9",
"sx_title":" 猪",
"sx_subject":"某猪群，部分3-4&nbsp;月龄育肥猪出现消瘦，顽固性腹泻，用抗生素治疗效果不佳，剖检死亡猪在结肠壁上见到大量结节，肠腔内检获长为8-11mm的线状虫体。&nbsp;\n<br>治疗该病可选用的药物是（2010真题下167）&nbsp;",
"sx_answera":"三氮脒 ",
"sx_answerb":"吡喹酮  ",
"sx_answerc":"左旋咪唑 ",
"sx_answerd":"地克珠利 ",
"sx_answere":"拉沙里菌素 ",
"sx_answer":"C",
"sx_analyze":"猪食道口线虫寄生于猪的大肠，主要是结肠。\n<br>症状及病变：幼虫钻入宿主肠壁引起炎症，刺激机体产生免疫反应导致局部组织形成大量结节，故又称结节虫病，结节破溃后形成顽固性肠炎，持续腹泻。\n<br>治疗药物：左旋咪唑、阿苯达唑、阿维菌素或伊维菌素。",
"sx_all":"1",
"sx_wrong":"0"
},
{
"sx_id":"1315",
"sx_type":"9",
"sx_title":" 猪",
"sx_subject":"猪球虫感染的途径是（2012真题下107）",
"sx_answera":"经口",
"sx_answerb":"经皮肤  ",
"sx_answerc":"经节肢动物",
"sx_answerd":"经胎盘",
"sx_answere":"经呼吸道",
"sx_answer":"A",
"sx_analyze":"猪球虫病通过消化道（经口）传播。卵囊随病猪或带虫猪的粪便排出体外，污染饲料、饮水、土壤或用具等，在适宜的温度和湿度下发育为具有感染性的孢子化卵囊，仔猪食入后就可感染。",
"sx_all":"1",
"sx_wrong":"0"
},
{
"sx_id":"1317",
"sx_type":"9",
"sx_title":" 猪",
"sx_subject":"蛭型巨吻棘头虫的中间宿主（2012真题下108）",
"sx_answera":"淡水螺  ",
"sx_answerb":"陆地螺",
"sx_answerc":"蚯蚓",
"sx_answerd":"金龟子 ",
"sx_answere":"剑水蚤",
"sx_answer":"D",
"sx_analyze":"蛭形巨吻棘头虫的发育过程：成虫寄生于猪的小肠，雌虫所产虫卵随粪便排出体外，如被中间宿主金龟子或其他甲虫的幼虫吞食后，在其体内最终形成棘头囊，到达感染阶段，猪吞食含棘头囊的甲虫则被感染，随后在猪消化道中脱囊，以吻突固着于肠壁上发育为成虫。",
"sx_all":"1",
"sx_wrong":"0"
},
{
"sx_id":"1324",
"sx_type":"9",
"sx_title":" 猪",
"sx_subject":"某3-4月龄育肥猪群出现消瘦，异嗜，有的成为僵猪。剖检见小肠内有大量淡黄色、圆柱形、体长为15-30厘米的虫体，有的虫体尾端弯曲呈钩状。\n<br>该猪群感染的是（2012真题下172）",
"sx_answera":"蛔虫 ",
"sx_answerb":"棘头虫 ",
"sx_answerc":"毛尾线虫 ",
"sx_answerd":"食道口线虫",
"sx_answere":"毛细线虫",
"sx_answer":"A",
"sx_analyze":"猪蛔虫：大型虫体。新鲜虫体呈淡红色或淡黄色，圆柱状，雄虫长15-25cm，尾端弯曲呈钩状，雌虫长20-40cm，尾端较直。猪蛔虫生活史简单，不需要中间宿主参与。成虫寄生于猪小肠，雌虫排卵后随粪便排出，在适宜条件下发育为感染性虫卵后被猪吞食（经口）而感染。成虫常导致猪营养不良，严重时成为僵猪。\n<br>",
"sx_all":"1",
"sx_wrong":"0"
},
{
"sx_id":"1326",
"sx_type":"9",
"sx_title":" 猪",
"sx_subject":"对猪致病性较强的球虫是（2013真题上151）",
"sx_answera":"柔嫩艾美耳球虫  ",
"sx_answerb":"猪等孢球虫",
"sx_answerc":"邱氏艾美耳球虫 ",
"sx_answerd":"堆型艾美耳球虫",
"sx_answere":"毁灭泰泽耳球虫",
"sx_answer":"B",
"sx_analyze":"猪球虫病由艾美耳属和等孢属引起，致病性较强的是猪等孢球虫、蒂氏艾美耳球虫和粗糙艾美耳球虫。",
"sx_all":"1",
"sx_wrong":"0"
},
{
"sx_id":"1328",
"sx_type":"9",
"sx_title":" 猪",
"sx_subject":"有齿冠尾线虫的感染性阶段是（2013真题上152）",
"sx_answera":"感染性虫卵",
"sx_answerb":"第一期幼虫",
"sx_answerc":"第二期幼虫  ",
"sx_answerd":"第三期幼虫",
"sx_answere":"第四期幼虫",
"sx_answer":"D",
"sx_analyze":"有齿冠尾线虫发育过程：虫卵随猪尿排出体外，在适宜的湿度和温度下孵出第一期幼虫，随后进行第1次蜕皮发育为第二期幼虫，然后进行第2次蜕皮发育为第三期感染性幼虫，感染性幼虫可经口和皮肤两种途径感染。",
"sx_all":"1",
"sx_wrong":"0"
},
{
"sx_id":"1330",
"sx_type":"9",
"sx_title":" 猪",
"sx_subject":"猪棘头虫病的主要临床表现是（2013真题上153）",
"sx_answera":"消化功能障碍",
"sx_answerb":"呼吸功能障碍",
"sx_answerc":"泌尿系统障碍  ",
"sx_answerd":"凝血功能障碍",
"sx_answere":"造血功能障碍",
"sx_answer":"A",
"sx_analyze":"猪棘头虫病是由蛭形巨吻棘头虫寄生于猪的小肠内引起的寄生虫病。\n<br>临诊症状主要为消化功能障碍，表现为病猪食欲减退，出现刨地、互相对咬、匍匐爬行或不断哼哼等腹痛症状，下痢，粪便带血，有的因肠穿孔引起腹膜炎而死亡。",
"sx_all":"1",
"sx_wrong":"0"
},
{
"sx_id":"1332",
"sx_type":"9",
"sx_title":"牛、羊",
"sx_subject":"贝氏莫尼茨绦虫虫卵的鉴别特征是（2009真题上141）&nbsp;\n<br>",
"sx_answera":"卵圆形，卵壳薄，内含幼虫   ",
"sx_answerb":"似圆形，无梨型器，有六钩蚴",
"sx_answerc":"卵圆形，无卵盖，内含多个胚细胞",
"sx_answerd":"近似四角形，内有梨形器，内含六钩蚴",
"sx_answere":"近于球形，卵壳呈蜂窝状，内含一个卵细胞",
"sx_answer":"D",
"sx_analyze":"贝氏莫尼茨绦虫虫卵的鉴别特征是虫卵近似四角形，卵内有梨形器，内含六钩蚴。",
"sx_all":"1",
"sx_wrong":"0"
},
{
"sx_id":"1333",
"sx_type":"9",
"sx_title":"牛、羊",
"sx_subject":"莫尼茨绦虫可感染（2009真题上142）&nbsp;\n<br>",
"sx_answera":"仔猪 ",
"sx_answerb":"幼犬  ",
"sx_answerc":"幼驹 ",
"sx_answerd":"羔羊 ",
"sx_answere":"雏鹅 ",
"sx_answer":"D",
"sx_analyze":"莫尼茨绦虫病是裸头科莫尼茨属的绦虫寄生于黄牛、水牛、牦牛等反刍动物小肠内引起的寄生虫病。主要包括扩展莫尼茨绦虫和贝氏莫尼茨绦虫。前者主要寄生于羔羊，后者主要寄生于犊牛。",
"sx_all":"1",
"sx_wrong":"0"
},
{
"sx_id":"1335",
"sx_type":"9",
"sx_title":"牛、羊",
"sx_subject":"牛皮蝇的第三期幼虫主要寄生在（2009真题上149）&nbsp;\n<br>",
"sx_answera":"头部皮下",
"sx_answerb":"小腿皮下 ",
"sx_answerc":"背部皮下  ",
"sx_answerd":"腹部皮下",
"sx_answere":"胸部皮下",
"sx_answer":"C",
"sx_analyze":"牛皮蝇的发育过程：卵孵出的第一期幼虫由宿主皮肤毛囊钻入皮下，沿外围神经的外膜组织移行到椎管硬膜外的脂肪组织中，停留约5个月发育为第二期幼虫，然后从椎间孔爬出移行到牛腰背部皮下，在此成为第三期幼虫。",
"sx_all":"1",
"sx_wrong":"0"
},
{
"sx_id":"1336",
"sx_type":"9",
"sx_title":"牛、羊",
"sx_subject":"牛被牛皮蝇幼虫寄生后，常继发皮肤化脓感染的病原是（2009真题上150）&nbsp;\n<br>",
"sx_answera":"病毒 ",
"sx_answerb":"细菌 ",
"sx_answerc":"真菌 ",
"sx_answerd":"支原体 ",
"sx_answere":"衣原体",
"sx_answer":"B",
"sx_analyze":"牛皮蝇第三期幼虫在牛背部皮下时，引起局部结缔组织增生和皮下蜂窝组织炎，有时细菌继发感染可化脓形成瘘管。\n<br>",
"sx_all":"1",
"sx_wrong":"0"
},
{
"sx_id":"1338",
"sx_type":"9",
"sx_title":"牛、羊",
"sx_subject":"牦牛放牧后出现咳嗽，初为干咳，后为湿咳，次数逐渐频繁，有的发生气喘或阵发性咳嗽，流淡黄粘液性鼻涕，消瘦，贫血，呼吸困难，叩诊有湿性?音。该病最可能是（2009真题上191）&nbsp;\n<br>",
"sx_answera":"钩虫病  ",
"sx_answerb":"牛肺线虫病",
"sx_answerc":"日本血吸虫病   ",
"sx_answerd":"肝片吸虫病",
"sx_answere":"莫尼茨绦虫病",
"sx_answer":"B",
"sx_analyze":"感染牛羊肺线虫的病畜病初表现咳嗽，尤以夜间和清晨出圈时明显，咳出的痰液中可含有虫卵、幼虫或成虫。严重时，呼吸困难，体温升高，迅速消瘦，死于肺炎或并发症。",
"sx_all":"1",
"sx_wrong":"0"
},
{
"sx_id":"1340",
"sx_type":"9",
"sx_title":"牛、羊",
"sx_subject":"某病牛死后剖检见全身皮下、肌间、粘膜和浆膜有大量的出血点和出血斑，淋巴结肿大、切面多汁、有结节，皱胃粘膜肿胀、出血、脱落、有溃疡病灶，淋巴结涂片镜检发现石榴体。该病牛最可能死于（2009真题上193）&nbsp;",
"sx_answera":"弓形虫病  ",
"sx_answerb":"泰勒虫病",
"sx_answerc":"巴贝斯虫病       ",
"sx_answerd":"伊氏锥虫病",
"sx_answere":"莫尼茨绦虫病",
"sx_answer":"B",
"sx_analyze":"牛羊泰勒虫病的特征性病变是全身皮下、肌间、黏膜和浆膜上均见到大量的出血点和出血斑；全身淋巴结肿大；在第四胃粘膜上，可见到高粱米到蚕豆大的溃疡斑。血液涂片检出虫体是确诊本病的主要依据，环形泰勒虫病可做淋巴结穿刺检查石榴体。",
"sx_all":"1",
"sx_wrong":"0"
},
{
"sx_id":"1341",
"sx_type":"9",
"sx_title":"牛、羊",
"sx_subject":"某群羊出现运动障碍或转圈运动，视觉减弱甚至失明，后肢麻痹。剖检在脑部查见豌豆至鸡蛋大小的囊泡状虫体。该病病原的终末宿主是（2009真题下143）&nbsp;\n<br>",
"sx_answera":"人 ",
"sx_answerb":"牛 ",
"sx_answerc":"羊 ",
"sx_answerd":"犬  ",
"sx_answere":"骆驼",
"sx_answer":"D",
"sx_analyze":"根据羊群出现运动障碍或转圈运动，视觉减弱甚至失明，后肢麻痹，脑部检查发现豌豆至鸡蛋大小的囊泡状虫体，初步判定羊群患有脑多头蚴病。脑多头蚴病又称脑包虫病，是由多头多头绦虫的中绦期幼虫寄生于牛、羊的脑和脊髓所引起，成虫寄生于犬、狼等的小肠中。所以其终末宿主是犬、狼等。\n<br>",
"sx_all":"1",
"sx_wrong":"0"
},
{
"sx_id":"1342",
"sx_type":"9",
"sx_title":"牛、羊",
"sx_subject":"寄生于羊的大型肺线虫是（2010真题上148）",
"sx_answera":"丝状网尾线虫 ",
"sx_answerb":"胎生网尾线虫",
"sx_answerc":"安氏网尾线虫 ",
"sx_answerd":"柯氏原圆线虫",
"sx_answere":"长刺后圆线虫",
"sx_answer":"A",
"sx_analyze":"牛羊肺线虫病是由网尾科或原圆科的线虫寄生于牛羊的肺部所引起：网尾科虫体较大，称作大型肺线虫，主要包括寄生于牛的胎生网尾线虫和寄生于羊的丝状网尾线虫；原圆科线虫较小，称作小型肺线虫，有许多种属，主要寄生于羊。",
"sx_all":"1",
"sx_wrong":"0"
},
{
"sx_id":"1344",
"sx_type":"9",
"sx_title":"牛、羊",
"sx_subject":"泰勒虫的“石榴体”阶段见于牛羊的（2010真题上153）",
"sx_answera":"红细胞",
"sx_answerb":"淋巴细胞",
"sx_answerc":"中性粒细胞 ",
"sx_answerd":"嗜酸性粒细胞",
"sx_answere":"嗜碱性粒细胞",
"sx_answer":"B",
"sx_analyze":"牛、羊泰勒虫病是由泰勒虫寄生于牛羊红细胞和单核?巨噬系统细胞内引起。寄生于血液红细胞中的虫体称为血液型虫体；寄生于淋巴细胞或单核巨噬系统细胞内的虫体称为“石榴体”。",
"sx_all":"1",
"sx_wrong":"0"
},
{
"sx_id":"1346",
"sx_type":"9",
"sx_title":"牛、羊",
"sx_subject":"夏季，某绵羊群放牧后出现食欲减退、体温升高、可视黏膜苍白等症状。剖检见肝脏肿大、出血，在腹腔和肝脏中发现扁平叶状幼虫，该病可能是（2010真题上192）",
"sx_answera":"棘球蚴病  ",
"sx_answerb":"绵羊球虫病",
"sx_answerc":"血矛线虫病  ",
"sx_answerd":"片形吸虫病",
"sx_answere":"莫尼茨绦虫病",
"sx_answer":"D",
"sx_analyze":"肝片形吸虫呈扁平片状，大片形吸虫呈长叶片状。病羊表现为贫血和可视粘膜苍白，肝区压痛明显。幼虫移行过程中机械性地损伤宿主肠壁、肝包膜、肝实质和微血管，剖检见肝脏肿大、出血。",
"sx_all":"1",
"sx_wrong":"0"
},
{
"sx_id":"1347",
"sx_type":"9",
"sx_title":"牛、羊",
"sx_subject":"脑多头蚴的终末宿主为（2010真题下107）&nbsp;\n<br>",
"sx_answera":"牛",
"sx_answerb":"羊 ",
"sx_answerc":"犬  ",
"sx_answerd":"鹿 ",
"sx_answere":"骆驼",
"sx_answer":"C",
"sx_analyze":"脑多头蚴病又称脑包虫病，是多头多头绦虫的中绦期幼虫寄生于牛羊脑及脊髓中所引起，偶见于骆驼、猪、马及其他野生反刍动物；成虫寄生于犬、狼、狐狸的小肠中。所以其终末宿主为犬、狼、狐狸。",
"sx_all":"1",
"sx_wrong":"0"
},
{
"sx_id":"1349",
"sx_type":"9",
"sx_title":"牛、羊",
"sx_subject":"可用于治疗牛泰勒虫病的药物是（2012真题上151）&nbsp;",
"sx_answera":"左旋咪唑",
"sx_answerb":"三氮脒  ",
"sx_answerc":"吡喹酮 ",
"sx_answerd":"阿维菌素 ",
"sx_answere":"溴氰菊酯",
"sx_answer":"B",
"sx_analyze":"牛羊泰勒虫病治疗药物：磷酸伯氨喹啉、布帕伐醌、三氮脒、硫酸喹啉脲。",
"sx_all":"1",
"sx_wrong":"0"
},
{
"sx_id":"1350",
"sx_type":"9",
"sx_title":"牛、羊",
"sx_subject":"多头多头绦虫成虫寄生在犬、狼、狐狸的（2012真题上152）&nbsp;",
"sx_answera":"肝脏 ",
"sx_answerb":"肺脏 ",
"sx_answerc":"大脑 ",
"sx_answerd":"大肠",
"sx_answere":"小肠",
"sx_answer":"E",
"sx_analyze":"脑多头蚴病又称脑包虫病，是多头多头绦虫的中绦期幼虫寄生于牛羊脑及脊髓中所引起，偶见于骆驼、猪、马及其他野生反刍动物，极少见于人；成虫寄生于犬、狼、狐狸的小肠中。",
"sx_all":"1",
"sx_wrong":"0"
},
{
"sx_id":"1352",
"sx_type":"9",
"sx_title":"牛、羊",
"sx_subject":"捻转血矛线虫寄生于牛羊的（2012真题下109）",
"sx_answera":"真胃 ",
"sx_answerb":"瘤胃 ",
"sx_answerc":"结肠   ",
"sx_answerd":"盲肠 ",
"sx_answere":"肺脏",
"sx_answer":"A",
"sx_analyze":"捻转血矛线虫也称捻转胃虫，寄生于牛羊的真胃。",
"sx_all":"1",
"sx_wrong":"0"
},
{
"sx_id":"1354",
"sx_type":"9",
"sx_title":"牛、羊",
"sx_subject":"肝片形吸虫对牛羊等动物的感染性阶段是（2013真题上154）",
"sx_answera":"囊蚴 ",
"sx_answerb":"尾蚴",
"sx_answerc":"雷蚴",
"sx_answerd":"胞蚴",
"sx_answere":"毛蚴",
"sx_answer":"A",
"sx_analyze":"片形吸虫的发育过程：成虫在终末宿主的胆管内排出大量虫卵，卵随胆汁进入宿主消化道，由粪便排出体外，在适宜条件下孵出毛蚴，进入水中，遇到中间宿主淡水螺则钻入其体内，经无性繁殖发育为胞蚴、雷蚴和尾蚴。尾蚴自螺体逸出后，附着在水生植物上形成具感染性的囊蚴，家畜在吃草或饮水时吞食囊蚴即可被感染。",
"sx_all":"1",
"sx_wrong":"0"
},
{
"sx_id":"1355",
"sx_type":"9",
"sx_title":"牛、羊",
"sx_subject":"丝状网尾线虫寄生于羊的（2013真题上155）",
"sx_answera":"真胃 ",
"sx_answerb":"小肠  ",
"sx_answerc":"大肠 ",
"sx_answerd":"肝脏 ",
"sx_answere":"肺脏",
"sx_answer":"E",
"sx_analyze":"胎生网尾线虫寄生于牛的肺脏，丝状网尾线虫寄生于羊的肺脏。",
"sx_all":"1",
"sx_wrong":"0"
},
{
"sx_id":"1356",
"sx_type":"9",
"sx_title":"牛、羊",
"sx_subject":"夏季，某放牧绵羊群出现食欲减退、体温升高、可视黏膜苍白等症状。剖检见肝脏肿大，出血点，在肝脏中发现大量呈扁平叶状的虫体。该病可能是（2013真题上194）",
"sx_answera":"细粒棘球蚴病",
"sx_answerb":"莫尼茨绦虫病  ",
"sx_answerc":"捻转血矛线虫病",
"sx_answerd":"肝片形吸虫病   ",
"sx_answere":"日本分体吸虫病",
"sx_answer":"D",
"sx_analyze":"肝片吸虫病主要寄生于牛羊等反刍动物的肝脏胆管内，症状为体温升高，贫血迅速、可视黏膜苍白，肝区压痛明显。剖检可见肝脏肿大、出血。",
"sx_all":"1",
"sx_wrong":"0"
},
{
"sx_id":"1357",
"sx_type":"9",
"sx_title":"牛、羊",
"sx_subject":"某黄牛7月份出现高热稽留，贫血、黄疸和血红蛋白尿等症状，体表检查发现腹下有多处虫体寄生。\n<br>该病最可能是（2013真题上198）",
"sx_answera":"双芽巴贝斯虫病  ",
"sx_answerb":"环形泰勒虫病",
"sx_answerc":"日本分体吸虫病",
"sx_answerd":"肝片吸虫病",
"sx_answere":"细粒棘球蚴病",
"sx_answer":"A",
"sx_analyze":"牛患巴贝斯虫病时，体温高达40-42℃，呈稽留热，迅速贫血，黏膜苍白和黄染。最明显的症状是出现血红蛋白尿，尿的颜色由淡红色变为棕红色乃至黑红色。其主要病原是双芽巴贝斯虫和牛巴贝斯虫。",
"sx_all":"1",
"sx_wrong":"0"
},
{
"sx_id":"1358",
"sx_type":"9",
"sx_title":"牛、羊",
"sx_subject":"某黄牛7月份出现高热稽留，贫血、黄疸和血红蛋白尿等症状，体表检查发现腹下有多处虫体寄生。\n<br>确诊该病最常用的方法是（2013真题上199）",
"sx_answera":"粪便检查  ",
"sx_answerb":"尿液检查",
"sx_answerc":"皮屑检查",
"sx_answerd":"淋巴结穿刺检查",
"sx_answere":"血液涂片检查",
"sx_answer":"E",
"sx_analyze":"牛患巴贝斯虫病的确诊：血液涂片检查虫体，一般在发病初期体温升高时进行，镜检时注意虫体特征。",
"sx_all":"1",
"sx_wrong":"0"
},
{
"sx_id":"1361",
"sx_type":"9",
"sx_title":"牛、羊",
"sx_subject":"某黄牛7月份出现高热稽留，贫血、黄疸和血红蛋白尿等症状，体表检查发现腹下有多处虫体寄生。\n<br>治疗该病可选用的药物是（2013真题上200）",
"sx_answera":"氨丙啉",
"sx_answerb":"阿苯达唑",
"sx_answerc":"阿维菌素",
"sx_answerd":"咪唑苯脲 ",
"sx_answere":"硫双二氯酚",
"sx_answer":"D",
"sx_analyze":"牛患巴贝斯虫病的治疗药物：三氮脒、咪唑苯脲、台盼蓝、吖啶黄、硫酸喹啉脲。",
"sx_all":"1",
"sx_wrong":"0"
},
{
"sx_id":"1362",
"sx_type":"9",
"sx_title":"牛、羊",
"sx_subject":"牛弓首蛔虫成虫寄生于犊牛的（2013真题下109）",
"sx_answera":"直胃",
"sx_answerb":"小肠 ",
"sx_answerc":"大肠   ",
"sx_answerd":"肝脏 ",
"sx_answere":"肺脏",
"sx_answer":"B",
"sx_analyze":"牛蛔虫病是由牛弓首蛔虫寄生于犊牛小肠内，引起的以下痢为主要特征的疾病。",
"sx_all":"1",
"sx_wrong":"0"
},
{
"sx_id":"1363",
"sx_type":"9",
"sx_title":"马",
"sx_subject":"某马场马发病，主要病变为溶血性贫血，粘膜、腱膜及皮下蜂窝组织黄染，肺水肿，少尿和蛋白尿。经血液涂片检查，在红细胞内发现大于红细胞半径的梨籽形虫，该虫体应是（2009真题上192）&nbsp;\n<br>",
"sx_answera":"牛巴贝斯虫 ",
"sx_answerb":"驽巴贝斯虫",
"sx_answerc":"莫氏巴贝斯虫   ",
"sx_answerd":"吉氏巴贝斯虫",
"sx_answere":"双芽巴贝斯虫",
"sx_answer":"B",
"sx_analyze":"马巴贝斯虫病是由驽巴贝斯虫和马巴贝斯虫寄生于马属动物的红细胞所引起的血液原虫病。临诊上呈现高热、贫血、黄疸、出血和呼吸困难等重剧症状。\n<br>驽巴贝斯虫虫体长度大于红细胞半径，典型形状为成对的梨子型虫体以其尖端呈锐角相连；马巴贝斯虫虫体长度小于红细胞半径，典型形状为4个梨子型虫体以其尖端呈十字形相连。",
"sx_all":"1",
"sx_wrong":"0"
},
{
"sx_id":"1364",
"sx_type":"9",
"sx_title":"马",
"sx_subject":"马副蛔虫幼虫移行期引起的主要症状是（2010真题上159）",
"sx_answera":"流泪 ",
"sx_answerb":"血尿",
"sx_answerc":"尿频",
"sx_answerd":"咳嗽 ",
"sx_answere":"便秘",
"sx_answer":"D",
"sx_analyze":"马副蛔虫病发病初期呈肠炎症状；持续3d后，因幼虫移行而呈现支气管肺炎症状：咳嗽，流浆液性或粘液性鼻汁；后期即成虫寄生期呈肠炎症状，腹泻和便秘交替出现，严重感染时发生肠阻塞、破裂或穿孔。所以马副蛔虫幼虫移行期引起的主要症状是咳嗽。\n<br>",
"sx_all":"1",
"sx_wrong":"0"
},
{
"sx_id":"1365",
"sx_type":"9",
"sx_title":"马",
"sx_subject":"马媾疫的感染途径是（2012真题上153）&nbsp;",
"sx_answera":"经口感染   ",
"sx_answerb":"经胎盘感染  ",
"sx_answerc":"经交配感染 ",
"sx_answerd":"经呼吸道感染",
"sx_answere":"经节肢动物感染",
"sx_answer":"C",
"sx_analyze":"马媾疫是马媾疫锥虫寄生于马属动物引起的。主要通过病马与健马的交配传染，人工授精时，器械未经严格消毒也可发生感染。",
"sx_all":"1",
"sx_wrong":"0"
},
{
"sx_id":"1366",
"sx_type":"9",
"sx_title":"马",
"sx_subject":"马巴贝斯虫病的传播媒介是（2013真题上156）",
"sx_answera":"蚤",
"sx_answerb":"虱 ",
"sx_answerc":"软蜱  ",
"sx_answerd":"硬蜱 ",
"sx_answere":"蝇蛆",
"sx_answer":"D",
"sx_analyze":"马巴贝斯虫病的病原是驽巴贝斯虫和马巴贝斯虫，寄生于马属动物的红细胞中。硬蜱吸血时，把含有巴贝斯虫的红细胞吸入肠内。当其再次吸血时，虫体随蜱的唾液接种入马体内。所以马巴贝斯虫病经硬蜱传播。",
"sx_all":"1",
"sx_wrong":"0"
},
{
"sx_id":"1367",
"sx_type":"9",
"sx_title":"马",
"sx_subject":"马绦虫虫卵内含有（2013真题上157）",
"sx_answera":"梨形器和六钩蚴  ",
"sx_answerb":"多个卵细胞   ",
"sx_answerc":"毛蚴",
"sx_answerd":"棘头蚴   ",
"sx_answere":"孢子囊",
"sx_answer":"A",
"sx_analyze":"马绦虫虫卵内有梨形器，内含六钩蚴。",
"sx_all":"1",
"sx_wrong":"0"
},
{
"sx_id":"1368",
"sx_type":"9",
"sx_title":"禽",
"sx_subject":"预防鸡住白细胞虫病可选用的药物是（2009真题下114）&nbsp;\n<br>",
"sx_answera":"噻嘧啶  ",
"sx_answerb":"乙胺嘧啶  ",
"sx_answerc":"伊维菌素 ",
"sx_answerd":"左旋咪唑",
"sx_answere":"阿苯达唑 ",
"sx_answer":"B",
"sx_analyze":"鸡住白细胞虫病是由住白细胞属的原虫寄生于鸡的血液细胞和内脏细胞内所引起的疾病。本病尚无特效药物，可用乙胺嘧啶和磺胺二甲氧嘧啶进行预防。",
"sx_all":"1",
"sx_wrong":"0"
},
{
"sx_id":"1369",
"sx_type":"9",
"sx_title":"禽",
"sx_subject":"治疗鸡球虫病可选用的药物是（2009真题下115）&nbsp;\n<br>",
"sx_answera":"氨丙啉  ",
"sx_answerb":"左旋咪唑 ",
"sx_answerc":"阿苯达唑  ",
"sx_answerd":"芬苯达唑 ",
"sx_answere":"咪唑苯脲 ",
"sx_answer":"A",
"sx_analyze":"治疗鸡球虫病的药物有氨丙啉、妥曲珠利、磺胺类药物。",
"sx_all":"1",
"sx_wrong":"0"
},
{
"sx_id":"1370",
"sx_type":"9",
"sx_title":"禽",
"sx_subject":"鸡皮刺螨的发育阶段不包括（2010真题上158）",
"sx_answera":"蛹 ",
"sx_answerb":"虫卵 ",
"sx_answerc":"幼虫 ",
"sx_answerd":"若虫 ",
"sx_answere":"成虫",
"sx_answer":"A",
"sx_analyze":"鸡皮刺螨的发育包括卵、幼虫、若虫、成虫四个阶段。",
"sx_all":"1",
"sx_wrong":"0"
},
{
"sx_id":"1371",
"sx_type":"9",
"sx_title":"禽",
"sx_subject":"防治禽皮刺螨病的药物是（2010真题下115）&nbsp;\n<br>",
"sx_answera":"氨丙啉 ",
"sx_answerb":"吡喹酮  ",
"sx_answerc":"地克珠利  ",
"sx_answerd":"阿苯达唑",
"sx_answere":"溴氰菊酯 ",
"sx_answer":"E",
"sx_analyze":"禽皮刺螨防治：用溴氰菊酯或杀灭菊酯喷洒，或用溴氰菊酯喷洒的同时用阿维菌素预混剂拌料饲喂。",
"sx_all":"1",
"sx_wrong":"0"
},
{
"sx_id":"1372",
"sx_type":"9",
"sx_title":"禽",
"sx_subject":"鸡柔嫩艾美耳球虫病的病变主要出现在（2010真题下116）&nbsp;\n<br>",
"sx_answera":"十二指肠  ",
"sx_answerb":"空肠",
"sx_answerc":"回肠 ",
"sx_answerd":"盲肠  ",
"sx_answere":"直肠 ",
"sx_answer":"D",
"sx_analyze":"鸡球虫：柔嫩艾美耳球虫因寄生于盲肠，故俗称盲肠球虫，是雏鸡球虫病的主要病原；其余球虫寄生于小肠，故俗称小肠球虫。",
"sx_all":"1",
"sx_wrong":"0"
},
{
"sx_id":"1373",
"sx_type":"9",
"sx_title":"禽",
"sx_subject":"夏季，某养鸡场雏鸡下痢，呼吸困难，口流鲜血，鸡冠和肉垂苍白；剖检见有全身性出血，内脏器官肿大，胸肌、腿肌和心包等处有针尖至粟粒大小的白色结节。该病可能是（2010真题下151）&nbsp;\n<br>",
"sx_answera":"新城疫  ",
"sx_answerb":"球虫病 ",
"sx_answerc":"盲肠肝炎",
"sx_answerd":"住白细胞虫病  ",
"sx_answere":"传染性法氏囊病",
"sx_answer":"D",
"sx_analyze":"鸡住白细胞虫病的特征性症状是死前口流鲜血，鸡冠和肉垂苍白，常因呼吸困难而死亡。死后剖检特征：全身性出血，肝脾肿大，胸肌、心肌、腿肌和肝脾等器官上出现白色小结节，针尖至粟粒大小，与周围组织有显著的界限。",
"sx_all":"1",
"sx_wrong":"0"
},
{
"sx_id":"1374",
"sx_type":"9",
"sx_title":"禽",
"sx_subject":"某500&nbsp;只散养鸡，精神萎顿，食欲减退，便秘或下痢，有时见血便。用左旋咪唑驱虫后，在粪便内见圆形长条虫体。该鸡群可能感染了（2010真题下154）&nbsp;",
"sx_answera":"鸡蛔虫  ",
"sx_answerb":"鸡异刺线虫",
"sx_answerc":"旋锐形线虫   ",
"sx_answerd":"四角赖利绦虫",
"sx_answere":"美洲四棱线虫 ",
"sx_answer":"A",
"sx_analyze":"雏鸡蛔虫病表现为便秘、下痢相交替，有时见血便，严重时衰弱死亡。\n<br>治疗或预防性驱虫可选用左旋咪唑、丙硫咪唑、丙氧咪唑、甲苯咪唑、驱蛔灵（枸橼酸哌嗪）。鸡蛔虫是寄生于鸡的最大的一种线虫，虫体达数厘米长，呈圆形长条状。\n<br>",
"sx_all":"1",
"sx_wrong":"0"
},
{
"sx_id":"1375",
"sx_type":"9",
"sx_title":"禽",
"sx_subject":"某养鸡场散养的1000只肉仔鸡，30日龄起大批鸡精神萎顿，食欲减退，双翅下垂，羽毛逆立，下痢至排大量血便，1周内死亡率达30%以上。&nbsp;\n<br>该鸡群最可能的诊断是（2010真题下185）&nbsp;",
"sx_answera":"鸡蛔虫病 ",
"sx_answerb":"鸡球虫病",
"sx_answerc":"组织滴虫病",
"sx_answerd":"隐孢子虫病",
"sx_answere":"大肠杆菌病 ",
"sx_answer":"B",
"sx_analyze":"鸡球虫病：急性型主要由柔嫩艾美耳球虫引起。病初泄殖腔周围羽毛为稀粪所粘连。以后由于肠上皮被大量破坏和机体中毒，病鸡运动失调，翅膀轻瘫，嗉囊充满液体，冠、髯及可视粘膜苍白，排水样稀粪并带有少量血液。柔嫩艾美耳球虫病变发生在盲肠。",
"sx_all":"1",
"sx_wrong":"0"
},
{
"sx_id":"1376",
"sx_type":"9",
"sx_title":"禽",
"sx_subject":"某养鸡场散养的1000只肉仔鸡，30日龄起大批鸡精神萎顿，食欲减退，双翅下垂，羽毛逆立，下痢至排大量血便，1周内死亡率达30%以上。&nbsp;\n<br>病死鸡剖检病变主要发生在（2010真题下186）&nbsp;&nbsp;",
"sx_answera":"肝脏 ",
"sx_answerb":"腺胃 ",
"sx_answerc":"肌胃",
"sx_answerd":"盲肠",
"sx_answere":"直肠 ",
"sx_answer":"D",
"sx_analyze":"鸡球虫病：急性型主要由柔嫩艾美耳球虫引起。病初泄殖腔周围羽毛为稀粪所粘连。以后由于肠上皮被大量破坏和机体中毒，病鸡运动失调，翅膀轻瘫，嗉囊充满液体，冠、髯及可视粘膜苍白，排水样稀粪并带有少量血液。柔嫩艾美耳球虫病变发生在盲肠。",
"sx_all":"1",
"sx_wrong":"0"
},
{
"sx_id":"1377",
"sx_type":"9",
"sx_title":"禽",
"sx_subject":"鸡感染火鸡组织滴虫的最易感年龄是（2012真题上154）&nbsp;",
"sx_answera":"1-2周龄 ",
"sx_answerb":"4-6周龄 ",
"sx_answerc":"2-3月龄 ",
"sx_answerd":"4-6月龄 ",
"sx_answere":"7月龄以上",
"sx_answer":"B",
"sx_analyze":"组织滴虫病是由火鸡组织滴虫寄生于禽类盲肠和肝引起的疾病。在自然感染情况下，火鸡最易感。鸡和火鸡的易感性随年龄而变化，鸡在4-6周龄易感性最强，火鸡3-12周龄易感性最强。",
"sx_all":"1",
"sx_wrong":"0"
},
{
"sx_id":"1378",
"sx_type":"9",
"sx_title":"禽",
"sx_subject":"寄生于禽类肝脏胆管与胆囊内的寄生虫是（2012真题下110）",
"sx_answera":"前殖吸虫 ",
"sx_answerb":"后睾吸虫",
"sx_answerc":"异刺线虫 ",
"sx_answerd":"鸡蛔虫 ",
"sx_answere":"鸡绦虫",
"sx_answer":"B",
"sx_analyze":"后睾吸虫病是由后睾吸虫寄生于家鸭、鸡、鹅、野鸭的肝脏胆管或胆囊内引起的一类吸虫病。",
"sx_all":"1",
"sx_wrong":"0"
},
{
"sx_id":"1380",
"sx_type":"9",
"sx_title":"禽",
"sx_subject":"夏季，某5周龄雏鹅群出现精神萎顿，排灰白色或暗红色带黏液的稀粪。剖检见小肠肿胀，粘膜出血、坏死，形成伪膜和肠芯。刮取肠黏膜镜检，见有大量圆形或椭圆形裂殖体。治疗该病应选择（2012真题下143）",
"sx_answera":"吡喹酮  ",
"sx_answerb":"伊维菌素  ",
"sx_answerc":"泰乐菌素",
"sx_answerd":"二甲硝咪唑 ",
"sx_answere":"磺胺间甲氧嘧啶",
"sx_answer":"E",
"sx_analyze":"鹅球虫病症状：雏鹅病初排灰白色带血的黏液性稀粪，继而排红色或暗红色、带有黏液的稀粪，甚至为褐色的凝血。病死鹅剖检见小肠肿胀，黏膜出血、坏死，形成伪膜和肠芯。&nbsp;治疗药物主要使用磺胺类，尤其是磺胺间甲氧嘧啶和磺胺喹?林，其他如氨丙啉、氯苯胍、氯羟吡啶、地克珠利也可。",
"sx_all":"1",
"sx_wrong":"0"
},
{
"sx_id":"1381",
"sx_type":"9",
"sx_title":"禽",
"sx_subject":"某散养雏鸡群，出现消瘦、贫血、下痢等症状，个别发生死亡。剖检见腺胃肿大呈球状，黏膜显著肥厚，有菜花样溃疡灶，病灶中可见虫体寄生。该鸡群感染的是（2012真题下144）",
"sx_answera":"鸡蛔虫  ",
"sx_answerb":"美洲四梭线虫 ",
"sx_answerc":"鹅裂口线虫",
"sx_answerd":"鸡异刺线虫 ",
"sx_answere":"旋锐形线虫",
"sx_answer":"E",
"sx_analyze":"旋锐形线虫症状：消瘦、贫血、羽毛松乱和下痢等症状，个别死亡。\n<br>剖检见腺胃肿大2-3倍，呈球状。腺胃黏膜显著肥厚、充血或出血，有菜花样溃疡灶，聚集的虫体以前端深埋在溃疡中，不易从黏膜上分离。",
"sx_all":"1",
"sx_wrong":"0"
},
{
"sx_id":"1382",
"sx_type":"9",
"sx_title":"禽",
"sx_subject":"某70日龄散养鸡群，精神沉郁，食欲减退，排水样稀粪并带有少量血液，2周内死亡率达30%以上。剖检见小肠中断高度肿胀，肠壁充血、出血和坏死，从浆膜面可见病灶区有小的白斑和红斑点。\n<br>该病可能的病原是（2012真题下174）&nbsp;",
"sx_answera":"鸡异刺线虫",
"sx_answerb":"毒害艾美尔球虫 ",
"sx_answerc":"柔嫩艾美尔球虫   ",
"sx_answerd":"卡氏住白细胞虫 ",
"sx_answere":"火鸡组织滴虫",
"sx_answer":"B",
"sx_analyze":"毒害艾美耳球虫病理变化：病变主要发生在小肠中段，肠管高度肿胀，显著充血、出血和坏死。肠壁增厚，肠内容物中含有多量血液、血凝块和脱落的粘膜。浆膜面可见病灶区有小的白斑和红斑点，此为本病的特异性病变。",
"sx_all":"1",
"sx_wrong":"0"
},
{
"sx_id":"1383",
"sx_type":"9",
"sx_title":"禽",
"sx_subject":"某70日龄散养鸡群，精神沉郁，食欲减退，排水样稀粪并带有少量血液，2周内死亡率达30%以上。剖检见小肠中断高度肿胀，肠壁充血、出血和坏死，从浆膜面可见病灶区有小的白斑和红斑点。",
"sx_answera":"吡喹酮 ",
"sx_answerb":"阿苯达唑 ",
"sx_answerc":"溴氰菊酯",
"sx_answerd":"环丙沙星",
"sx_answere":"磺胺二甲氧嘧啶",
"sx_answer":"E",
"sx_analyze":"鸡球虫病的治疗药物：氨丙啉、妥曲珠利、磺胺类药物。",
"sx_all":"1",
"sx_wrong":"0"
},
{
"sx_id":"1384",
"sx_type":"9",
"sx_title":"禽",
"sx_subject":"鸡组织滴虫病的病变主要发生在（2013真题下110）",
"sx_answera":"食道与嗉囊    ",
"sx_answerb":"肌胃与腺胃",
"sx_answerc":"空肠与回肠 ",
"sx_answerd":"盲肠与肝脏",
"sx_answere":"喉头与气管",
"sx_answer":"D",
"sx_analyze":"鸡组织滴虫病是由火鸡组织滴虫寄生于禽类的盲肠和肝脏引起的疾病，以肝脏坏死和盲肠溃疡为特征。",
"sx_all":"1",
"sx_wrong":"0"
},
{
"sx_id":"1386",
"sx_type":"9",
"sx_title":"禽",
"sx_subject":"143．树林中放养的70日龄鸡群，精神萎顿，食欲减退，拉稀，消瘦。用硫双二氯酚驱虫，肉可见白色带状虫体。该鸡群感染的可能是（2013真题下143）",
"sx_answera":"剑带绦虫 ",
"sx_answerb":"赖利绦虫     ",
"sx_answerc":"锐形线虫  ",
"sx_answerd":"异刺线虫",
"sx_answere":"四棱线虫",
"sx_answer":"B",
"sx_analyze":"鸡绦虫病主要由赖利属的绦虫（四角赖利绦虫、棘沟赖利绦虫、有轮赖利绦虫）和戴文属的节片戴文绦虫寄生于鸡小肠内引起。\n<br>症状：鸡粪便稀且有黏液，两翅下垂，头颈扭曲。\n<br>防治药物主要有硫双二氯酚、丙硫咪唑、氯硝柳胺、吡喹酮。",
"sx_all":"1",
"sx_wrong":"0"
},
{
"sx_id":"1387",
"sx_type":"9",
"sx_title":"犬、猫",
"sx_subject":"犬恶丝虫感染后，最常见的临床症状是（2009真题下118）&nbsp;\n<br>",
"sx_answera":"呕吐  ",
"sx_answerb":"腹泻",
"sx_answerc":"咳嗽",
"sx_answerd":"血红蛋白尿  ",
"sx_answere":"眼分泌物增多 ",
"sx_answer":"C",
"sx_analyze":"犬心丝虫病是由犬恶丝虫寄生于犬的右心室和肺动脉所引起的疾病。犬的主要症状是咳嗽，训练耐力下降，体重减轻。\n<br>",
"sx_all":"1",
"sx_wrong":"0"
},
{
"sx_id":"1388",
"sx_type":"9",
"sx_title":"犬、猫",
"sx_subject":"犬巴贝斯虫寄生于犬的（2010真题上154）",
"sx_answera":"红细胞  ",
"sx_answerb":"浆细胞",
"sx_answerc":"巨噬细胞 ",
"sx_answerd":"淋巴细胞  ",
"sx_answere":"中性粒细胞",
"sx_answer":"A",
"sx_analyze":"犬巴贝斯虫病是由巴贝斯科、巴贝斯属的原虫寄生于犬红细胞内引起的疾病，主要病原为犬巴贝斯虫、吉氏巴贝斯虫、韦氏巴贝斯虫。",
"sx_all":"1",
"sx_wrong":"0"
},
{
"sx_id":"1389",
"sx_type":"9",
"sx_title":"犬、猫",
"sx_subject":"犬恶丝虫寄生于犬的（2010真题上155）",
"sx_answera":"胃 ",
"sx_answerb":"心脏   ",
"sx_answerc":"肝脏 ",
"sx_answerd":"肺脏 ",
"sx_answere":"小肠",
"sx_answer":"B",
"sx_analyze":"犬心丝虫病是由犬恶丝虫寄生于犬的右心室和肺动脉所引起的一种疾病。",
"sx_all":"1",
"sx_wrong":"0"
},
{
"sx_id":"1390",
"sx_type":"9",
"sx_title":"犬、猫",
"sx_subject":"蚤对犬、猫的最主要危害是（2010真题上156）",
"sx_answera":"破坏体毛   ",
"sx_answerb":"破坏血细胞",
"sx_answerc":"扰乱营养代谢 ",
"sx_answerd":"扰乱免疫功能",
"sx_answere":"吸血和传播疾病",
"sx_answer":"E",
"sx_analyze":"蚤引起动物痒感、皮肤炎症；大量寄生时大量吸血导致动物贫血，消瘦或死亡；蚤能传播疾病。所以蚤对犬、猫最重要的危害是吸血和传播疾病。\n<br>",
"sx_all":"1",
"sx_wrong":"0"
},
{
"sx_id":"1391",
"sx_type":"9",
"sx_title":"犬、猫",
"sx_subject":"犬巴贝斯虫寄生于犬的（2012真题上155）&nbsp;",
"sx_answera":"红细胞 ",
"sx_answerb":"淋巴细胞",
"sx_answerc":"巨噬细胞  ",
"sx_answerd":"中性粒细胞 ",
"sx_answere":"浆细胞",
"sx_answer":"A",
"sx_analyze":"犬巴贝斯虫病是由巴贝斯科巴贝斯属的原虫寄生于犬红细胞内引起的疾病。主要症状是贫血、黄疸和血红蛋白尿。",
"sx_all":"1",
"sx_wrong":"0"
},
{
"sx_id":"1392",
"sx_type":"9",
"sx_title":"犬、猫",
"sx_subject":"防控犬复孔绦虫病必须注意杀灭（2012真题上156）&nbsp;",
"sx_answera":"蚤和虱 ",
"sx_answerb":"疥螨   ",
"sx_answerc":"伤口蛆 ",
"sx_answerd":"蚊和蝇  ",
"sx_answere":"硬蜱",
"sx_answer":"A",
"sx_analyze":"犬复孔绦虫寄生于犬、猫的小肠中。中间宿主是蚤和虱。因此，防控本病需要灭蚤和虱。",
"sx_all":"1",
"sx_wrong":"0"
},
{
"sx_id":"1393",
"sx_type":"9",
"sx_title":"犬、猫",
"sx_subject":"犬恶丝虫成虫的主要寄生部位是（2012真题上157）&nbsp;",
"sx_answera":"左心室 ",
"sx_answerb":"左心房 ",
"sx_answerc":"肺动脉  ",
"sx_answerd":"气管   ",
"sx_answere":"胆管",
"sx_answer":"C",
"sx_analyze":"犬心丝虫病是由犬恶丝虫寄生于犬的右心室及肺动脉，引起循环障碍、呼吸困难及贫血等症状的一种丝虫病。",
"sx_all":"1",
"sx_wrong":"0"
},
{
"sx_id":"1394",
"sx_type":"9",
"sx_title":"兔",
"sx_subject":"寄生于兔肝脏的艾美耳球虫是（2010真题上157）",
"sx_answera":"兔艾美耳球虫 ",
"sx_answerb":"斯氏艾美耳球虫",
"sx_answerc":"松林艾美耳球虫",
"sx_answerd":"穿孔艾美耳球虫",
"sx_answere":"大型艾美耳球虫",
"sx_answer":"B",
"sx_analyze":"    种类\t     寄生部位\n斯氏艾美耳球虫\t   肝胆管\n大型艾美耳球虫\t   空肠、回肠\n肠艾美耳球虫\t   小肠\n黄艾美耳球虫\t   空、回、盲结肠\n松林艾美耳球虫     回肠\n中型艾美耳球虫\t   空肠、十二指肠\n无残艾美耳球虫\t   小肠中部",
"sx_all":"1",
"sx_wrong":"0"
},
{
"sx_id":"1395",
"sx_type":"9",
"sx_title":"犬、猫",
"sx_subject":"钩虫主要寄生于犬的（2013真题上158）",
"sx_answera":"结肠  ",
"sx_answerb":"盲肠  ",
"sx_answerc":"十二指肠   ",
"sx_answerd":"胆囊 ",
"sx_answere":"胰脏",
"sx_answer":"C",
"sx_analyze":"犬、猫钩虫病是由犬钩口线虫、巴西钩口线虫等感染犬猫而引起，虫体均寄生在小肠内，以十二指肠为多。",
"sx_all":"1",
"sx_wrong":"0"
},
{
"sx_id":"1396",
"sx_type":"9",
"sx_title":"蜂",
"sx_subject":"狄斯蜂螨的发育过程中无（2010真题上149）",
"sx_answera":"卵 ",
"sx_answerb":"蛹",
"sx_answerc":"幼虫  ",
"sx_answerd":"若虫 ",
"sx_answere":"成虫",
"sx_answer":"B",
"sx_analyze":"蜂螨病由蜜蜂的寄生螨引起，主要有狄斯蜂螨和小蜂螨。均分为卵、幼螨、若螨、成螨阶段，所以狄斯蜂螨的发育过程中无蛹阶段。",
"sx_all":"1",
"sx_wrong":"0"
},
{
"sx_id":"1397",
"sx_type":"9",
"sx_title":"蜂",
"sx_subject":"小蜂螨的生活史中无（2012真题上159）",
"sx_answera":"成虫",
"sx_answerb":"蛹 ",
"sx_answerc":"若虫  ",
"sx_answerd":"幼虫",
"sx_answere":"卵",
"sx_answer":"B",
"sx_analyze":"蜂螨病由蜜蜂的寄生螨引起，主要有狄斯蜂螨和小蜂螨，两者均分为卵、幼螨、若螨、成螨阶段。",
"sx_all":"1",
"sx_wrong":"0"
},
{
"sx_id":"1398",
"sx_type":"9",
"sx_title":"蜂",
"sx_subject":"剖检马氏管变形虫病病蜂，可见马氏管出现（2013真题上159）",
"sx_answera":"变色  ",
"sx_answerb":"萎缩",
"sx_answerc":"肿胀 ",
"sx_answerd":"伤口",
"sx_answere":"破裂",
"sx_answer":"C",
"sx_analyze":"蜜蜂马氏管变形虫病的病变：中肠前端变为红褐色；显微镜下，马氏管变得肿胀、透明。后肠膨大，积满大量黄色粪便。\n<br>",
"sx_all":"1",
"sx_wrong":"0"
},
{
"sx_id":"1576",
"sx_type":"9",
"sx_title":"基础知识",
"sx_subject":"某散养猪群，其中数头猪屠宰后见肌肉组织内有米粒或黄豆大小半透明囊泡，囊泡壁上有一个乳白色结节。该病原的感染途径是（2013真题上180）",
"sx_answera":"经皮肤感染  ",
"sx_answerb":"经蜱叮咬感染 ",
"sx_answerc":"经蚊叮咬感染 ",
"sx_answerd":"经白蛉叮咬感染 ",
"sx_answere":"经口感染",
"sx_answer":"E",
"sx_analyze":"经口感染是寄生虫通过易感动物的采食、饮水，经口腔进入宿主体内的方式。\n<br>幼虫猪囊尾蚴为半透明、黄豆大的包囊，囊壁是一层薄膜，膜内可见一粟粒大的乳白色结节。猪囊尾蚴寄生在猪的心肌和横纹肌中，人吃了未煮熟的带有活囊尾蚴的猪肉而感染。成虫猪带绦虫寄生于人的小肠中，其孕节不断脱落并随人的粪便排出体外，猪或人吃了从而感染。",
"sx_all":"1",
"sx_wrong":"0"
},
{
"sx_id":"1577",
"sx_type":"9",
"sx_title":"基础知识",
"sx_subject":"某犬眼周围脱毛呈“眼镜”状。皮肤脱毛、湿疹，并出现中度体温升高，贫血，体表淋巴结肿大。淋巴结穿刺物涂片染色镜检，见大小为4.2um×2.1um卵圆形、无鞭毛的虫体。该病原的感染途径是（2013真题上181）",
"sx_answera":"经皮肤感染 ",
"sx_answerb":"经蜱叮咬感染  ",
"sx_answerc":"经蚊叮咬感染  ",
"sx_answerd":"经白蛉叮咬感染",
"sx_answere":"经口感染",
"sx_answer":"D",
"sx_analyze":"经节肢动物感染即寄生虫通过节肢动物的叮咬、吸血，传给易感动物的方式，主要是一些血液原虫和丝虫。利什曼原虫病是流行于人、犬及多种野生动物的重要人兽共患病，由吸血昆虫白蛉传播。患犬开始由于眼圈周围脱毛形成特殊的“眼镜”，然后体毛大量脱落，并形成湿疹。其他症状如中度体温升高、贫血、恶质病和淋巴组织增生。淋巴结、骨髓穿刺物涂片染色镜检，可见卵圆形、无鞭毛的虫体。",
"sx_all":"1",
"sx_wrong":"0"
},
{
"sx_id":"1578",
"sx_type":"9",
"sx_title":"诊断与防控技术",
"sx_subject":"夏末，一水牛体温升高，呈间歇热。病牛逐渐消瘦，贫血，眼内有浆液性分泌物，四肢下部，前胸与腹下水肿，皮肤干燥。进一步诊断该病，首选的检查方法是（2012真题上179）",
"sx_answera":"血液检查  ",
"sx_answerb":"尿液检查 ",
"sx_answerc":"粪便检查 ",
"sx_answerd":"皮屑检查 ",
"sx_answere":"体表淋巴结穿刺检查",
"sx_answer":"A",
"sx_analyze":"根据题干可基本确定为寄生于血液的寄生虫病，可能是牛环形泰勒虫病，因此首选的检查方式为血液检查。\n<br>牛环形泰勒虫病通过蜱的吸血来传播，有明显的季节性，夏季最常发。多数病牛呈稽留热，少数呈弛张热或间歇热。病初牛眼结膜充血肿胀，流出多量浆液性眼泪，部分病牛在颌下、胸前、腹下、四肢发生水肿。血液涂片检出虫体是确诊本病的主要依据。&nbsp;",
"sx_all":"1",
"sx_wrong":"0"
},
{
"sx_id":"1579",
"sx_type":"9",
"sx_title":"诊断与防控技术",
"sx_subject":"成年猫出现消瘦、下痢、贫血和消化不良等症状，有喂生鱼史。用丙硫咪唑驱虫，精神与食欲好转。进一步诊断该病，首选的检查的方法是（2012真题上180）&nbsp;",
"sx_answera":"血液检查  ",
"sx_answerb":"尿液检查",
"sx_answerc":"粪便检查",
"sx_answerd":"皮屑检查 ",
"sx_answere":"体表淋巴结穿刺检查",
"sx_answer":"C",
"sx_analyze":"华支睾吸虫的发育过程需要2个中间宿主，第一中间宿主是淡水螺，第二中间宿主是多种淡水鱼和虾。人、犬、猫和猪等终末宿主因吞食含有囊蚴的生鱼虾而遭到感染，成虫寄生于终末宿主的肝脏胆囊及胆管内。动物感染后的症状为消化不良、下痢、贫血、水肿、消瘦，甚至腹水。\n<br>病原检查：主要在粪便中检查虫卵。\n<br>治疗药物：吡喹酮、丙硫咪唑和六氯对二甲苯。",
"sx_all":"1",
"sx_wrong":"0"
},
{
"sx_id":"1580",
"sx_type":"9",
"sx_title":"诊断与防控技术",
"sx_subject":"夏季，某马群体温升高，呈间隙热，眼结膜、瞬膜上有黄豆大的出血斑，尿量减少，尿色深黄、黏稠。后期腋下、胸前水肿。检查马体，未发现硬蜱。进一步诊断该病，首选的检查方法是（2012真题上181）",
"sx_answera":"血液检查 ",
"sx_answerb":"尿液检查 ",
"sx_answerc":"粪便检查 ",
"sx_answerd":"皮屑检查 ",
"sx_answere":"体表淋巴结穿刺检查",
"sx_answer":"A",
"sx_analyze":"伊氏锥虫病的病马体温呈间歇热，眼结膜初充血，后变为黄染、苍白，且在结膜、瞬膜上可见米粒大到黄豆大的出血斑。最后共济失调，行走左右摇摆，举步困难。尿量减少，尿色深黄、黏稠，含蛋白和糖。\n<br>诊断：在血液中查出虫体是最可靠的诊断依据，应反复多次采血检查。",
"sx_all":"1",
"sx_wrong":"0"
},
{
"sx_id":"1581",
"sx_type":"9",
"sx_title":"人兽共患寄生虫病",
"sx_subject":"某工地工人误食未煮熟的猪肉后，部分工人出现发热、肌肉疼痛、眼睑水肿等症状，个别患者死亡。对冰箱中剩余的猪肉进行检查，镜检发现肌肉内有梭形包囊，囊内有蜷曲的虫体。对此类感染猪的屠宰检疫方法是（2012真题上193）&nbsp;&nbsp;",
"sx_answera":"淋巴结检查",
"sx_answerb":"血液检查 ",
"sx_answerc":"肌肉压片镜检  ",
"sx_answerd":"内脏检查 ",
"sx_answere":"皮肤检查",
"sx_answer":"C",
"sx_analyze":"人感染旋毛虫的症状：成虫侵入黏膜时，引起肠炎，严重时有带血性腹泻，称为肠型旋毛虫病。感染后15d左右，幼虫进入肌肉，引起肌型旋毛虫病，其主要症状为急性肌炎，发热和肌肉疼痛；同时出现吞咽、咀嚼、行走和呼吸困难，脸特别是眼睑水肿。轻微感染时不显症状，严重感染多因呼吸肌麻痹、心肌及其他脏器的病变和毒素的刺激等而引起死亡。\n<br>诊断：生前诊断困难，以肌肉检查发现幼虫为主要手段，包括压片镜检法和肌肉消化法。压片镜检法即取可疑肌肉，剪取麦粒大小的肉样24粒，使肉粒均匀地在玻片上排成一排，用另一玻片压紧，置显微镜下检查，发现梭形包囊内蜷曲盘绕的幼虫即可确诊。",
"sx_all":"1",
"sx_wrong":"0"
},
{
"sx_id":"1582",
"sx_type":"9",
"sx_title":"多种动物共患寄生虫病",
"sx_subject":"某犊牛群发热、昏睡、食欲不振，伴有严重腹泻、脱水，剖检见肠管肿胀，充满黏液和气体，采用饱和蔗糖液漂浮法检查患牛粪便，油镜观察发现大量内含4个裸露子孢子的卵囊，该病例最可能的致病病原是（2010真题上180）",
"sx_answera":"蛔虫 ",
"sx_answerb":"隐孢子虫  ",
"sx_answerc":"类圆线虫",
"sx_answerd":"毛尾线虫 ",
"sx_answere":"食道口线虫",
"sx_answer":"B",
"sx_analyze":"隐孢子虫病：犊牛和羔羊等幼龄动物的腹泻是主要的临诊症状，未断奶犊牛发热、昏睡，伴有严重腹泻、脱水、体况差等。剖检见肠管肿胀，充满黏液和气体。\n<br>病原形态：在粪便中只可见到卵囊，呈圆形或椭圆形，在宿主体内已经孢子化，内含4个裸露子孢子和1个大残体。\n<br>诊断：卵囊检查，从粪便、呕吐物中查找卵囊，采用粪便集卵法，用饱和蔗糖液漂浮法或甲醛?醋酸乙酯沉淀法，油镜下检查。隐孢子虫卵囊在饱和蔗糖溶液中往往呈玫瑰红色。",
"sx_all":"1",
"sx_wrong":"0"
},
{
"sx_id":"1583",
"sx_type":"9",
"sx_title":"多种动物共患寄生虫病",
"sx_subject":"隐孢子虫随宿主粪便排出体外的虫体发育阶段是（2013真题上150）",
"sx_answera":"孢子囊  ",
"sx_answerb":"组织包囊 ",
"sx_answerc":"伪孢子化卵囊 ",
"sx_answerd":"孢子化卵囊  ",
"sx_answere":"配子体",
"sx_answer":"D",
"sx_analyze":"隐孢子虫的发育过程：卵囊被宿主摄入后，子孢子经脱囊后钻入肠上皮细胞质内寄生。进行裂殖生殖后的裂殖子分化为小配子体或大配子体，大小配子结合形成合子，合子进一步发育为卵囊，并在原位孢子化形成有4个子孢子的孢子化卵囊。孢子化卵囊有两种类型，薄壁卵囊在体内破裂释放子孢子，导致宿主自身感染；厚壁卵囊随粪便排出体外成为其他动物和人的感染来源。",
"sx_all":"1",
"sx_wrong":"0"
},
{
"sx_id":"1584",
"sx_type":"9",
"sx_title":"猪",
"sx_subject":"池塘边自由采食水葫芦、菱角的散养猪中，部分猪发病，主要表现为腹胀、腹痛、下痢、消瘦、贫血。&nbsp;\n<br>最有可能感染的寄生虫是（2009真题上198）&nbsp;\n<br>&nbsp;\n<br>\n<br>",
"sx_answera":"华枝睾吸虫",
"sx_answerb":"日本血吸虫",
"sx_answerc":"卫氏并殖吸虫",
"sx_answerd":"布氏姜片吸虫",
"sx_answere":"程氏东毕吸虫",
"sx_answer":"D",
"sx_analyze":"姜片吸虫的发育过程：虫卵随宿主粪便排出后，在水中孵出毛蚴，毛蚴遇到合适的中间宿主??扁卷螺后，即侵入其体内，经胞蚴、母雷蚴、子雷蚴及尾蚴等发育阶段。尾蚴离开螺体，进入水中，附着在水生植物上形成囊蚴，猪采食含囊蚴的水生植物而感染，虫体在猪的十二指肠逐渐发育为成虫。\n<br>症状与病理变化:多侵害仔猪，可造成小肠机械性损伤，可发生炎症、出血、水肿、坏死、脱落以致溃疡。大量寄生时，猪常出现腹痛，下痢，呕吐，消化功能紊乱。后期贫血、水肿、精神萎靡，严重时阻塞肠道，引起肠破裂或肠套叠而死亡。\n<br>确诊时应采集新鲜粪便用水洗沉淀法检查虫卵，如发现虫卵或剖检时找到虫体即可确诊。因姜片吸虫虫卵较大，颜色较黄，易于识别。\n<br>治疗药物有吡喹酮，硫双二氯酚，敌百虫。\n<br>",
"sx_all":"1",
"sx_wrong":"0"
},
{
"sx_id":"1585",
"sx_type":"9",
"sx_title":"猪",
"sx_subject":"池塘边自由采食水葫芦、菱角的散养猪中，部分猪发病，主要表现为腹胀、腹痛、下痢、消瘦、贫血。\n<br>如做病原诊断，最有效的检查方法是（2009真题上199）&nbsp;\n<br>&nbsp;\n<br>&nbsp;\n<br>",
"sx_answera":"血液涂片检查  ",
"sx_answerb":"粪便直接涂片法",
"sx_answerc":"粪便毛蚴孵化法 ",
"sx_answerd":"粪便水洗沉淀法",
"sx_answere":"粪便饱和盐水漂浮法 ",
"sx_answer":"D",
"sx_analyze":"姜片吸虫的发育过程：虫卵随宿主粪便排出后，在水中孵出毛蚴，毛蚴遇到合适的中间宿主??扁卷螺后，即侵入其体内，经胞蚴、母雷蚴、子雷蚴及尾蚴等发育阶段。尾蚴离开螺体，进入水中，附着在水生植物上形成囊蚴，猪采食含囊蚴的水生植物而感染，虫体在猪的十二指肠逐渐发育为成虫。\n<br>症状与病理变化:多侵害仔猪，可造成小肠机械性损伤，可发生炎症、出血、水肿、坏死、脱落以致溃疡。大量寄生时，猪常出现腹痛，下痢，呕吐，消化功能紊乱。后期贫血、水肿、精神萎靡，严重时阻塞肠道，引起肠破裂或肠套叠而死亡。\n<br>确诊时应采集新鲜粪便用水洗沉淀法检查虫卵，如发现虫卵或剖检时找到虫体即可确诊。因姜片吸虫虫卵较大，颜色较黄，易于识别。\n<br>治疗药物有吡喹酮，硫双二氯酚，敌百虫。\n<br>",
"sx_all":"1",
"sx_wrong":"0"
},
{
"sx_id":"1586",
"sx_type":"9",
"sx_title":"猪",
"sx_subject":"池塘边自由采食水葫芦、菱角的散养猪中，部分猪发病，主要表现为腹胀、腹痛、下痢、消瘦、贫血。&nbsp;\n<br>如对病猪进行治疗，可选择的药物是（2009真题上200）&nbsp;&nbsp;\n<br>",
"sx_answera":"四环素 ",
"sx_answerb":"土霉素 ",
"sx_answerc":"吡喹酮",
"sx_answerd":"伊维菌素",
"sx_answere":"左旋咪唑",
"sx_answer":"C",
"sx_analyze":"姜片吸虫的发育过程：虫卵随宿主粪便排出后，在水中孵出毛蚴，毛蚴遇到合适的中间宿主??扁卷螺后，即侵入其体内，经胞蚴、母雷蚴、子雷蚴及尾蚴等发育阶段。尾蚴离开螺体，进入水中，附着在水生植物上形成囊蚴，猪采食含囊蚴的水生植物而感染，虫体在猪的十二指肠逐渐发育为成虫。\n<br>症状与病理变化:多侵害仔猪，可造成小肠机械性损伤，可发生炎症、出血、水肿、坏死、脱落以致溃疡。大量寄生时，猪常出现腹痛，下痢，呕吐，消化功能紊乱。后期贫血、水肿、精神萎靡，严重时阻塞肠道，引起肠破裂或肠套叠而死亡。\n<br>确诊时应采集新鲜粪便用水洗沉淀法检查虫卵，如发现虫卵或剖检时找到虫体即可确诊。因姜片吸虫虫卵较大，颜色较黄，易于识别。\n<br>治疗药物有吡喹酮，硫双二氯酚，敌百虫。\n<br>",
"sx_all":"1",
"sx_wrong":"0"
},
{
"sx_id":"1587",
"sx_type":"9",
"sx_title":"牛、羊",
"sx_subject":"夏季，某绵羊群放牧后出现食欲减退、体温升高、可视粘膜苍白等症状。剖检见肝脏肿大、出血、在肝胆管中发现扁平叶状虫体。该病可能是（2012真题上194）&nbsp;&nbsp;&nbsp;",
"sx_answera":"绵羊球虫病 ",
"sx_answerb":"棘球蚴病 ",
"sx_answerc":"莫尼茨绦虫病",
"sx_answerd":"片形吸虫病 ",
"sx_answere":"血矛线虫病",
"sx_answer":"D",
"sx_analyze":"肝片形吸虫呈扁平片状，大片形吸虫呈长叶片状。感染患畜表现为贫血和低蛋白血症，肝区压痛明显，眼睑、颌下和胸腹下部水肿，腹水，严重者几天内死亡。\n<br>致病作用和病变：幼虫从囊蚴包囊中出来后向肝胆管移行过程中，可机械性地损伤和破坏宿主肠壁、肝包膜、肝实质和微血管，导致急性肝炎、腹腔炎和内出血，此时肝脏肿大、出血；虫体进入胆管后，可引起慢性胆管炎、肝硬化和贫血。\n<br>",
"sx_all":"1",
"sx_wrong":"0"
},
{
"sx_id":"1588",
"sx_type":"9",
"sx_title":"禽",
"sx_subject":"春季，某群幼鹅出现死亡，死前排白色稀粪，食欲废绝，运动失调，不能站立。剖检可见黏膜卡他性炎症和出血，肠腔内见数条长约10cm，形似矛头的乳白色虫体。该寄生虫可能是（2013真题下144）",
"sx_answera":"四棱线虫病   ",
"sx_answerb":"裂口线虫病 ",
"sx_answerc":"剑带绦虫病  ",
"sx_answerd":"莫尼茨绦虫病",
"sx_answere":"裸头绦虫病",
"sx_answer":"C",
"sx_analyze":"鹅绦虫病主要由矛形剑带绦虫寄生于鹅小肠内引起，其虫体呈乳白色，前窄后宽形似矛头。\n<br>症状：出现消化机能障碍，排白色稀粪，往往混有白色节片。常离群独居。有时出现神经症状，运动失调，走路摇晃，两腿无力，向后面坐倒或突然向一侧跌倒，不能站立。夜间病鹅伸颈，张口，如钟摆样摇头，然后仰卧，做划水动作。\n<br>剖检：十二指肠和空肠内发现大量绦虫，严重者甚至堵塞肠道。肠道黏膜见卡他性炎症和出血。",
"sx_all":"1",
"sx_wrong":"0"
},
{
"sx_id":"1589",
"sx_type":"9",
"sx_title":"兔",
"sx_subject":"寄生于兔肝脏的艾美耳球虫是（2010真题上157）",
"sx_answera":"兔艾美耳球虫",
"sx_answerb":"斯氏艾美耳球虫",
"sx_answerc":"松林艾美耳球虫 ",
"sx_answerd":"穿孔艾美耳球虫",
"sx_answere":"大型艾美耳球虫",
"sx_answer":"B",
"sx_analyze":"兔球虫病的主要致病种类及部位\n<br>斯氏艾美耳球虫?肝胆管\n<br>大型艾美耳球虫?空肠、回肠\n<br>肠艾美耳球虫?小肠\n<br>黄艾美耳球虫?空、回、盲结肠\n<br>松林艾美耳球虫?回肠\n<br>中型艾美耳球虫?空肠、十二指肠\n<br>无残艾美耳球虫?小肠中部",
"sx_all":"1",
"sx_wrong":"0"
},
{
"sx_id":"1590",
"sx_type":"9",
"sx_title":"兔",
"sx_subject":"斯氏艾美耳球虫寄生于兔的（2012真题上158）&nbsp;",
"sx_answera":"胃",
"sx_answerb":"小肠 ",
"sx_answerc":"大肠 ",
"sx_answerd":"肾脏 ",
"sx_answere":"肝脏",
"sx_answer":"E",
"sx_analyze":"兔球虫病的主要致病种类及部位\n<br>斯氏艾美耳球虫?肝胆管\n<br>大型艾美耳球虫?空肠、回肠\n<br>肠艾美耳球虫?小肠\n<br>黄艾美耳球虫?空、回、盲结肠\n<br>松林艾美耳球虫?回肠\n<br>中型艾美耳球虫?空肠、十二指肠\n<br>无残艾美耳球虫?小肠中部",
"sx_all":"1",
"sx_wrong":"0"
}
]
}